mode: set
codenerd/internal/core/action_validator.go:85.48,90.2 1 1
codenerd/internal/core/action_validator.go:94.57,95.14 1 1
codenerd/internal/core/action_validator.go:95.14,97.3 1 1
codenerd/internal/core/action_validator.go:98.2,104.45 4 1
codenerd/internal/core/action_validator.go:104.45,105.64 1 1
codenerd/internal/core/action_validator.go:105.64,107.4 1 1
codenerd/internal/core/action_validator.go:111.2,111.51 1 1
codenerd/internal/core/action_validator.go:116.91,118.44 2 1
codenerd/internal/core/action_validator.go:118.44,121.3 2 1
codenerd/internal/core/action_validator.go:122.2,129.44 4 1
codenerd/internal/core/action_validator.go:129.44,131.3 1 1
codenerd/internal/core/action_validator.go:133.2,134.33 2 1
codenerd/internal/core/action_validator.go:134.33,135.32 1 1
codenerd/internal/core/action_validator.go:135.32,137.4 1 1
codenerd/internal/core/action_validator.go:140.2,141.19 2 1
codenerd/internal/core/action_validator.go:146.118,148.26 2 1
codenerd/internal/core/action_validator.go:148.26,159.3 1 1
codenerd/internal/core/action_validator.go:161.2,162.31 2 1
codenerd/internal/core/action_validator.go:162.31,163.10 1 1
codenerd/internal/core/action_validator.go:164.21,173.18 2 1
codenerd/internal/core/action_validator.go:174.11,174.11 0 1
codenerd/internal/core/action_validator.go:177.3,186.24 7 1
codenerd/internal/core/action_validator.go:186.24,188.4 1 1
codenerd/internal/core/action_validator.go:189.3,189.26 1 1
codenerd/internal/core/action_validator.go:189.26,191.4 1 1
codenerd/internal/core/action_validator.go:193.3,196.43 2 1
codenerd/internal/core/action_validator.go:196.43,197.9 1 1
codenerd/internal/core/action_validator.go:201.2,201.16 1 1
codenerd/internal/core/action_validator.go:205.51,206.28 1 1
codenerd/internal/core/action_validator.go:206.28,207.18 1 1
codenerd/internal/core/action_validator.go:207.18,209.4 1 1
codenerd/internal/core/action_validator.go:211.2,211.13 1 1
codenerd/internal/core/action_validator.go:215.65,216.28 1 1
codenerd/internal/core/action_validator.go:216.28,217.18 1 1
codenerd/internal/core/action_validator.go:217.18,219.4 1 1
codenerd/internal/core/action_validator.go:221.2,221.12 1 1
codenerd/internal/core/action_validator.go:225.70,226.23 1 1
codenerd/internal/core/action_validator.go:226.23,228.3 1 1
codenerd/internal/core/action_validator.go:229.2,230.36 2 1
codenerd/internal/core/action_validator.go:230.36,232.83 1 1
codenerd/internal/core/action_validator.go:232.83,234.4 1 1
codenerd/internal/core/action_validator.go:236.2,236.16 1 1
codenerd/internal/core/action_validator.go:264.60,265.23 1 1
codenerd/internal/core/action_validator.go:265.23,273.3 1 1
codenerd/internal/core/action_validator.go:275.2,283.28 2 1
codenerd/internal/core/action_validator.go:283.28,284.18 1 1
codenerd/internal/core/action_validator.go:284.18,287.28 3 1
codenerd/internal/core/action_validator.go:287.28,289.5 1 1
codenerd/internal/core/action_validator.go:291.3,291.43 1 1
codenerd/internal/core/action_validator.go:291.43,293.4 1 1
codenerd/internal/core/action_validator.go:294.3,294.42 1 1
codenerd/internal/core/action_validator.go:294.42,296.4 1 1
codenerd/internal/core/action_validator.go:299.2,299.12 1 1
codenerd/internal/core/action_validator.go:303.46,307.57 3 1
codenerd/internal/core/action_validator.go:307.57,309.3 1 1
codenerd/internal/core/action_validator.go:310.2,310.22 1 1
codenerd/internal/core/action_validator.go:310.22,312.3 1 1
codenerd/internal/core/action_validator.go:312.8,312.29 1 1
codenerd/internal/core/action_validator.go:312.29,314.3 1 1
codenerd/internal/core/action_validator.go:316.2,317.30 2 1
codenerd/internal/core/action_validator.go:317.30,319.3 1 0
codenerd/internal/core/action_validator.go:321.2,322.26 2 1
codenerd/internal/core/action_validator.go:322.26,324.3 1 0
codenerd/internal/core/action_validator.go:326.2,326.17 1 1
codenerd/internal/core/action_validator.go:326.17,338.3 1 1
codenerd/internal/core/action_validator.go:338.8,341.24 2 1
codenerd/internal/core/action_validator.go:341.24,343.33 1 1
codenerd/internal/core/action_validator.go:343.33,345.5 1 1
codenerd/internal/core/action_validator.go:347.3,347.29 1 1
codenerd/internal/core/action_validator.go:347.29,349.4 1 1
codenerd/internal/core/action_validator.go:350.3,359.5 1 1
codenerd/internal/core/action_validator.go:363.2,371.14 2 1
codenerd/internal/core/api_scheduler.go:49.37,50.11 1 1
codenerd/internal/core/api_scheduler.go:51.25,52.24 1 1
codenerd/internal/core/api_scheduler.go:53.27,54.28 1 1
codenerd/internal/core/api_scheduler.go:55.25,56.25 1 1
codenerd/internal/core/api_scheduler.go:57.29,58.29 1 1
codenerd/internal/core/api_scheduler.go:59.22,60.21 1 1
codenerd/internal/core/api_scheduler.go:61.19,62.18 1 1
codenerd/internal/core/api_scheduler.go:63.10,64.39 1 1
codenerd/internal/core/api_scheduler.go:93.53,99.2 1 1
codenerd/internal/core/api_scheduler.go:129.63,137.2 1 1
codenerd/internal/core/api_scheduler.go:140.86,155.2 6 1
codenerd/internal/core/api_scheduler.go:158.56,162.45 3 1
codenerd/internal/core/api_scheduler.go:162.45,167.3 3 1
codenerd/internal/core/api_scheduler.go:173.82,176.9 3 1
codenerd/internal/core/api_scheduler.go:176.9,179.3 2 1
codenerd/internal/core/api_scheduler.go:180.2,190.64 4 1
codenerd/internal/core/api_scheduler.go:190.64,191.49 1 1
codenerd/internal/core/api_scheduler.go:191.49,193.4 1 1
codenerd/internal/core/api_scheduler.go:197.2,211.51 7 1
codenerd/internal/core/api_scheduler.go:211.51,214.3 1 1
codenerd/internal/core/api_scheduler.go:216.2,218.57 3 1
codenerd/internal/core/api_scheduler.go:218.57,219.76 1 1
codenerd/internal/core/api_scheduler.go:219.76,221.4 1 1
codenerd/internal/core/api_scheduler.go:223.2,223.23 1 1
codenerd/internal/core/api_scheduler.go:223.23,225.3 1 1
codenerd/internal/core/api_scheduler.go:228.2,228.9 1 1
codenerd/internal/core/api_scheduler.go:229.29,239.33 6 1
codenerd/internal/core/api_scheduler.go:239.33,240.28 1 1
codenerd/internal/core/api_scheduler.go:240.28,242.10 2 1
codenerd/internal/core/api_scheduler.go:245.3,250.42 4 1
codenerd/internal/core/api_scheduler.go:250.42,252.4 1 0
codenerd/internal/core/api_scheduler.go:253.3,253.13 1 1
codenerd/internal/core/api_scheduler.go:255.24,261.33 4 1
codenerd/internal/core/api_scheduler.go:261.33,262.28 1 1
codenerd/internal/core/api_scheduler.go:262.28,264.10 2 1
codenerd/internal/core/api_scheduler.go:267.3,271.23 3 1
codenerd/internal/core/api_scheduler.go:273.18,276.33 2 1
codenerd/internal/core/api_scheduler.go:276.33,277.28 1 1
codenerd/internal/core/api_scheduler.go:277.28,279.10 2 1
codenerd/internal/core/api_scheduler.go:282.3,283.41 2 1
codenerd/internal/core/api_scheduler.go:289.55,291.9 1 1
codenerd/internal/core/api_scheduler.go:292.17,292.17 0 1
codenerd/internal/core/api_scheduler.go:294.10,297.9 2 1
codenerd/internal/core/api_scheduler.go:300.2,304.45 4 1
codenerd/internal/core/api_scheduler.go:304.45,307.3 2 1
codenerd/internal/core/api_scheduler.go:308.2,310.123 2 1
codenerd/internal/core/api_scheduler.go:314.86,318.45 3 1
codenerd/internal/core/api_scheduler.go:318.45,320.3 1 1
codenerd/internal/core/api_scheduler.go:324.87,328.45 3 1
codenerd/internal/core/api_scheduler.go:328.45,331.3 2 1
codenerd/internal/core/api_scheduler.go:332.2,332.19 1 0
codenerd/internal/core/api_scheduler.go:337.83,342.9 4 1
codenerd/internal/core/api_scheduler.go:342.9,344.3 1 1
codenerd/internal/core/api_scheduler.go:346.2,349.37 3 1
codenerd/internal/core/api_scheduler.go:349.37,351.3 1 1
codenerd/internal/core/api_scheduler.go:352.2,352.25 1 1
codenerd/internal/core/api_scheduler.go:356.57,363.38 5 1
codenerd/internal/core/api_scheduler.go:363.38,365.3 1 1
codenerd/internal/core/api_scheduler.go:366.2,377.3 2 1
codenerd/internal/core/api_scheduler.go:393.46,395.25 2 1
codenerd/internal/core/api_scheduler.go:395.25,397.3 1 1
codenerd/internal/core/api_scheduler.go:398.2,399.93 1 1
codenerd/internal/core/api_scheduler.go:403.31,405.2 1 1
codenerd/internal/core/api_scheduler.go:421.58,425.28 3 1
codenerd/internal/core/api_scheduler.go:425.28,429.3 2 1
codenerd/internal/core/api_scheduler.go:432.2,432.36 1 0
codenerd/internal/core/api_scheduler.go:432.36,434.3 1 0
codenerd/internal/core/api_scheduler.go:435.2,435.33 1 0
codenerd/internal/core/api_scheduler.go:435.33,437.3 1 0
codenerd/internal/core/api_scheduler.go:439.2,440.93 2 0
codenerd/internal/core/api_scheduler.go:444.38,445.32 1 1
codenerd/internal/core/api_scheduler.go:445.32,452.3 5 1
codenerd/internal/core/api_scheduler.go:453.2,453.24 1 1
codenerd/internal/core/cortex_kernel.go:58.57,65.2 1 1
codenerd/internal/core/cortex_kernel.go:69.64,74.43 4 1
codenerd/internal/core/cortex_kernel.go:74.43,76.3 1 1
codenerd/internal/core/cortex_kernel.go:78.2,81.42 2 1
codenerd/internal/core/cortex_kernel.go:81.42,82.67 1 1
codenerd/internal/core/cortex_kernel.go:82.67,86.4 1 0
codenerd/internal/core/cortex_kernel.go:87.3,87.34 1 1
codenerd/internal/core/cortex_kernel.go:90.2,92.12 2 1
codenerd/internal/core/cortex_kernel.go:96.69,101.2 4 1
codenerd/internal/core/cortex_kernel.go:106.59,109.63 3 1
codenerd/internal/core/cortex_kernel.go:109.63,111.3 1 1
codenerd/internal/core/cortex_kernel.go:113.2,113.33 1 1
codenerd/internal/core/cortex_kernel.go:113.33,114.42 1 1
codenerd/internal/core/cortex_kernel.go:114.42,116.4 1 1
codenerd/internal/core/cortex_kernel.go:118.2,118.12 1 1
codenerd/internal/core/cortex_kernel.go:123.52,125.2 1 1
codenerd/internal/core/cortex_kernel.go:129.68,132.51 2 1
codenerd/internal/core/cortex_kernel.go:132.51,134.3 1 0
codenerd/internal/core/cortex_kernel.go:136.2,139.50 3 1
codenerd/internal/core/cortex_kernel.go:139.50,140.40 1 1
codenerd/internal/core/cortex_kernel.go:140.40,143.4 2 1
codenerd/internal/core/cortex_kernel.go:147.2,149.47 2 0
codenerd/internal/core/cortex_kernel.go:149.47,151.3 1 0
codenerd/internal/core/cortex_kernel.go:154.2,154.33 1 0
codenerd/internal/core/cortex_kernel.go:154.33,156.3 1 0
codenerd/internal/core/cortex_kernel.go:157.2,157.12 1 0
codenerd/internal/core/cortex_kernel.go:165.54,167.18 2 1
codenerd/internal/core/cortex_kernel.go:167.18,169.3 1 0
codenerd/internal/core/cortex_kernel.go:170.2,170.43 1 1
codenerd/internal/core/cortex_kernel.go:170.43,172.3 1 0
codenerd/internal/core/cortex_kernel.go:174.2,174.23 1 1
codenerd/internal/core/cortex_kernel.go:174.23,176.3 1 1
codenerd/internal/core/cortex_kernel.go:177.2,177.12 1 1
codenerd/internal/core/cortex_kernel.go:181.62,184.29 2 1
codenerd/internal/core/cortex_kernel.go:184.29,186.19 2 1
codenerd/internal/core/cortex_kernel.go:186.19,188.4 1 0
codenerd/internal/core/cortex_kernel.go:189.3,189.66 1 1
codenerd/internal/core/cortex_kernel.go:193.2,194.37 2 1
codenerd/internal/core/cortex_kernel.go:194.37,196.19 2 1
codenerd/internal/core/cortex_kernel.go:196.19,197.12 1 0
codenerd/internal/core/cortex_kernel.go:199.3,199.50 1 1
codenerd/internal/core/cortex_kernel.go:199.50,201.4 1 0
codenerd/internal/core/cortex_kernel.go:202.3,202.27 1 1
codenerd/internal/core/cortex_kernel.go:202.27,204.4 1 1
codenerd/internal/core/cortex_kernel.go:207.2,207.23 1 1
codenerd/internal/core/cortex_kernel.go:207.23,208.41 1 1
codenerd/internal/core/cortex_kernel.go:208.41,210.4 1 1
codenerd/internal/core/cortex_kernel.go:212.2,212.12 1 1
codenerd/internal/core/cortex_kernel.go:216.56,218.18 2 1
codenerd/internal/core/cortex_kernel.go:218.18,220.3 1 0
codenerd/internal/core/cortex_kernel.go:221.2,221.33 1 1
codenerd/internal/core/cortex_kernel.go:225.59,227.18 2 1
codenerd/internal/core/cortex_kernel.go:227.18,229.3 1 0
codenerd/internal/core/cortex_kernel.go:230.2,230.32 1 1
codenerd/internal/core/cortex_kernel.go:234.73,237.29 2 1
codenerd/internal/core/cortex_kernel.go:237.29,239.19 2 1
codenerd/internal/core/cortex_kernel.go:239.19,240.12 1 0
codenerd/internal/core/cortex_kernel.go:242.3,242.66 1 1
codenerd/internal/core/cortex_kernel.go:245.2,245.37 1 1
codenerd/internal/core/cortex_kernel.go:245.37,247.19 2 1
codenerd/internal/core/cortex_kernel.go:247.19,248.12 1 0
codenerd/internal/core/cortex_kernel.go:250.3,250.68 1 1
codenerd/internal/core/cortex_kernel.go:250.68,252.4 1 0
codenerd/internal/core/cortex_kernel.go:254.2,254.12 1 1
codenerd/internal/core/cortex_kernel.go:258.88,261.31 2 1
codenerd/internal/core/cortex_kernel.go:261.31,263.19 2 1
codenerd/internal/core/cortex_kernel.go:263.19,264.12 1 0
codenerd/internal/core/cortex_kernel.go:266.3,267.32 2 1
codenerd/internal/core/cortex_kernel.go:267.32,269.4 1 1
codenerd/internal/core/cortex_kernel.go:270.3,270.40 1 1
codenerd/internal/core/cortex_kernel.go:273.2,273.40 1 1
codenerd/internal/core/cortex_kernel.go:273.40,275.19 2 1
codenerd/internal/core/cortex_kernel.go:275.19,276.12 1 0
codenerd/internal/core/cortex_kernel.go:278.3,278.71 1 1
codenerd/internal/core/cortex_kernel.go:278.71,280.4 1 0
codenerd/internal/core/cortex_kernel.go:282.2,282.12 1 1
codenerd/internal/core/cortex_kernel.go:286.70,288.18 2 1
codenerd/internal/core/cortex_kernel.go:288.18,290.3 1 0
codenerd/internal/core/cortex_kernel.go:291.2,291.31 1 1
codenerd/internal/core/cortex_kernel.go:295.68,300.38 4 1
codenerd/internal/core/cortex_kernel.go:300.38,302.17 2 1
codenerd/internal/core/cortex_kernel.go:302.17,304.4 1 0
codenerd/internal/core/cortex_kernel.go:305.3,305.36 1 1
codenerd/internal/core/cortex_kernel.go:305.36,307.4 1 1
codenerd/internal/core/cortex_kernel.go:309.2,309.20 1 1
codenerd/internal/core/cortex_kernel.go:313.60,316.29 2 1
codenerd/internal/core/cortex_kernel.go:316.29,318.19 2 1
codenerd/internal/core/cortex_kernel.go:318.19,320.4 1 0
codenerd/internal/core/cortex_kernel.go:321.3,321.66 1 1
codenerd/internal/core/cortex_kernel.go:324.2,324.37 1 1
codenerd/internal/core/cortex_kernel.go:324.37,326.19 2 1
codenerd/internal/core/cortex_kernel.go:326.19,327.12 1 0
codenerd/internal/core/cortex_kernel.go:329.3,329.48 1 1
codenerd/internal/core/cortex_kernel.go:329.48,331.4 1 0
codenerd/internal/core/cortex_kernel.go:333.2,333.12 1 1
codenerd/internal/core/cortex_kernel.go:337.50,341.38 3 1
codenerd/internal/core/cortex_kernel.go:341.38,342.58 1 1
codenerd/internal/core/cortex_kernel.go:342.58,344.4 1 0
codenerd/internal/core/cortex_kernel.go:346.2,346.12 1 1
codenerd/internal/core/cortex_kernel.go:351.63,355.47 3 1
codenerd/internal/core/cortex_kernel.go:355.47,357.3 1 1
codenerd/internal/core/cortex_kernel.go:358.2,358.12 1 1
codenerd/internal/core/cortex_kernel.go:362.32,366.33 3 1
codenerd/internal/core/cortex_kernel.go:366.33,368.3 1 1
codenerd/internal/core/cortex_kernel.go:369.2,369.45 1 1
codenerd/internal/core/cortex_kernel.go:373.52,377.47 3 1
codenerd/internal/core/cortex_kernel.go:377.47,379.3 1 1
codenerd/internal/core/cortex_kernel.go:410.62,416.2 1 1
codenerd/internal/core/cortex_kernel.go:419.53,421.2 1 1
codenerd/internal/core/cortex_kernel.go:424.55,426.2 1 1
codenerd/internal/core/cortex_kernel.go:429.58,431.2 1 1
codenerd/internal/core/cortex_kernel.go:434.63,436.2 1 1
codenerd/internal/core/cortex_kernel.go:439.81,441.2 1 1
codenerd/internal/core/cortex_kernel.go:446.44,456.40 4 1
codenerd/internal/core/cortex_kernel.go:456.40,458.19 2 1
codenerd/internal/core/cortex_kernel.go:458.19,460.4 1 0
codenerd/internal/core/cortex_kernel.go:461.3,462.30 2 1
codenerd/internal/core/cortex_kernel.go:462.30,464.4 1 1
codenerd/internal/core/cortex_kernel.go:465.3,465.26 1 1
codenerd/internal/core/cortex_kernel.go:468.2,468.31 1 1
codenerd/internal/core/cortex_kernel.go:468.31,469.33 1 1
codenerd/internal/core/cortex_kernel.go:469.33,472.32 2 1
codenerd/internal/core/cortex_kernel.go:472.32,474.21 2 1
codenerd/internal/core/cortex_kernel.go:474.21,476.6 1 1
codenerd/internal/core/cortex_kernel.go:478.4,478.38 1 1
codenerd/internal/core/cortex_kernel.go:478.38,479.32 1 1
codenerd/internal/core/cortex_kernel.go:479.32,481.6 1 1
codenerd/internal/core/cortex_kernel.go:482.5,482.69 1 1
codenerd/internal/core/cortex_kernel.go:484.9,486.18 2 1
codenerd/internal/core/cortex_kernel.go:486.18,488.5 1 1
codenerd/internal/core/cortex_kernel.go:491.2,491.30 1 1
codenerd/internal/core/cortex_kernel.go:491.30,493.17 2 1
codenerd/internal/core/cortex_kernel.go:493.17,495.4 1 1
codenerd/internal/core/cortex_kernel.go:499.2,499.36 1 1
codenerd/internal/core/cortex_kernel.go:499.36,501.10 2 1
codenerd/internal/core/cortex_kernel.go:501.10,502.12 1 0
codenerd/internal/core/cortex_kernel.go:505.3,506.34 2 1
codenerd/internal/core/cortex_kernel.go:506.34,507.20 1 1
codenerd/internal/core/cortex_kernel.go:508.20,509.28 1 1
codenerd/internal/core/cortex_kernel.go:510.25,511.27 1 1
codenerd/internal/core/cortex_kernel.go:512.22,513.32 1 1
codenerd/internal/core/cortex_kernel.go:514.24,517.33 2 1
codenerd/internal/core/cortex_kernel.go:517.33,519.42 2 1
codenerd/internal/core/cortex_kernel.go:519.42,521.7 1 1
codenerd/internal/core/cortex_kernel.go:523.5,523.24 1 1
codenerd/internal/core/cortex_kernel.go:523.24,525.6 1 1
codenerd/internal/core/cortex_kernel.go:528.3,528.33 1 1
codenerd/internal/core/cortex_kernel.go:528.33,530.4 1 1
codenerd/internal/core/cortex_kernel.go:531.3,531.37 1 1
codenerd/internal/core/cortex_kernel.go:531.37,534.4 2 1
codenerd/internal/core/cortex_kernel.go:537.2,540.12 3 1
codenerd/internal/core/cortex_kernel.go:548.52,553.33 4 1
codenerd/internal/core/cortex_kernel.go:553.33,555.3 1 1
codenerd/internal/core/cortex_kernel.go:556.2,556.16 1 1
codenerd/internal/core/cortex_kernel.go:560.37,566.28 5 1
codenerd/internal/core/cortex_kernel.go:566.28,573.3 4 1
codenerd/internal/core/cortex_kernel.go:575.2,581.78 5 1
codenerd/internal/core/cortex_kernel.go:585.45,590.33 4 1
codenerd/internal/core/cortex_kernel.go:590.33,592.3 1 0
codenerd/internal/core/cortex_kernel.go:593.2,593.14 1 1
codenerd/internal/core/cortex_kernel.go:598.61,603.33 4 1
codenerd/internal/core/cortex_kernel.go:603.33,605.49 2 1
codenerd/internal/core/cortex_kernel.go:605.49,607.4 1 0
codenerd/internal/core/cortex_kernel.go:608.3,608.33 1 1
codenerd/internal/core/cortex_kernel.go:610.2,610.23 1 1
codenerd/internal/core/cortex_kernel.go:618.41,621.2 2 1
codenerd/internal/core/cortex_kernel.go:624.61,626.16 2 1
codenerd/internal/core/cortex_kernel.go:626.16,628.3 1 0
codenerd/internal/core/cortex_kernel.go:630.2,631.16 2 1
codenerd/internal/core/cortex_kernel.go:631.16,633.3 1 0
codenerd/internal/core/cortex_kernel.go:636.2,637.32 2 1
codenerd/internal/core/cortex_kernel.go:637.32,642.3 1 1
codenerd/internal/core/cortex_kernel.go:644.2,644.31 1 1
codenerd/internal/core/cortex_kernel.go:648.60,653.33 4 1
codenerd/internal/core/cortex_kernel.go:653.33,656.3 2 1
codenerd/internal/core/cortex_kernel.go:657.2,657.19 1 1
codenerd/internal/core/dream_learning.go:100.58,107.2 2 1
codenerd/internal/core/dream_learning.go:111.124,124.45 9 1
codenerd/internal/core/dream_learning.go:124.45,125.32 1 1
codenerd/internal/core/dream_learning.go:125.32,126.12 1 1
codenerd/internal/core/dream_learning.go:130.3,135.72 4 1
codenerd/internal/core/dream_learning.go:135.72,137.21 2 1
codenerd/internal/core/dream_learning.go:137.21,142.5 4 1
codenerd/internal/core/dream_learning.go:142.10,145.5 2 0
codenerd/internal/core/dream_learning.go:149.2,150.18 2 1
codenerd/internal/core/dream_learning.go:154.131,158.47 3 1
codenerd/internal/core/dream_learning.go:158.47,160.33 2 1
codenerd/internal/core/dream_learning.go:160.33,161.22 1 1
codenerd/internal/core/dream_learning.go:161.22,163.49 2 1
codenerd/internal/core/dream_learning.go:163.49,178.6 1 1
codenerd/internal/core/dream_learning.go:183.2,183.18 1 1
codenerd/internal/core/dream_learning.go:187.130,191.47 3 1
codenerd/internal/core/dream_learning.go:191.47,193.33 2 1
codenerd/internal/core/dream_learning.go:193.33,195.47 2 1
codenerd/internal/core/dream_learning.go:195.47,213.5 2 1
codenerd/internal/core/dream_learning.go:217.2,217.18 1 1
codenerd/internal/core/dream_learning.go:221.133,225.47 3 1
codenerd/internal/core/dream_learning.go:225.47,227.33 2 1
codenerd/internal/core/dream_learning.go:227.33,229.47 2 1
codenerd/internal/core/dream_learning.go:229.47,247.5 2 1
codenerd/internal/core/dream_learning.go:251.2,251.18 1 1
codenerd/internal/core/dream_learning.go:256.66,258.21 1 1
codenerd/internal/core/dream_learning.go:258.21,260.3 1 1
codenerd/internal/core/dream_learning.go:263.2,264.33 2 1
codenerd/internal/core/dream_learning.go:264.33,266.3 1 1
codenerd/internal/core/dream_learning.go:269.2,278.40 3 1
codenerd/internal/core/dream_learning.go:278.40,279.57 1 1
codenerd/internal/core/dream_learning.go:279.57,281.4 1 1
codenerd/internal/core/dream_learning.go:285.2,285.88 1 1
codenerd/internal/core/dream_learning.go:285.88,287.3 1 1
codenerd/internal/core/dream_learning.go:289.2,289.13 1 1
codenerd/internal/core/dream_learning.go:294.71,298.107 2 1
codenerd/internal/core/dream_learning.go:298.107,300.3 1 1
codenerd/internal/core/dream_learning.go:303.2,305.36 3 1
codenerd/internal/core/dream_learning.go:305.36,306.36 1 1
codenerd/internal/core/dream_learning.go:306.36,308.4 1 1
codenerd/internal/core/dream_learning.go:312.2,312.55 1 1
codenerd/internal/core/dream_learning.go:312.55,314.3 1 1
codenerd/internal/core/dream_learning.go:317.2,318.36 2 1
codenerd/internal/core/dream_learning.go:318.36,319.36 1 1
codenerd/internal/core/dream_learning.go:319.36,321.4 1 1
codenerd/internal/core/dream_learning.go:325.2,325.17 1 1
codenerd/internal/core/dream_learning.go:325.17,327.3 1 1
codenerd/internal/core/dream_learning.go:328.2,328.17 1 1
codenerd/internal/core/dream_learning.go:328.17,330.3 1 1
codenerd/internal/core/dream_learning.go:332.2,332.14 1 1
codenerd/internal/core/dream_learning.go:337.89,346.40 6 1
codenerd/internal/core/dream_learning.go:346.40,348.3 1 1
codenerd/internal/core/dream_learning.go:350.2,350.29 1 1
codenerd/internal/core/dream_learning.go:350.29,351.19 1 1
codenerd/internal/core/dream_learning.go:351.19,355.26 4 1
codenerd/internal/core/dream_learning.go:355.26,357.5 1 1
codenerd/internal/core/dream_learning.go:358.4,365.106 5 1
codenerd/internal/core/dream_learning.go:370.2,370.30 1 1
codenerd/internal/core/dream_learning.go:370.30,372.3 1 1
codenerd/internal/core/dream_learning.go:374.2,375.18 2 1
codenerd/internal/core/dream_learning.go:380.116,389.31 4 1
codenerd/internal/core/dream_learning.go:389.31,390.31 1 1
codenerd/internal/core/dream_learning.go:390.31,392.5 1 1
codenerd/internal/core/dream_learning.go:393.4,393.13 1 0
codenerd/internal/core/dream_learning.go:406.2,411.17 5 1
codenerd/internal/core/dream_learning.go:415.73,420.29 4 1
codenerd/internal/core/dream_learning.go:420.29,422.3 1 1
codenerd/internal/core/dream_learning.go:423.2,423.16 1 1
codenerd/internal/core/dream_learning.go:427.75,432.2 3 1
codenerd/internal/core/dream_learning.go:435.78,439.32 3 1
codenerd/internal/core/dream_learning.go:439.32,440.25 1 1
codenerd/internal/core/dream_learning.go:440.25,444.9 4 1
codenerd/internal/core/dream_learning.go:450.48,457.2 5 1
codenerd/internal/core/dream_learning.go:460.68,475.32 5 1
codenerd/internal/core/dream_learning.go:475.32,478.19 3 1
codenerd/internal/core/dream_learning.go:478.19,480.4 1 1
codenerd/internal/core/dream_learning.go:483.2,483.26 1 1
codenerd/internal/core/dream_learning.go:483.26,485.3 1 1
codenerd/internal/core/dream_learning.go:487.2,487.14 1 1
codenerd/internal/core/dream_learning.go:492.50,495.33 2 1
codenerd/internal/core/dream_learning.go:495.33,497.3 1 1
codenerd/internal/core/dream_learning.go:498.2,500.48 1 1
codenerd/internal/core/dream_learning.go:503.91,505.2 1 1
codenerd/internal/core/dream_learning.go:507.44,508.22 1 1
codenerd/internal/core/dream_learning.go:508.22,510.3 1 1
codenerd/internal/core/dream_learning.go:511.2,511.27 1 0
codenerd/internal/core/dream_learning.go:514.47,520.2 4 1
codenerd/internal/core/dream_learning.go:522.45,524.51 1 1
codenerd/internal/core/dream_learning.go:524.51,525.67 1 1
codenerd/internal/core/dream_learning.go:525.67,527.4 1 1
codenerd/internal/core/dream_learning.go:529.2,529.11 1 0
codenerd/internal/core/dream_learning.go:532.46,535.9 2 1
codenerd/internal/core/dream_learning.go:536.121,537.20 1 1
codenerd/internal/core/dream_learning.go:538.112,539.26 1 1
codenerd/internal/core/dream_learning.go:540.118,541.23 1 1
codenerd/internal/core/dream_learning.go:542.111,543.21 1 1
codenerd/internal/core/dream_learning.go:544.120,545.22 1 1
codenerd/internal/core/dream_learning.go:546.10,547.19 1 1
codenerd/internal/core/dream_learning.go:551.46,563.39 3 1
codenerd/internal/core/dream_learning.go:563.39,564.38 1 1
codenerd/internal/core/dream_learning.go:564.38,566.4 1 1
codenerd/internal/core/dream_learning.go:568.2,568.14 1 1
codenerd/internal/core/dream_learning.go:572.44,574.2 1 1
codenerd/internal/core/dream_plan.go:67.55,68.14 1 1
codenerd/internal/core/dream_plan.go:68.14,70.3 1 1
codenerd/internal/core/dream_plan.go:71.2,80.3 1 1
codenerd/internal/core/dream_plan.go:84.54,86.2 1 1
codenerd/internal/core/dream_plan.go:89.59,90.28 1 1
codenerd/internal/core/dream_plan.go:90.28,91.51 1 1
codenerd/internal/core/dream_plan.go:91.51,94.51 2 1
codenerd/internal/core/dream_plan.go:94.51,95.48 1 1
codenerd/internal/core/dream_plan.go:95.48,96.114 1 1
codenerd/internal/core/dream_plan.go:96.114,98.12 2 1
codenerd/internal/core/dream_plan.go:102.4,102.18 1 1
codenerd/internal/core/dream_plan.go:102.18,104.5 1 1
codenerd/internal/core/dream_plan.go:107.2,107.12 1 1
codenerd/internal/core/dream_plan.go:111.51,112.28 1 1
codenerd/internal/core/dream_plan.go:112.28,113.29 1 1
codenerd/internal/core/dream_plan.go:113.29,116.4 2 1
codenerd/internal/core/dream_plan.go:121.61,122.28 1 1
codenerd/internal/core/dream_plan.go:122.28,123.29 1 1
codenerd/internal/core/dream_plan.go:123.29,128.4 4 1
codenerd/internal/core/dream_plan.go:133.55,134.28 1 1
codenerd/internal/core/dream_plan.go:134.28,135.29 1 1
codenerd/internal/core/dream_plan.go:135.29,140.4 4 1
codenerd/internal/core/dream_plan.go:145.39,146.31 1 1
codenerd/internal/core/dream_plan.go:146.31,147.75 1 1
codenerd/internal/core/dream_plan.go:147.75,149.4 1 1
codenerd/internal/core/dream_plan.go:151.2,151.13 1 1
codenerd/internal/core/dream_plan.go:155.41,156.26 1 1
codenerd/internal/core/dream_plan.go:156.26,158.3 1 0
codenerd/internal/core/dream_plan.go:159.2,159.31 1 1
codenerd/internal/core/dream_plan.go:159.31,160.77 1 1
codenerd/internal/core/dream_plan.go:160.77,162.4 1 1
codenerd/internal/core/dream_plan.go:164.2,164.13 1 1
codenerd/internal/core/dream_plan.go:168.40,169.26 1 1
codenerd/internal/core/dream_plan.go:169.26,171.3 1 1
codenerd/internal/core/dream_plan.go:172.2,173.31 2 1
codenerd/internal/core/dream_plan.go:173.31,174.75 1 1
codenerd/internal/core/dream_plan.go:174.75,176.4 1 1
codenerd/internal/core/dream_plan.go:178.2,178.50 1 1
codenerd/internal/core/dream_plan_extractor.go:71.13,74.2 2 1
codenerd/internal/core/dream_plan_extractor.go:79.99,80.29 1 1
codenerd/internal/core/dream_plan_extractor.go:80.29,82.3 1 0
codenerd/internal/core/dream_plan_extractor.go:84.2,88.34 3 1
codenerd/internal/core/dream_plan_extractor.go:88.34,89.21 1 1
codenerd/internal/core/dream_plan_extractor.go:89.21,91.4 1 1
codenerd/internal/core/dream_plan_extractor.go:95.2,96.34 2 1
codenerd/internal/core/dream_plan_extractor.go:96.34,97.32 1 1
codenerd/internal/core/dream_plan_extractor.go:97.32,99.4 1 0
codenerd/internal/core/dream_plan_extractor.go:101.2,101.28 1 1
codenerd/internal/core/dream_plan_extractor.go:101.28,103.3 1 0
codenerd/internal/core/dream_plan_extractor.go:106.2,109.45 3 1
codenerd/internal/core/dream_plan_extractor.go:109.45,110.32 1 1
codenerd/internal/core/dream_plan_extractor.go:110.32,111.12 1 0
codenerd/internal/core/dream_plan_extractor.go:114.3,115.30 2 1
codenerd/internal/core/dream_plan_extractor.go:115.30,131.4 4 1
codenerd/internal/core/dream_plan_extractor.go:135.2,139.34 3 1
codenerd/internal/core/dream_plan_extractor.go:139.34,143.3 3 1
codenerd/internal/core/dream_plan_extractor.go:146.2,154.18 4 1
codenerd/internal/core/dream_plan_extractor.go:158.63,163.32 3 1
codenerd/internal/core/dream_plan_extractor.go:163.32,164.21 1 1
codenerd/internal/core/dream_plan_extractor.go:164.21,167.30 2 1
codenerd/internal/core/dream_plan_extractor.go:167.30,169.5 1 1
codenerd/internal/core/dream_plan_extractor.go:174.2,174.21 1 1
codenerd/internal/core/dream_plan_extractor.go:174.21,176.35 2 0
codenerd/internal/core/dream_plan_extractor.go:176.35,178.67 2 0
codenerd/internal/core/dream_plan_extractor.go:178.67,180.5 1 0
codenerd/internal/core/dream_plan_extractor.go:184.2,184.14 1 1
codenerd/internal/core/dream_plan_extractor.go:188.41,193.32 3 1
codenerd/internal/core/dream_plan_extractor.go:193.32,194.36 1 1
codenerd/internal/core/dream_plan_extractor.go:194.36,196.9 2 1
codenerd/internal/core/dream_plan_extractor.go:200.2,200.16 1 1
codenerd/internal/core/dream_plan_extractor.go:200.16,202.3 1 1
codenerd/internal/core/dream_plan_extractor.go:205.2,205.37 1 1
codenerd/internal/core/dream_plan_extractor.go:205.37,206.39 1 1
codenerd/internal/core/dream_plan_extractor.go:206.39,208.4 1 0
codenerd/internal/core/dream_plan_extractor.go:211.2,211.13 1 1
codenerd/internal/core/dream_plan_extractor.go:215.41,219.37 2 1
codenerd/internal/core/dream_plan_extractor.go:219.37,220.36 1 1
codenerd/internal/core/dream_plan_extractor.go:220.36,222.4 1 1
codenerd/internal/core/dream_plan_extractor.go:226.2,226.34 1 1
codenerd/internal/core/dream_plan_extractor.go:226.34,227.36 1 1
codenerd/internal/core/dream_plan_extractor.go:227.36,229.4 1 1
codenerd/internal/core/dream_plan_extractor.go:232.2,232.18 1 0
codenerd/internal/core/dream_plan_extractor.go:236.40,239.22 2 1
codenerd/internal/core/dream_plan_extractor.go:239.22,241.3 1 1
codenerd/internal/core/dream_plan_extractor.go:244.2,245.47 2 1
codenerd/internal/core/dream_plan_extractor.go:245.47,247.3 1 0
codenerd/internal/core/dream_plan_extractor.go:249.2,249.11 1 1
codenerd/internal/core/dream_plan_extractor.go:253.41,255.37 2 1
codenerd/internal/core/dream_plan_extractor.go:255.37,256.36 1 1
codenerd/internal/core/dream_plan_extractor.go:256.36,258.4 1 1
codenerd/internal/core/dream_plan_extractor.go:260.2,260.14 1 1
codenerd/internal/core/dream_plan_extractor.go:264.62,266.65 1 1
codenerd/internal/core/dream_plan_extractor.go:266.65,268.3 1 1
codenerd/internal/core/dream_plan_extractor.go:271.2,271.53 1 0
codenerd/internal/core/dream_plan_extractor.go:271.53,272.36 1 0
codenerd/internal/core/dream_plan_extractor.go:272.36,273.25 1 0
codenerd/internal/core/dream_plan_extractor.go:273.25,275.5 1 0
codenerd/internal/core/dream_plan_extractor.go:279.2,279.16 1 0
codenerd/internal/core/dream_plan_extractor.go:283.66,284.24 1 1
codenerd/internal/core/dream_plan_extractor.go:284.24,286.3 1 0
codenerd/internal/core/dream_plan_extractor.go:288.2,291.35 3 1
codenerd/internal/core/dream_plan_extractor.go:291.35,294.54 2 1
codenerd/internal/core/dream_plan_extractor.go:294.54,296.71 1 0
codenerd/internal/core/dream_plan_extractor.go:296.71,298.5 1 0
codenerd/internal/core/dream_plan_extractor.go:299.9,302.4 2 1
codenerd/internal/core/dream_plan_extractor.go:305.2,305.15 1 1
codenerd/internal/core/dream_plan_extractor.go:309.47,316.34 4 1
codenerd/internal/core/dream_plan_extractor.go:316.34,318.3 1 1
codenerd/internal/core/dream_plan_extractor.go:321.2,322.21 2 1
codenerd/internal/core/dream_plan_extractor.go:322.21,324.3 1 0
codenerd/internal/core/dream_plan_extractor.go:326.2,326.33 1 1
codenerd/internal/core/dream_plan_extractor.go:330.66,331.24 1 1
codenerd/internal/core/dream_plan_extractor.go:331.24,333.3 1 0
codenerd/internal/core/dream_plan_extractor.go:336.2,340.29 4 1
codenerd/internal/core/dream_plan_extractor.go:340.29,341.22 1 1
codenerd/internal/core/dream_plan_extractor.go:342.33,343.34 1 1
codenerd/internal/core/dream_plan_extractor.go:344.17,345.32 1 0
codenerd/internal/core/dream_plan_extractor.go:346.11,347.46 1 1
codenerd/internal/core/dream_plan_extractor.go:352.2,361.25 7 1
codenerd/internal/core/dream_plan_extractor.go:361.25,362.57 1 1
codenerd/internal/core/dream_plan_extractor.go:362.57,365.4 1 1
codenerd/internal/core/dream_plan_extractor.go:365.9,365.51 1 1
codenerd/internal/core/dream_plan_extractor.go:365.51,368.4 1 0
codenerd/internal/core/dream_plan_extractor.go:371.2,371.16 1 1
codenerd/internal/core/dream_plan_extractor.go:375.64,379.34 3 1
codenerd/internal/core/dream_plan_extractor.go:379.34,381.38 2 1
codenerd/internal/core/dream_plan_extractor.go:381.38,383.41 2 1
codenerd/internal/core/dream_plan_extractor.go:383.41,384.41 1 1
codenerd/internal/core/dream_plan_extractor.go:384.41,386.11 2 1
codenerd/internal/core/dream_plan_extractor.go:392.2,392.46 1 1
codenerd/internal/core/dream_plan_extractor.go:392.46,394.3 1 0
codenerd/internal/core/dream_plan_extractor.go:394.8,394.53 1 1
codenerd/internal/core/dream_plan_extractor.go:394.53,396.3 1 1
codenerd/internal/core/dream_plan_extractor.go:397.2,397.14 1 1
codenerd/internal/core/dream_plan_extractor.go:401.67,404.34 2 1
codenerd/internal/core/dream_plan_extractor.go:404.34,406.33 2 1
codenerd/internal/core/dream_plan_extractor.go:406.33,408.35 2 0
codenerd/internal/core/dream_plan_extractor.go:408.35,410.5 1 0
codenerd/internal/core/dream_plan_extractor.go:414.2,414.18 1 1
codenerd/internal/core/dream_plan_manager.go:23.59,30.2 2 1
codenerd/internal/core/dream_plan_manager.go:34.55,39.61 3 1
codenerd/internal/core/dream_plan_manager.go:39.61,41.3 1 1
codenerd/internal/core/dream_plan_manager.go:43.2,47.21 3 1
codenerd/internal/core/dream_plan_manager.go:47.21,52.47 2 1
codenerd/internal/core/dream_plan_manager.go:52.47,54.4 1 1
codenerd/internal/core/dream_plan_manager.go:59.56,63.2 3 1
codenerd/internal/core/dream_plan_manager.go:66.50,70.2 3 1
codenerd/internal/core/dream_plan_manager.go:73.48,77.26 3 1
codenerd/internal/core/dream_plan_manager.go:77.26,79.3 1 1
codenerd/internal/core/dream_plan_manager.go:81.2,81.52 1 1
codenerd/internal/core/dream_plan_manager.go:81.52,83.3 1 1
codenerd/internal/core/dream_plan_manager.go:85.2,92.21 5 1
codenerd/internal/core/dream_plan_manager.go:92.21,97.47 2 1
codenerd/internal/core/dream_plan_manager.go:97.47,99.4 1 1
codenerd/internal/core/dream_plan_manager.go:102.2,102.12 1 1
codenerd/internal/core/dream_plan_manager.go:106.51,110.26 3 1
codenerd/internal/core/dream_plan_manager.go:110.26,112.3 1 1
codenerd/internal/core/dream_plan_manager.go:114.2,114.53 1 1
codenerd/internal/core/dream_plan_manager.go:114.53,116.3 1 1
codenerd/internal/core/dream_plan_manager.go:118.2,121.12 3 1
codenerd/internal/core/dream_plan_manager.go:125.41,129.26 3 1
codenerd/internal/core/dream_plan_manager.go:129.26,131.3 1 1
codenerd/internal/core/dream_plan_manager.go:133.2,138.40 4 1
codenerd/internal/core/dream_plan_manager.go:138.40,139.63 1 1
codenerd/internal/core/dream_plan_manager.go:139.63,141.4 1 1
codenerd/internal/core/dream_plan_manager.go:144.2,148.21 3 1
codenerd/internal/core/dream_plan_manager.go:152.59,156.26 3 1
codenerd/internal/core/dream_plan_manager.go:156.26,158.3 1 1
codenerd/internal/core/dream_plan_manager.go:160.2,160.46 1 1
codenerd/internal/core/dream_plan_manager.go:164.58,168.26 3 1
codenerd/internal/core/dream_plan_manager.go:168.26,170.3 1 1
codenerd/internal/core/dream_plan_manager.go:174.72,178.26 3 1
codenerd/internal/core/dream_plan_manager.go:178.26,180.3 1 1
codenerd/internal/core/dream_plan_manager.go:182.2,185.21 2 1
codenerd/internal/core/dream_plan_manager.go:185.21,187.44 1 1
codenerd/internal/core/dream_plan_manager.go:187.44,188.18 1 1
codenerd/internal/core/dream_plan_manager.go:188.18,193.49 2 1
codenerd/internal/core/dream_plan_manager.go:193.49,195.6 1 1
codenerd/internal/core/dream_plan_manager.go:196.5,196.10 1 1
codenerd/internal/core/dream_plan_manager.go:202.2,202.32 1 1
codenerd/internal/core/dream_plan_manager.go:202.32,205.3 2 1
codenerd/internal/core/dream_plan_manager.go:207.2,207.14 1 1
codenerd/internal/core/dream_plan_manager.go:211.68,215.26 3 1
codenerd/internal/core/dream_plan_manager.go:215.26,217.3 1 1
codenerd/internal/core/dream_plan_manager.go:219.2,220.16 2 1
codenerd/internal/core/dream_plan_manager.go:220.16,222.3 1 1
codenerd/internal/core/dream_plan_manager.go:224.2,225.63 2 1
codenerd/internal/core/dream_plan_manager.go:229.83,233.26 3 1
codenerd/internal/core/dream_plan_manager.go:233.26,235.3 1 1
codenerd/internal/core/dream_plan_manager.go:237.2,239.27 1 1
codenerd/internal/core/dream_plan_manager.go:243.56,247.26 3 1
codenerd/internal/core/dream_plan_manager.go:247.26,249.3 1 1
codenerd/internal/core/dream_plan_manager.go:251.2,251.29 1 1
codenerd/internal/core/dream_plan_manager.go:255.52,259.26 3 1
codenerd/internal/core/dream_plan_manager.go:259.26,261.3 1 1
codenerd/internal/core/dream_plan_manager.go:263.2,265.31 3 1
codenerd/internal/core/dream_plan_manager.go:265.31,266.19 1 1
codenerd/internal/core/dream_plan_manager.go:266.19,268.4 1 1
codenerd/internal/core/dream_plan_manager.go:271.2,272.43 1 1
codenerd/internal/core/dream_plan_manager.go:276.43,277.26 1 1
codenerd/internal/core/dream_plan_manager.go:277.26,279.3 1 0
codenerd/internal/core/dream_plan_manager.go:281.2,284.34 3 1
codenerd/internal/core/dream_plan_manager.go:284.34,287.3 2 1
codenerd/internal/core/dream_plan_manager.go:287.8,291.3 2 1
codenerd/internal/core/dream_plan_manager.go:294.2,295.21 2 1
codenerd/internal/core/dream_plan_manager.go:299.57,303.35 2 1
codenerd/internal/core/dream_plan_manager.go:303.35,305.3 1 1
codenerd/internal/core/dream_plan_manager.go:309.54,316.2 5 1
codenerd/internal/core/dream_plan_manager.go:319.73,323.26 3 1
codenerd/internal/core/dream_plan_manager.go:323.26,325.3 1 1
codenerd/internal/core/dream_plan_manager.go:327.2,327.51 1 1
codenerd/internal/core/dream_plan_manager.go:327.51,333.3 4 1
codenerd/internal/core/dream_plan_manager.go:335.2,335.14 1 1
codenerd/internal/core/dream_plan_manager.go:339.43,340.23 1 1
codenerd/internal/core/dream_plan_manager.go:340.23,342.3 1 1
codenerd/internal/core/dream_plan_manager.go:343.2,343.15 1 1
codenerd/internal/core/dream_router.go:48.109,55.2 2 1
codenerd/internal/core/dream_router.go:58.64,63.2 4 1
codenerd/internal/core/dream_router.go:75.80,81.30 4 1
codenerd/internal/core/dream_router.go:81.30,82.19 1 1
codenerd/internal/core/dream_router.go:82.19,84.12 2 1
codenerd/internal/core/dream_router.go:87.3,87.18 1 0
codenerd/internal/core/dream_router.go:87.18,89.12 2 0
codenerd/internal/core/dream_router.go:92.3,95.17 3 0
codenerd/internal/core/dream_router.go:96.31,97.33 1 0
codenerd/internal/core/dream_router.go:98.29,99.31 1 0
codenerd/internal/core/dream_router.go:100.32,101.34 1 0
codenerd/internal/core/dream_router.go:102.31,103.33 1 0
codenerd/internal/core/dream_router.go:104.11,106.74 2 0
codenerd/internal/core/dream_router.go:109.3,111.21 2 0
codenerd/internal/core/dream_router.go:111.21,115.4 3 0
codenerd/internal/core/dream_router.go:115.9,117.4 1 0
codenerd/internal/core/dream_router.go:120.2,120.16 1 1
codenerd/internal/core/dream_router.go:124.69,127.28 2 0
codenerd/internal/core/dream_router.go:127.28,130.3 2 0
codenerd/internal/core/dream_router.go:133.2,134.21 2 0
codenerd/internal/core/dream_router.go:134.21,136.3 1 0
codenerd/internal/core/dream_router.go:139.2,146.88 3 0
codenerd/internal/core/dream_router.go:146.88,149.3 2 0
codenerd/internal/core/dream_router.go:151.2,153.15 3 0
codenerd/internal/core/dream_router.go:157.67,162.20 3 0
codenerd/internal/core/dream_router.go:162.20,164.3 1 0
codenerd/internal/core/dream_router.go:167.2,167.21 1 0
codenerd/internal/core/dream_router.go:167.21,177.47 2 0
codenerd/internal/core/dream_router.go:177.47,179.4 1 0
codenerd/internal/core/dream_router.go:183.2,183.25 1 0
codenerd/internal/core/dream_router.go:183.25,193.10 2 0
codenerd/internal/core/dream_router.go:194.29,197.41 3 0
codenerd/internal/core/dream_router.go:198.11,202.87 3 0
codenerd/internal/core/dream_router.go:204.8,207.3 2 0
codenerd/internal/core/dream_router.go:209.2,209.15 1 0
codenerd/internal/core/dream_router.go:213.70,217.20 3 0
codenerd/internal/core/dream_router.go:217.20,219.3 1 0
codenerd/internal/core/dream_router.go:222.2,222.21 1 0
codenerd/internal/core/dream_router.go:222.21,231.47 2 0
codenerd/internal/core/dream_router.go:231.47,233.4 1 0
codenerd/internal/core/dream_router.go:237.2,237.47 1 0
codenerd/internal/core/dream_router.go:237.47,244.17 2 0
codenerd/internal/core/dream_router.go:244.17,247.4 2 0
codenerd/internal/core/dream_router.go:248.3,249.50 2 0
codenerd/internal/core/dream_router.go:250.8,253.3 2 0
codenerd/internal/core/dream_router.go:255.2,255.15 1 0
codenerd/internal/core/dream_router.go:259.69,262.24 2 0
codenerd/internal/core/dream_router.go:262.24,264.22 1 0
codenerd/internal/core/dream_router.go:264.22,275.4 4 0
codenerd/internal/core/dream_router.go:275.9,277.4 1 0
codenerd/internal/core/dream_router.go:278.3,278.16 1 0
codenerd/internal/core/dream_router.go:282.2,283.25 2 0
codenerd/internal/core/dream_router.go:283.25,285.3 1 0
codenerd/internal/core/dream_router.go:287.2,292.16 1 0
codenerd/internal/core/dream_router.go:292.16,295.3 2 0
codenerd/internal/core/dream_router.go:297.2,299.15 3 0
codenerd/internal/core/dream_router.go:303.43,306.26 2 0
codenerd/internal/core/dream_router.go:306.26,307.71 1 0
codenerd/internal/core/dream_router.go:307.71,308.13 1 0
codenerd/internal/core/dream_router.go:308.13,312.75 2 0
codenerd/internal/core/dream_router.go:312.75,314.6 1 0
codenerd/internal/core/dream_router.go:316.5,316.14 1 0
codenerd/internal/core/dream_router.go:316.14,318.6 1 0
codenerd/internal/core/dream_router.go:324.2,324.26 1 0
codenerd/internal/core/dream_router.go:324.26,325.37 1 0
codenerd/internal/core/dream_router.go:325.37,327.4 1 0
codenerd/internal/core/dream_router.go:330.2,330.23 1 0
codenerd/internal/core/dream_router.go:333.34,340.2 2 0
codenerd/internal/core/dreamer.go:32.34,37.2 2 1
codenerd/internal/core/dreamer.go:40.48,45.2 4 1
codenerd/internal/core/dreamer.go:48.63,52.8 4 1
codenerd/internal/core/dreamer.go:52.8,54.3 1 1
codenerd/internal/core/dreamer.go:54.8,56.3 1 0
codenerd/internal/core/dreamer.go:57.2,57.16 1 1
codenerd/internal/core/dreamer.go:67.46,70.2 2 1
codenerd/internal/core/dreamer.go:73.49,74.14 1 1
codenerd/internal/core/dreamer.go:74.14,76.3 1 0
codenerd/internal/core/dreamer.go:77.2,80.57 4 1
codenerd/internal/core/dreamer.go:83.43,84.14 1 1
codenerd/internal/core/dreamer.go:84.14,86.3 1 0
codenerd/internal/core/dreamer.go:87.2,89.17 3 1
codenerd/internal/core/dreamer.go:94.86,95.16 1 1
codenerd/internal/core/dreamer.go:95.16,97.3 1 1
codenerd/internal/core/dreamer.go:99.2,111.19 7 1
codenerd/internal/core/dreamer.go:111.19,117.3 5 1
codenerd/internal/core/dreamer.go:120.2,126.9 5 1
codenerd/internal/core/dreamer.go:127.20,131.16 4 0
codenerd/internal/core/dreamer.go:132.10,132.10 0 1
codenerd/internal/core/dreamer.go:135.2,140.12 5 1
codenerd/internal/core/dreamer.go:140.12,142.3 1 1
codenerd/internal/core/dreamer.go:142.8,144.3 1 1
codenerd/internal/core/dreamer.go:146.2,147.15 2 1
codenerd/internal/core/dreamer.go:151.108,158.33 5 1
codenerd/internal/core/dreamer.go:158.33,160.3 1 1
codenerd/internal/core/dreamer.go:162.2,163.41 2 1
codenerd/internal/core/dreamer.go:163.41,168.3 3 0
codenerd/internal/core/dreamer.go:170.2,172.16 3 1
codenerd/internal/core/dreamer.go:172.16,177.3 3 0
codenerd/internal/core/dreamer.go:179.2,180.31 2 1
codenerd/internal/core/dreamer.go:180.31,181.26 1 1
codenerd/internal/core/dreamer.go:181.26,182.12 1 0
codenerd/internal/core/dreamer.go:184.3,185.28 2 1
codenerd/internal/core/dreamer.go:185.28,186.12 1 0
codenerd/internal/core/dreamer.go:188.3,189.25 2 1
codenerd/internal/core/dreamer.go:189.25,191.4 1 1
codenerd/internal/core/dreamer.go:192.3,194.22 3 1
codenerd/internal/core/dreamer.go:197.2,199.18 3 1
codenerd/internal/core/dreamer.go:203.97,218.18 4 1
codenerd/internal/core/dreamer.go:219.24,229.51 3 1
codenerd/internal/core/dreamer.go:229.51,239.4 2 1
codenerd/internal/core/dreamer.go:240.3,240.83 1 1
codenerd/internal/core/dreamer.go:242.94,260.51 4 1
codenerd/internal/core/dreamer.go:260.51,270.4 2 0
codenerd/internal/core/dreamer.go:271.3,271.83 1 1
codenerd/internal/core/dreamer.go:273.21,283.31 3 1
codenerd/internal/core/dreamer.go:283.31,293.4 2 0
codenerd/internal/core/dreamer.go:295.10,296.92 1 1
codenerd/internal/core/dreamer.go:299.2,300.18 2 1
codenerd/internal/core/dreamer.go:306.90,309.19 2 1
codenerd/internal/core/dreamer.go:309.19,312.3 2 0
codenerd/internal/core/dreamer.go:315.2,319.24 4 1
codenerd/internal/core/dreamer.go:319.24,321.3 1 0
codenerd/internal/core/dreamer.go:324.2,326.38 3 1
codenerd/internal/core/dreamer.go:326.38,329.76 1 1
codenerd/internal/core/dreamer.go:329.76,332.9 3 1
codenerd/internal/core/dreamer.go:336.2,336.19 1 1
codenerd/internal/core/dreamer.go:336.19,339.3 2 0
codenerd/internal/core/dreamer.go:341.2,348.85 4 1
codenerd/internal/core/dreamer.go:348.85,349.22 1 1
codenerd/internal/core/dreamer.go:349.22,351.4 1 0
codenerd/internal/core/dreamer.go:354.3,356.10 3 1
codenerd/internal/core/dreamer.go:356.10,358.4 1 0
codenerd/internal/core/dreamer.go:361.3,361.43 1 1
codenerd/internal/core/dreamer.go:361.43,362.50 1 1
codenerd/internal/core/dreamer.go:362.50,364.5 1 1
codenerd/internal/core/dreamer.go:368.3,368.44 1 1
codenerd/internal/core/dreamer.go:368.44,369.50 1 0
codenerd/internal/core/dreamer.go:369.50,371.5 1 0
codenerd/internal/core/dreamer.go:373.3,373.13 1 1
codenerd/internal/core/dreamer.go:376.2,376.16 1 1
codenerd/internal/core/dreamer.go:376.16,378.3 1 0
codenerd/internal/core/dreamer.go:380.2,380.29 1 1
codenerd/internal/core/dreamer.go:380.29,383.3 2 1
codenerd/internal/core/dreamer.go:385.2,389.33 3 1
codenerd/internal/core/dreamer.go:389.33,398.3 1 1
codenerd/internal/core/dreamer.go:401.2,403.38 3 1
codenerd/internal/core/dreamer.go:403.38,404.53 1 1
codenerd/internal/core/dreamer.go:404.53,407.9 3 1
codenerd/internal/core/dreamer.go:411.2,411.17 1 1
codenerd/internal/core/dreamer.go:411.17,414.3 2 0
codenerd/internal/core/dreamer.go:417.2,418.82 2 1
codenerd/internal/core/dreamer.go:418.82,419.23 1 0
codenerd/internal/core/dreamer.go:419.23,421.4 1 0
codenerd/internal/core/dreamer.go:424.3,425.39 2 0
codenerd/internal/core/dreamer.go:425.39,427.4 1 0
codenerd/internal/core/dreamer.go:430.3,431.10 2 0
codenerd/internal/core/dreamer.go:431.10,433.4 1 0
codenerd/internal/core/dreamer.go:436.3,436.29 1 0
codenerd/internal/core/dreamer.go:436.29,446.4 2 0
codenerd/internal/core/dreamer.go:447.3,447.13 1 0
codenerd/internal/core/dreamer.go:450.2,450.16 1 1
codenerd/internal/core/dreamer.go:450.16,452.3 1 0
codenerd/internal/core/dreamer.go:454.2,454.23 1 1
codenerd/internal/core/dreamer.go:454.23,456.3 1 0
codenerd/internal/core/dreamer.go:458.2,459.18 2 1
codenerd/internal/core/dreamer.go:465.42,471.33 3 1
codenerd/internal/core/dreamer.go:471.33,473.3 1 1
codenerd/internal/core/dreamer.go:474.2,498.34 3 1
codenerd/internal/core/dreamer.go:498.34,499.34 1 1
codenerd/internal/core/dreamer.go:499.34,501.4 1 1
codenerd/internal/core/dreamer.go:503.2,503.14 1 1
codenerd/internal/core/dreamer.go:507.41,515.29 2 1
codenerd/internal/core/dreamer.go:515.29,516.32 1 1
codenerd/internal/core/dreamer.go:516.32,518.4 1 1
codenerd/internal/core/dreamer.go:520.2,520.11 1 1
codenerd/internal/core/dreamer.go:524.39,525.25 1 1
codenerd/internal/core/dreamer.go:526.14,527.11 1 1
codenerd/internal/core/dreamer.go:528.18,529.19 1 0
codenerd/internal/core/dreamer.go:530.10,531.30 1 0
codenerd/internal/core/dreamer.go:537.57,538.38 1 1
codenerd/internal/core/dreamer.go:538.38,539.57 1 1
codenerd/internal/core/dreamer.go:539.57,541.4 1 1
codenerd/internal/core/dreamer.go:543.2,543.18 1 0
codenerd/internal/core/external_predicates.go:37.58,37.74 1 1
codenerd/internal/core/external_predicates.go:41.121,43.2 1 1
codenerd/internal/core/external_predicates.go:47.148,53.27 3 1
codenerd/internal/core/external_predicates.go:53.27,54.28 1 1
codenerd/internal/core/external_predicates.go:54.28,57.4 2 1
codenerd/internal/core/external_predicates.go:57.9,60.4 2 1
codenerd/internal/core/external_predicates.go:62.2,66.16 3 1
codenerd/internal/core/external_predicates.go:66.16,70.3 2 1
codenerd/internal/core/external_predicates.go:75.2,75.31 1 1
codenerd/internal/core/external_predicates.go:75.31,77.28 2 1
codenerd/internal/core/external_predicates.go:77.28,78.51 1 1
codenerd/internal/core/external_predicates.go:78.51,80.5 1 1
codenerd/internal/core/external_predicates.go:82.3,82.14 1 1
codenerd/internal/core/external_predicates.go:84.2,84.12 1 1
codenerd/internal/core/external_predicates.go:103.105,104.15 1 1
codenerd/internal/core/external_predicates.go:104.15,106.3 1 1
codenerd/internal/core/external_predicates.go:108.2,108.158 1 1
codenerd/internal/core/external_predicates.go:108.158,115.3 2 1
codenerd/internal/core/external_predicates.go:117.2,153.18 23 1
codenerd/internal/core/fact_categories.go:25.39,26.11 1 1
codenerd/internal/core/fact_categories.go:27.30,28.22 1 1
codenerd/internal/core/fact_categories.go:29.29,30.21 1 1
codenerd/internal/core/fact_categories.go:31.27,32.19 1 1
codenerd/internal/core/fact_categories.go:33.10,34.19 1 1
codenerd/internal/core/fact_categories.go:126.41,128.2 1 1
codenerd/internal/core/fact_categories.go:131.39,133.2 1 1
codenerd/internal/core/fact_categories.go:136.42,138.2 1 1
codenerd/internal/core/fact_categories.go:141.49,142.26 1 1
codenerd/internal/core/fact_categories.go:142.26,144.3 1 1
codenerd/internal/core/fact_categories.go:145.2,145.28 1 1
codenerd/internal/core/fact_categories.go:145.28,147.3 1 1
codenerd/internal/core/fact_categories.go:148.2,148.31 1 1
codenerd/internal/core/fact_categories.go:152.53,154.31 2 1
codenerd/internal/core/fact_categories.go:154.31,155.22 1 1
codenerd/internal/core/fact_categories.go:155.22,157.4 1 1
codenerd/internal/core/fact_categories.go:159.2,159.15 1 1
codenerd/internal/core/fact_categories.go:163.52,165.31 2 1
codenerd/internal/core/fact_categories.go:165.31,166.21 1 1
codenerd/internal/core/fact_categories.go:166.21,168.4 1 1
codenerd/internal/core/fact_categories.go:170.2,170.15 1 1
codenerd/internal/core/fact_categories.go:175.48,177.2 1 1
codenerd/internal/core/fact_categories.go:181.49,183.2 1 1
codenerd/internal/core/fact_event_bus.go:38.38,43.2 1 1
codenerd/internal/core/fact_event_bus.go:50.70,56.34 4 1
codenerd/internal/core/fact_event_bus.go:56.34,58.3 1 1
codenerd/internal/core/fact_event_bus.go:59.2,60.11 2 1
codenerd/internal/core/fact_event_bus.go:65.55,70.9 4 1
codenerd/internal/core/fact_event_bus.go:70.9,72.3 1 1
codenerd/internal/core/fact_event_bus.go:75.2,75.34 1 1
codenerd/internal/core/fact_event_bus.go:75.34,78.28 3 1
codenerd/internal/core/fact_event_bus.go:78.28,79.17 1 1
codenerd/internal/core/fact_event_bus.go:79.17,81.5 1 1
codenerd/internal/core/fact_event_bus.go:83.3,83.25 1 1
codenerd/internal/core/fact_event_bus.go:83.25,85.4 1 1
codenerd/internal/core/fact_event_bus.go:85.9,87.4 1 1
codenerd/internal/core/fact_event_bus.go:90.2,91.11 2 1
codenerd/internal/core/fact_event_bus.go:100.50,105.20 4 1
codenerd/internal/core/fact_event_bus.go:105.20,107.3 1 1
codenerd/internal/core/fact_event_bus.go:109.2,114.26 2 1
codenerd/internal/core/fact_event_bus.go:114.26,116.10 1 1
codenerd/internal/core/fact_event_bus.go:117.20,117.20 0 1
codenerd/internal/core/fact_event_bus.go:118.11,118.11 0 1
codenerd/internal/core/fact_event_bus.go:125.46,129.2 3 1
codenerd/internal/core/fact_event_bus.go:133.71,137.2 3 1
codenerd/internal/core/hybrid_loader.go:45.66,47.16 2 1
codenerd/internal/core/hybrid_loader.go:47.16,49.3 1 0
codenerd/internal/core/hybrid_loader.go:50.2,58.21 7 1
codenerd/internal/core/hybrid_loader.go:58.21,60.17 2 1
codenerd/internal/core/hybrid_loader.go:60.17,62.12 2 1
codenerd/internal/core/hybrid_loader.go:65.3,65.10 1 1
codenerd/internal/core/hybrid_loader.go:66.45,70.28 4 1
codenerd/internal/core/hybrid_loader.go:70.28,72.16 2 1
codenerd/internal/core/hybrid_loader.go:72.16,74.6 1 1
codenerd/internal/core/hybrid_loader.go:76.4,76.38 1 1
codenerd/internal/core/hybrid_loader.go:76.38,83.5 3 1
codenerd/internal/core/hybrid_loader.go:84.4,84.12 1 1
codenerd/internal/core/hybrid_loader.go:86.43,88.11 2 1
codenerd/internal/core/hybrid_loader.go:88.11,90.13 2 0
codenerd/internal/core/hybrid_loader.go:92.4,98.12 3 1
codenerd/internal/core/hybrid_loader.go:100.43,102.11 2 1
codenerd/internal/core/hybrid_loader.go:102.11,104.13 2 0
codenerd/internal/core/hybrid_loader.go:106.4,108.12 3 1
codenerd/internal/core/hybrid_loader.go:111.3,112.26 2 1
codenerd/internal/core/hybrid_loader.go:114.2,114.38 1 1
codenerd/internal/core/hybrid_loader.go:114.38,116.3 1 0
codenerd/internal/core/hybrid_loader.go:118.2,118.103 1 1
codenerd/internal/core/hybrid_loader.go:122.61,126.21 4 1
codenerd/internal/core/hybrid_loader.go:126.21,128.3 1 1
codenerd/internal/core/hybrid_loader.go:130.2,132.18 3 1
codenerd/internal/core/hybrid_loader.go:132.18,134.3 1 1
codenerd/internal/core/hybrid_loader.go:136.2,139.22 4 1
codenerd/internal/core/hybrid_loader.go:139.22,141.3 1 0
codenerd/internal/core/hybrid_loader.go:143.2,147.21 2 1
codenerd/internal/core/hybrid_loader.go:147.21,149.3 1 1
codenerd/internal/core/hybrid_loader.go:150.2,150.21 1 1
codenerd/internal/core/hybrid_loader.go:150.21,152.3 1 1
codenerd/internal/core/hybrid_loader.go:153.2,153.21 1 1
codenerd/internal/core/hybrid_loader.go:157.61,161.21 4 1
codenerd/internal/core/hybrid_loader.go:161.21,163.3 1 1
codenerd/internal/core/hybrid_loader.go:165.2,168.19 4 1
codenerd/internal/core/hybrid_loader.go:168.19,170.3 1 1
codenerd/internal/core/hybrid_loader.go:173.2,175.6 3 1
codenerd/internal/core/hybrid_loader.go:175.6,178.46 3 1
codenerd/internal/core/hybrid_loader.go:178.46,179.9 1 1
codenerd/internal/core/hybrid_loader.go:181.3,182.16 2 1
codenerd/internal/core/hybrid_loader.go:182.16,184.4 1 1
codenerd/internal/core/hybrid_loader.go:185.3,185.80 1 1
codenerd/internal/core/hybrid_loader.go:188.2,189.22 2 1
codenerd/internal/core/hybrid_loader.go:189.22,191.3 1 1
codenerd/internal/core/hybrid_loader.go:193.2,195.14 3 1
codenerd/internal/core/hybrid_loader.go:195.14,197.3 1 0
codenerd/internal/core/hybrid_loader.go:199.2,200.19 2 1
codenerd/internal/core/hybrid_loader.go:200.19,202.3 1 1
codenerd/internal/core/hybrid_loader.go:204.2,209.9 1 1
codenerd/internal/core/hybrid_loader.go:212.42,214.45 1 1
codenerd/internal/core/hybrid_loader.go:214.45,216.3 1 1
codenerd/internal/core/hybrid_loader.go:217.2,217.46 1 1
codenerd/internal/core/hybrid_loader.go:217.46,219.3 1 1
codenerd/internal/core/hybrid_loader.go:220.2,220.29 1 1
codenerd/internal/core/hybrid_loader.go:223.34,225.17 2 1
codenerd/internal/core/hybrid_loader.go:225.17,228.69 3 1
codenerd/internal/core/hybrid_loader.go:228.69,230.4 1 1
codenerd/internal/core/hybrid_loader.go:232.2,232.31 1 1
codenerd/internal/core/intent_defaults.go:21.42,25.2 3 1
codenerd/internal/core/intent_defaults.go:27.56,65.2 1 1
codenerd/internal/core/intent_inference.go:17.63,22.22 4 1
codenerd/internal/core/intent_inference.go:22.22,24.3 1 1
codenerd/internal/core/intent_inference.go:26.2,34.15 2 1
codenerd/internal/core/intent_inference.go:37.58,38.16 1 1
codenerd/internal/core/intent_inference.go:38.16,40.3 1 1
codenerd/internal/core/intent_inference.go:43.2,43.34 1 1
codenerd/internal/core/intent_inference.go:43.34,45.29 2 1
codenerd/internal/core/intent_inference.go:45.29,47.4 1 1
codenerd/internal/core/intent_inference.go:50.2,51.36 2 1
codenerd/internal/core/intent_inference.go:52.63,53.26 1 1
codenerd/internal/core/intent_inference.go:54.52,55.24 1 1
codenerd/internal/core/intent_inference.go:56.34,57.22 1 1
codenerd/internal/core/intent_inference.go:58.55,59.27 1 1
codenerd/internal/core/intent_inference.go:60.43,61.23 1 1
codenerd/internal/core/intent_inference.go:62.25,63.25 1 1
codenerd/internal/core/intent_inference.go:64.38,65.27 1 1
codenerd/internal/core/intent_inference.go:66.36,67.27 1 1
codenerd/internal/core/intent_inference.go:68.45,69.25 1 1
codenerd/internal/core/intent_inference.go:70.10,72.26 1 1
codenerd/internal/core/intent_inference.go:76.49,78.13 2 1
codenerd/internal/core/intent_inference.go:78.13,80.3 1 1
codenerd/internal/core/intent_inference.go:81.2,81.22 1 1
codenerd/internal/core/intent_inference.go:81.22,82.54 1 1
codenerd/internal/core/intent_inference.go:82.54,84.4 1 1
codenerd/internal/core/intent_inference.go:86.2,86.14 1 1
codenerd/internal/core/intent_inference.go:89.37,90.30 1 1
codenerd/internal/core/intent_inference.go:91.106,92.14 1 1
codenerd/internal/core/intent_inference.go:93.10,94.15 1 1
codenerd/internal/core/intent_inference.go:98.48,99.14 1 1
codenerd/internal/core/intent_inference.go:100.57,101.21 1 1
codenerd/internal/core/intent_inference.go:102.55,103.18 1 1
codenerd/internal/core/intent_inference.go:104.10,105.18 1 1
codenerd/internal/core/intent_inference.go:109.46,110.43 1 1
codenerd/internal/core/intent_inference.go:110.43,112.16 2 1
codenerd/internal/core/intent_inference.go:112.16,113.12 1 0
codenerd/internal/core/intent_inference.go:115.3,116.14 2 1
codenerd/internal/core/intent_inference.go:117.105,118.14 1 1
codenerd/internal/core/intent_inference.go:121.2,121.11 1 1
codenerd/internal/core/intent_loader.go:5.48,10.35 4 1
codenerd/internal/core/intent_loader.go:10.35,12.17 2 1
codenerd/internal/core/intent_loader.go:12.17,14.12 2 0
codenerd/internal/core/intent_loader.go:16.3,17.17 2 1
codenerd/internal/core/intent_loader.go:17.17,19.12 2 0
codenerd/internal/core/intent_loader.go:21.3,21.30 1 1
codenerd/internal/core/intent_loader.go:21.30,22.45 1 1
codenerd/internal/core/intent_loader.go:22.45,23.13 1 1
codenerd/internal/core/intent_loader.go:25.4,26.17 2 1
codenerd/internal/core/intent_loader.go:30.2,30.21 1 1
codenerd/internal/core/intent_loader.go:30.21,32.3 1 1
codenerd/internal/core/kernel_accessors.go:7.44,14.2 5 1
codenerd/internal/core/kernel_accessors.go:17.61,21.2 3 1
codenerd/internal/core/kernel_eval.go:24.45,32.21 4 1
codenerd/internal/core/kernel_eval.go:32.21,36.3 3 1
codenerd/internal/core/kernel_eval.go:38.2,38.20 1 1
codenerd/internal/core/kernel_eval.go:38.20,42.3 3 1
codenerd/internal/core/kernel_eval.go:45.2,45.21 1 1
codenerd/internal/core/kernel_eval.go:45.21,49.3 3 1
codenerd/internal/core/kernel_eval.go:51.2,57.16 5 1
codenerd/internal/core/kernel_eval.go:57.16,60.3 2 1
codenerd/internal/core/kernel_eval.go:61.2,65.70 3 1
codenerd/internal/core/kernel_eval.go:65.70,68.30 3 0
codenerd/internal/core/kernel_eval.go:68.30,69.49 1 0
codenerd/internal/core/kernel_eval.go:69.49,71.18 2 0
codenerd/internal/core/kernel_eval.go:71.18,71.31 1 0
codenerd/internal/core/kernel_eval.go:72.5,72.83 1 0
codenerd/internal/core/kernel_eval.go:77.2,79.16 3 1
codenerd/internal/core/kernel_eval.go:79.16,82.100 2 1
codenerd/internal/core/kernel_eval.go:82.100,84.4 1 0
codenerd/internal/core/kernel_eval.go:84.9,86.4 1 1
codenerd/internal/core/kernel_eval.go:87.3,87.58 1 1
codenerd/internal/core/kernel_eval.go:89.2,100.16 5 1
codenerd/internal/core/kernel_eval.go:100.16,103.3 2 0
codenerd/internal/core/kernel_eval.go:104.2,109.30 4 1
codenerd/internal/core/kernel_eval.go:109.30,111.3 1 1
codenerd/internal/core/kernel_eval.go:112.2,116.12 4 1
codenerd/internal/core/kernel_eval.go:121.39,125.43 2 1
codenerd/internal/core/kernel_eval.go:125.43,127.44 2 1
codenerd/internal/core/kernel_eval.go:127.44,129.4 1 1
codenerd/internal/core/kernel_eval.go:130.8,132.3 1 1
codenerd/internal/core/kernel_eval.go:136.2,140.40 3 1
codenerd/internal/core/kernel_eval.go:140.40,143.29 3 1
codenerd/internal/core/kernel_eval.go:143.29,145.18 2 1
codenerd/internal/core/kernel_eval.go:145.18,148.5 2 0
codenerd/internal/core/kernel_eval.go:149.4,149.47 1 1
codenerd/internal/core/kernel_eval.go:154.2,154.37 1 1
codenerd/internal/core/kernel_eval.go:154.37,156.3 1 1
codenerd/internal/core/kernel_eval.go:160.2,161.27 2 1
codenerd/internal/core/kernel_eval.go:161.27,163.3 1 1
codenerd/internal/core/kernel_eval.go:164.2,175.27 3 1
codenerd/internal/core/kernel_eval.go:175.27,177.82 2 1
codenerd/internal/core/kernel_eval.go:177.82,179.39 2 1
codenerd/internal/core/kernel_eval.go:179.39,180.83 1 1
codenerd/internal/core/kernel_eval.go:180.83,182.6 1 1
codenerd/internal/core/kernel_eval.go:184.4,184.26 1 1
codenerd/internal/core/kernel_eval.go:184.26,187.5 2 1
codenerd/internal/core/kernel_eval.go:191.2,196.16 4 1
codenerd/internal/core/kernel_eval.go:196.16,199.90 2 0
codenerd/internal/core/kernel_eval.go:199.90,201.4 1 0
codenerd/internal/core/kernel_eval.go:202.3,202.59 1 0
codenerd/internal/core/kernel_eval.go:205.2,209.35 3 1
codenerd/internal/core/kernel_eval.go:209.35,211.3 1 1
codenerd/internal/core/kernel_eval.go:212.2,219.12 6 1
codenerd/internal/core/kernel_eval.go:225.38,230.2 4 1
codenerd/internal/core/kernel_eval.go:233.43,237.2 3 1
codenerd/internal/core/kernel_eval.go:240.53,244.2 3 0
codenerd/internal/core/kernel_eval.go:247.30,256.2 8 1
codenerd/internal/core/kernel_eval.go:259.30,269.2 8 1
codenerd/internal/core/kernel_eval.go:272.42,312.31 9 1
codenerd/internal/core/kernel_eval.go:312.31,314.3 1 1
codenerd/internal/core/kernel_eval.go:317.2,317.39 1 1
codenerd/internal/core/kernel_eval.go:317.39,319.3 1 0
codenerd/internal/core/kernel_eval.go:322.2,322.41 1 1
codenerd/internal/core/kernel_eval.go:322.41,324.3 1 1
codenerd/internal/core/kernel_eval.go:326.2,327.14 2 1
codenerd/internal/core/kernel_facts.go:22.52,31.26 7 1
codenerd/internal/core/kernel_facts.go:31.26,33.3 1 1
codenerd/internal/core/kernel_facts.go:34.2,35.35 2 1
codenerd/internal/core/kernel_facts.go:35.35,36.30 1 1
codenerd/internal/core/kernel_facts.go:36.30,38.4 1 1
codenerd/internal/core/kernel_facts.go:40.2,44.35 3 1
codenerd/internal/core/kernel_facts.go:44.35,45.22 1 1
codenerd/internal/core/kernel_facts.go:46.79,47.28 1 0
codenerd/internal/core/kernel_facts.go:50.2,50.24 1 1
codenerd/internal/core/kernel_facts.go:50.24,54.3 1 0
codenerd/internal/core/kernel_facts.go:57.2,57.54 1 1
codenerd/internal/core/kernel_facts.go:57.54,59.39 2 0
codenerd/internal/core/kernel_facts.go:59.39,61.4 1 0
codenerd/internal/core/kernel_facts.go:62.3,62.35 1 0
codenerd/internal/core/kernel_facts.go:62.35,64.4 1 0
codenerd/internal/core/kernel_facts.go:65.3,65.39 1 0
codenerd/internal/core/kernel_facts.go:65.39,67.4 1 0
codenerd/internal/core/kernel_facts.go:71.2,71.16 1 1
codenerd/internal/core/kernel_facts.go:71.16,74.3 2 1
codenerd/internal/core/kernel_facts.go:77.2,79.16 3 1
codenerd/internal/core/kernel_facts.go:79.16,82.3 2 1
codenerd/internal/core/kernel_facts.go:83.2,86.12 3 1
codenerd/internal/core/kernel_facts.go:94.47,98.29 4 1
codenerd/internal/core/kernel_facts.go:98.29,99.12 1 1
codenerd/internal/core/kernel_facts.go:99.12,101.4 1 1
codenerd/internal/core/kernel_facts.go:102.3,102.34 1 1
codenerd/internal/core/kernel_facts.go:104.2,105.20 2 1
codenerd/internal/core/kernel_facts.go:108.39,109.23 1 1
codenerd/internal/core/kernel_facts.go:110.11,111.16 1 1
codenerd/internal/core/kernel_facts.go:112.18,113.32 1 1
codenerd/internal/core/kernel_facts.go:114.14,115.24 1 1
codenerd/internal/core/kernel_facts.go:116.12,117.8 1 1
codenerd/internal/core/kernel_facts.go:117.8,119.4 1 1
codenerd/internal/core/kernel_facts.go:120.3,120.18 1 1
codenerd/internal/core/kernel_facts.go:121.11,122.41 1 1
codenerd/internal/core/kernel_facts.go:123.12,124.41 1 1
codenerd/internal/core/kernel_facts.go:125.13,126.41 1 1
codenerd/internal/core/kernel_facts.go:127.13,128.41 1 1
codenerd/internal/core/kernel_facts.go:129.13,130.34 1 1
codenerd/internal/core/kernel_facts.go:131.12,132.43 1 1
codenerd/internal/core/kernel_facts.go:133.13,134.43 1 1
codenerd/internal/core/kernel_facts.go:135.14,136.43 1 1
codenerd/internal/core/kernel_facts.go:137.14,138.43 1 1
codenerd/internal/core/kernel_facts.go:139.14,140.35 1 1
codenerd/internal/core/kernel_facts.go:141.15,142.34 1 1
codenerd/internal/core/kernel_facts.go:143.15,144.25 1 1
codenerd/internal/core/kernel_facts.go:145.19,146.38 1 1
codenerd/internal/core/kernel_facts.go:146.38,148.4 1 1
codenerd/internal/core/kernel_facts.go:149.3,149.40 1 1
codenerd/internal/core/kernel_facts.go:149.40,151.4 1 1
codenerd/internal/core/kernel_facts.go:152.3,152.35 1 0
codenerd/internal/core/kernel_facts.go:153.14,154.34 1 1
codenerd/internal/core/kernel_facts.go:155.21,156.32 1 1
codenerd/internal/core/kernel_facts.go:157.16,158.29 1 1
codenerd/internal/core/kernel_facts.go:159.13,160.26 1 1
codenerd/internal/core/kernel_facts.go:161.15,162.28 1 1
codenerd/internal/core/kernel_facts.go:163.17,164.30 1 1
codenerd/internal/core/kernel_facts.go:165.30,166.36 1 1
codenerd/internal/core/kernel_facts.go:167.25,168.33 1 1
codenerd/internal/core/kernel_facts.go:169.10,171.19 2 0
codenerd/internal/core/kernel_facts.go:171.19,172.21 1 0
codenerd/internal/core/kernel_facts.go:173.38,174.33 1 0
codenerd/internal/core/kernel_facts.go:175.21,176.31 1 0
codenerd/internal/core/kernel_facts.go:179.3,179.45 1 0
codenerd/internal/core/kernel_facts.go:183.35,184.34 1 1
codenerd/internal/core/kernel_facts.go:184.34,186.3 1 1
codenerd/internal/core/kernel_facts.go:187.2,187.25 1 1
codenerd/internal/core/kernel_facts.go:191.37,193.2 1 1
codenerd/internal/core/kernel_facts.go:195.55,198.27 3 1
codenerd/internal/core/kernel_facts.go:198.27,199.12 1 1
codenerd/internal/core/kernel_facts.go:199.12,201.4 1 1
codenerd/internal/core/kernel_facts.go:202.3,202.32 1 1
codenerd/internal/core/kernel_facts.go:204.2,205.20 2 1
codenerd/internal/core/kernel_facts.go:208.47,211.27 3 1
codenerd/internal/core/kernel_facts.go:211.27,212.12 1 1
codenerd/internal/core/kernel_facts.go:212.12,214.4 1 1
codenerd/internal/core/kernel_facts.go:215.3,215.33 1 1
codenerd/internal/core/kernel_facts.go:217.2,218.20 2 1
codenerd/internal/core/kernel_facts.go:221.41,224.27 3 1
codenerd/internal/core/kernel_facts.go:224.27,225.12 1 1
codenerd/internal/core/kernel_facts.go:225.12,227.4 1 1
codenerd/internal/core/kernel_facts.go:228.3,228.50 1 1
codenerd/internal/core/kernel_facts.go:230.2,231.20 2 1
codenerd/internal/core/kernel_facts.go:234.45,237.27 3 1
codenerd/internal/core/kernel_facts.go:237.27,238.12 1 1
codenerd/internal/core/kernel_facts.go:238.12,240.4 1 1
codenerd/internal/core/kernel_facts.go:241.3,241.43 1 1
codenerd/internal/core/kernel_facts.go:243.2,244.20 2 1
codenerd/internal/core/kernel_facts.go:247.49,250.27 3 1
codenerd/internal/core/kernel_facts.go:250.27,251.12 1 1
codenerd/internal/core/kernel_facts.go:251.12,253.4 1 1
codenerd/internal/core/kernel_facts.go:254.3,254.34 1 1
codenerd/internal/core/kernel_facts.go:256.2,257.20 2 1
codenerd/internal/core/kernel_facts.go:260.52,263.35 3 0
codenerd/internal/core/kernel_facts.go:263.35,264.12 1 0
codenerd/internal/core/kernel_facts.go:264.12,266.4 1 0
codenerd/internal/core/kernel_facts.go:267.3,267.57 1 0
codenerd/internal/core/kernel_facts.go:269.2,270.20 2 0
codenerd/internal/core/kernel_facts.go:273.68,275.24 2 1
codenerd/internal/core/kernel_facts.go:275.24,277.3 1 1
codenerd/internal/core/kernel_facts.go:278.2,281.25 4 1
codenerd/internal/core/kernel_facts.go:281.25,282.12 1 1
codenerd/internal/core/kernel_facts.go:282.12,284.4 1 0
codenerd/internal/core/kernel_facts.go:285.3,287.40 3 1
codenerd/internal/core/kernel_facts.go:289.2,290.20 2 1
codenerd/internal/core/kernel_facts.go:293.60,295.24 2 1
codenerd/internal/core/kernel_facts.go:295.24,297.3 1 1
codenerd/internal/core/kernel_facts.go:298.2,301.25 4 1
codenerd/internal/core/kernel_facts.go:301.25,302.12 1 1
codenerd/internal/core/kernel_facts.go:302.12,304.4 1 0
codenerd/internal/core/kernel_facts.go:305.3,307.41 3 1
codenerd/internal/core/kernel_facts.go:309.2,310.20 2 1
codenerd/internal/core/kernel_facts.go:313.50,317.25 4 0
codenerd/internal/core/kernel_facts.go:317.25,321.3 3 0
codenerd/internal/core/kernel_facts.go:322.2,325.32 4 0
codenerd/internal/core/kernel_facts.go:325.32,326.12 1 0
codenerd/internal/core/kernel_facts.go:326.12,328.4 1 0
codenerd/internal/core/kernel_facts.go:329.3,331.69 3 0
codenerd/internal/core/kernel_facts.go:333.2,334.20 2 0
codenerd/internal/core/kernel_facts.go:339.46,340.24 1 1
codenerd/internal/core/kernel_facts.go:340.24,342.3 1 1
codenerd/internal/core/kernel_facts.go:347.47,349.28 2 1
codenerd/internal/core/kernel_facts.go:349.28,351.3 1 1
codenerd/internal/core/kernel_facts.go:358.54,361.19 2 1
codenerd/internal/core/kernel_facts.go:361.19,363.3 1 1
codenerd/internal/core/kernel_facts.go:364.2,364.30 1 1
codenerd/internal/core/kernel_facts.go:364.30,368.3 2 1
codenerd/internal/core/kernel_facts.go:370.2,372.35 3 1
codenerd/internal/core/kernel_facts.go:372.35,374.3 1 1
codenerd/internal/core/kernel_facts.go:381.2,382.16 2 1
codenerd/internal/core/kernel_facts.go:382.16,385.3 2 1
codenerd/internal/core/kernel_facts.go:387.2,390.13 4 1
codenerd/internal/core/kernel_facts.go:394.46,396.42 1 1
codenerd/internal/core/kernel_facts.go:396.42,398.3 1 1
codenerd/internal/core/kernel_facts.go:399.2,404.33 4 1
codenerd/internal/core/kernel_facts.go:404.33,408.3 2 1
codenerd/internal/core/kernel_facts.go:409.2,414.23 4 1
codenerd/internal/core/kernel_facts.go:414.23,416.3 1 1
codenerd/internal/core/kernel_facts.go:417.2,417.12 1 1
codenerd/internal/core/kernel_facts.go:423.54,424.21 1 1
codenerd/internal/core/kernel_facts.go:424.21,426.3 1 1
codenerd/internal/core/kernel_facts.go:428.2,434.29 5 1
codenerd/internal/core/kernel_facts.go:434.29,436.33 2 1
codenerd/internal/core/kernel_facts.go:436.33,440.4 3 1
codenerd/internal/core/kernel_facts.go:443.2,443.21 1 1
codenerd/internal/core/kernel_facts.go:443.21,447.3 3 1
codenerd/internal/core/kernel_facts.go:450.2,457.23 4 1
codenerd/internal/core/kernel_facts.go:457.23,458.37 1 1
codenerd/internal/core/kernel_facts.go:458.37,460.4 1 1
codenerd/internal/core/kernel_facts.go:462.2,462.12 1 1
codenerd/internal/core/kernel_facts.go:470.57,472.16 2 1
codenerd/internal/core/kernel_facts.go:472.16,474.3 1 1
codenerd/internal/core/kernel_facts.go:475.2,475.23 1 1
codenerd/internal/core/kernel_facts.go:480.51,485.33 5 1
codenerd/internal/core/kernel_facts.go:485.33,487.3 1 1
codenerd/internal/core/kernel_facts.go:491.39,499.16 6 1
codenerd/internal/core/kernel_facts.go:499.16,502.3 2 1
codenerd/internal/core/kernel_facts.go:503.2,506.12 3 1
codenerd/internal/core/kernel_facts.go:511.54,524.28 8 1
codenerd/internal/core/kernel_facts.go:524.28,525.31 1 1
codenerd/internal/core/kernel_facts.go:525.31,527.22 2 1
codenerd/internal/core/kernel_facts.go:527.22,530.5 2 1
codenerd/internal/core/kernel_facts.go:531.4,531.17 1 1
codenerd/internal/core/kernel_facts.go:532.9,534.4 1 1
codenerd/internal/core/kernel_facts.go:537.2,537.25 1 1
codenerd/internal/core/kernel_facts.go:537.25,540.3 1 1
codenerd/internal/core/kernel_facts.go:543.2,543.43 1 1
codenerd/internal/core/kernel_facts.go:543.43,545.21 2 1
codenerd/internal/core/kernel_facts.go:545.21,547.4 1 1
codenerd/internal/core/kernel_facts.go:549.2,550.20 2 1
codenerd/internal/core/kernel_facts.go:550.20,552.3 1 1
codenerd/internal/core/kernel_facts.go:552.8,554.3 1 0
codenerd/internal/core/kernel_facts.go:557.2,557.46 1 1
codenerd/internal/core/kernel_facts.go:557.46,560.3 1 1
codenerd/internal/core/kernel_facts.go:562.2,565.36 2 1
codenerd/internal/core/kernel_facts.go:565.36,568.3 2 0
codenerd/internal/core/kernel_facts.go:569.2,569.12 1 1
codenerd/internal/core/kernel_facts.go:574.51,580.25 4 1
codenerd/internal/core/kernel_facts.go:580.25,584.3 3 1
codenerd/internal/core/kernel_facts.go:586.2,589.28 4 1
codenerd/internal/core/kernel_facts.go:589.28,591.36 1 1
codenerd/internal/core/kernel_facts.go:591.36,594.12 3 1
codenerd/internal/core/kernel_facts.go:597.3,597.44 1 1
codenerd/internal/core/kernel_facts.go:597.44,598.43 1 1
codenerd/internal/core/kernel_facts.go:598.43,601.5 2 1
codenerd/internal/core/kernel_facts.go:601.10,603.5 1 1
codenerd/internal/core/kernel_facts.go:605.9,608.4 2 0
codenerd/internal/core/kernel_facts.go:611.2,611.25 1 1
codenerd/internal/core/kernel_facts.go:611.25,613.25 2 1
codenerd/internal/core/kernel_facts.go:613.25,615.4 1 1
codenerd/internal/core/kernel_facts.go:616.3,617.13 2 1
codenerd/internal/core/kernel_facts.go:621.2,621.38 1 1
codenerd/internal/core/kernel_facts.go:621.38,623.3 1 1
codenerd/internal/core/kernel_facts.go:624.2,630.36 4 1
codenerd/internal/core/kernel_facts.go:630.36,633.3 2 0
codenerd/internal/core/kernel_facts.go:634.2,634.12 1 1
codenerd/internal/core/kernel_facts.go:640.56,646.25 4 1
codenerd/internal/core/kernel_facts.go:646.25,650.3 3 1
codenerd/internal/core/kernel_facts.go:652.2,655.28 4 1
codenerd/internal/core/kernel_facts.go:655.28,656.74 1 1
codenerd/internal/core/kernel_facts.go:656.74,658.12 2 1
codenerd/internal/core/kernel_facts.go:660.3,660.19 1 1
codenerd/internal/core/kernel_facts.go:662.2,663.24 2 1
codenerd/internal/core/kernel_facts.go:663.24,665.3 1 1
codenerd/internal/core/kernel_facts.go:667.2,671.24 2 1
codenerd/internal/core/kernel_facts.go:671.24,672.37 1 1
codenerd/internal/core/kernel_facts.go:672.37,675.4 2 0
codenerd/internal/core/kernel_facts.go:677.2,677.12 1 1
codenerd/internal/core/kernel_facts.go:682.65,683.21 1 1
codenerd/internal/core/kernel_facts.go:683.21,685.3 1 1
codenerd/internal/core/kernel_facts.go:687.2,691.26 4 1
codenerd/internal/core/kernel_facts.go:691.26,693.3 1 1
codenerd/internal/core/kernel_facts.go:695.2,698.28 4 1
codenerd/internal/core/kernel_facts.go:698.28,699.44 1 1
codenerd/internal/core/kernel_facts.go:699.44,701.12 2 1
codenerd/internal/core/kernel_facts.go:703.3,703.33 1 1
codenerd/internal/core/kernel_facts.go:705.2,706.24 2 1
codenerd/internal/core/kernel_facts.go:706.24,708.3 1 1
codenerd/internal/core/kernel_facts.go:710.2,713.24 2 1
codenerd/internal/core/kernel_facts.go:713.24,714.37 1 1
codenerd/internal/core/kernel_facts.go:714.37,717.4 2 0
codenerd/internal/core/kernel_facts.go:719.2,719.12 1 1
codenerd/internal/core/kernel_facts.go:724.86,725.26 1 1
codenerd/internal/core/kernel_facts.go:725.26,727.3 1 1
codenerd/internal/core/kernel_facts.go:729.2,735.28 6 1
codenerd/internal/core/kernel_facts.go:735.28,736.43 1 1
codenerd/internal/core/kernel_facts.go:736.43,738.12 2 1
codenerd/internal/core/kernel_facts.go:740.3,740.33 1 1
codenerd/internal/core/kernel_facts.go:742.2,743.24 2 1
codenerd/internal/core/kernel_facts.go:743.24,745.3 1 1
codenerd/internal/core/kernel_facts.go:747.2,750.24 2 1
codenerd/internal/core/kernel_facts.go:750.24,751.37 1 1
codenerd/internal/core/kernel_facts.go:751.37,754.4 2 0
codenerd/internal/core/kernel_facts.go:756.2,756.12 1 1
codenerd/internal/core/kernel_facts.go:794.60,799.2 1 1
codenerd/internal/core/kernel_facts.go:802.56,804.2 1 1
codenerd/internal/core/kernel_facts.go:807.53,809.2 1 1
codenerd/internal/core/kernel_facts.go:812.58,814.2 1 1
codenerd/internal/core/kernel_facts.go:817.82,818.28 1 1
codenerd/internal/core/kernel_facts.go:818.28,820.3 1 1
codenerd/internal/core/kernel_facts.go:824.48,826.2 1 1
codenerd/internal/core/kernel_facts.go:830.45,831.18 1 1
codenerd/internal/core/kernel_facts.go:831.18,833.3 1 1
codenerd/internal/core/kernel_facts.go:834.2,837.32 3 1
codenerd/internal/core/kernel_facts.go:837.32,839.3 1 1
codenerd/internal/core/kernel_facts.go:841.2,850.44 6 1
codenerd/internal/core/kernel_facts.go:850.44,851.43 1 1
codenerd/internal/core/kernel_facts.go:851.43,853.4 1 1
codenerd/internal/core/kernel_facts.go:857.2,857.37 1 1
codenerd/internal/core/kernel_facts.go:857.37,858.29 1 1
codenerd/internal/core/kernel_facts.go:858.29,859.56 1 1
codenerd/internal/core/kernel_facts.go:859.56,861.10 2 1
codenerd/internal/core/kernel_facts.go:864.3,864.14 1 1
codenerd/internal/core/kernel_facts.go:864.14,866.30 2 1
codenerd/internal/core/kernel_facts.go:866.30,867.58 1 1
codenerd/internal/core/kernel_facts.go:867.58,869.6 1 1
codenerd/internal/core/kernel_facts.go:871.4,871.22 1 1
codenerd/internal/core/kernel_facts.go:876.2,876.37 1 1
codenerd/internal/core/kernel_facts.go:876.37,877.34 1 1
codenerd/internal/core/kernel_facts.go:877.34,879.4 1 1
codenerd/internal/core/kernel_facts.go:883.2,883.42 1 1
codenerd/internal/core/kernel_facts.go:883.42,884.39 1 1
codenerd/internal/core/kernel_facts.go:884.39,886.4 1 1
codenerd/internal/core/kernel_facts.go:890.2,890.13 1 1
codenerd/internal/core/kernel_facts.go:890.13,893.3 2 1
codenerd/internal/core/kernel_facts.go:896.2,897.35 2 1
codenerd/internal/core/kernel_facts.go:897.35,899.30 2 1
codenerd/internal/core/kernel_facts.go:899.30,901.4 1 1
codenerd/internal/core/kernel_facts.go:904.2,914.32 3 1
codenerd/internal/core/kernel_facts.go:914.32,915.37 1 1
codenerd/internal/core/kernel_facts.go:915.37,918.4 2 0
codenerd/internal/core/kernel_facts.go:921.2,921.12 1 1
codenerd/internal/core/kernel_facts.go:925.93,928.28 3 1
codenerd/internal/core/kernel_facts.go:928.28,929.31 1 1
codenerd/internal/core/kernel_facts.go:929.31,932.4 2 1
codenerd/internal/core/kernel_facts.go:932.9,934.4 1 1
codenerd/internal/core/kernel_facts.go:937.2,937.36 1 1
codenerd/internal/core/kernel_facts.go:937.36,939.3 1 1
codenerd/internal/core/kernel_facts.go:940.2,941.18 2 1
codenerd/internal/core/kernel_facts.go:945.79,946.25 1 1
codenerd/internal/core/kernel_facts.go:946.25,948.3 1 0
codenerd/internal/core/kernel_facts.go:949.2,951.28 3 1
codenerd/internal/core/kernel_facts.go:951.28,952.93 1 1
codenerd/internal/core/kernel_facts.go:952.93,954.4 1 1
codenerd/internal/core/kernel_facts.go:954.9,957.4 2 1
codenerd/internal/core/kernel_facts.go:959.2,959.36 1 1
codenerd/internal/core/kernel_facts.go:959.36,961.3 1 1
codenerd/internal/core/kernel_facts.go:962.2,963.18 2 1
codenerd/internal/core/kernel_facts.go:967.84,970.28 3 1
codenerd/internal/core/kernel_facts.go:970.28,971.69 1 1
codenerd/internal/core/kernel_facts.go:971.69,973.26 2 1
codenerd/internal/core/kernel_facts.go:973.26,974.44 1 1
codenerd/internal/core/kernel_facts.go:974.44,976.11 2 1
codenerd/internal/core/kernel_facts.go:979.4,979.13 1 1
codenerd/internal/core/kernel_facts.go:979.13,981.13 2 1
codenerd/internal/core/kernel_facts.go:984.3,985.6 2 1
codenerd/internal/core/kernel_facts.go:987.2,987.36 1 1
codenerd/internal/core/kernel_facts.go:987.36,989.3 1 1
codenerd/internal/core/kernel_facts.go:990.2,991.18 2 1
codenerd/internal/core/kernel_facts.go:1000.39,1002.26 1 1
codenerd/internal/core/kernel_facts.go:1002.26,1004.3 1 1
codenerd/internal/core/kernel_facts.go:1005.2,1005.26 1 1
codenerd/internal/core/kernel_facts.go:1005.26,1007.3 1 1
codenerd/internal/core/kernel_facts.go:1010.2,1010.24 1 1
codenerd/internal/core/kernel_facts.go:1011.14,1012.31 1 1
codenerd/internal/core/kernel_facts.go:1012.31,1014.4 1 1
codenerd/internal/core/kernel_facts.go:1016.3,1016.35 1 1
codenerd/internal/core/kernel_facts.go:1016.35,1018.4 1 1
codenerd/internal/core/kernel_facts.go:1019.18,1021.35 1 1
codenerd/internal/core/kernel_facts.go:1021.35,1023.4 1 1
codenerd/internal/core/kernel_facts.go:1024.3,1024.31 1 1
codenerd/internal/core/kernel_facts.go:1024.31,1026.4 1 1
codenerd/internal/core/kernel_facts.go:1027.11,1029.28 1 1
codenerd/internal/core/kernel_facts.go:1029.28,1031.4 1 1
codenerd/internal/core/kernel_facts.go:1033.3,1033.30 1 1
codenerd/internal/core/kernel_facts.go:1033.30,1035.4 1 1
codenerd/internal/core/kernel_facts.go:1036.13,1037.30 1 1
codenerd/internal/core/kernel_facts.go:1037.30,1039.4 1 1
codenerd/internal/core/kernel_facts.go:1041.3,1041.28 1 1
codenerd/internal/core/kernel_facts.go:1041.28,1043.4 1 1
codenerd/internal/core/kernel_facts.go:1044.12,1045.29 1 1
codenerd/internal/core/kernel_facts.go:1045.29,1047.4 1 1
codenerd/internal/core/kernel_facts.go:1048.3,1048.31 1 1
codenerd/internal/core/kernel_facts.go:1048.31,1050.4 1 1
codenerd/internal/core/kernel_facts.go:1051.14,1052.31 1 0
codenerd/internal/core/kernel_facts.go:1052.31,1054.4 1 0
codenerd/internal/core/kernel_facts.go:1055.3,1055.29 1 0
codenerd/internal/core/kernel_facts.go:1055.29,1057.4 1 0
codenerd/internal/core/kernel_facts.go:1058.13,1059.30 1 0
codenerd/internal/core/kernel_facts.go:1059.30,1061.4 1 0
codenerd/internal/core/kernel_facts.go:1062.14,1063.31 1 0
codenerd/internal/core/kernel_facts.go:1063.31,1065.4 1 0
codenerd/internal/core/kernel_facts.go:1066.15,1067.32 1 1
codenerd/internal/core/kernel_facts.go:1067.32,1069.4 1 1
codenerd/internal/core/kernel_facts.go:1070.12,1071.29 1 1
codenerd/internal/core/kernel_facts.go:1071.29,1073.4 1 1
codenerd/internal/core/kernel_facts.go:1074.30,1076.47 1 1
codenerd/internal/core/kernel_facts.go:1076.47,1078.4 1 1
codenerd/internal/core/kernel_facts.go:1079.21,1081.38 1 1
codenerd/internal/core/kernel_facts.go:1081.38,1083.4 1 1
codenerd/internal/core/kernel_facts.go:1084.10,1087.33 1 0
codenerd/internal/core/kernel_facts.go:1091.2,1091.14 1 1
codenerd/internal/core/kernel_facts.go:1095.46,1096.22 1 1
codenerd/internal/core/kernel_facts.go:1096.22,1098.3 1 1
codenerd/internal/core/kernel_facts.go:1099.2,1099.19 1 1
codenerd/internal/core/kernel_facts.go:1099.19,1100.29 1 1
codenerd/internal/core/kernel_facts.go:1100.29,1102.4 1 1
codenerd/internal/core/kernel_facts.go:1104.2,1104.13 1 1
codenerd/internal/core/kernel_facts.go:1107.47,1108.32 1 1
codenerd/internal/core/kernel_facts.go:1108.32,1110.3 1 1
codenerd/internal/core/kernel_facts.go:1113.2,1113.39 1 1
codenerd/internal/core/kernel_facts.go:1113.39,1115.3 1 1
codenerd/internal/core/kernel_facts.go:1119.2,1119.31 1 1
codenerd/internal/core/kernel_facts.go:1119.31,1121.3 1 1
codenerd/internal/core/kernel_facts.go:1124.2,1124.25 1 1
codenerd/internal/core/kernel_facts.go:1124.25,1126.3 1 0
codenerd/internal/core/kernel_facts.go:1128.2,1129.19 2 1
codenerd/internal/core/kernel_facts.go:1132.38,1141.33 3 1
codenerd/internal/core/kernel_facts.go:1141.33,1142.37 1 1
codenerd/internal/core/kernel_facts.go:1142.37,1144.4 1 1
codenerd/internal/core/kernel_facts.go:1146.2,1146.14 1 1
codenerd/internal/core/kernel_facts.go:1153.52,1154.21 1 1
codenerd/internal/core/kernel_facts.go:1155.21,1157.22 1 1
codenerd/internal/core/kernel_facts.go:1157.22,1159.4 1 1
codenerd/internal/core/kernel_facts.go:1160.21,1162.22 1 1
codenerd/internal/core/kernel_facts.go:1162.22,1164.4 1 1
codenerd/internal/core/kernel_facts.go:1165.23,1167.22 1 1
codenerd/internal/core/kernel_facts.go:1167.22,1169.4 1 1
codenerd/internal/core/kernel_facts.go:1171.2,1171.10 1 1
codenerd/internal/core/kernel_facts.go:1174.60,1175.23 1 1
codenerd/internal/core/kernel_facts.go:1176.14,1177.35 1 1
codenerd/internal/core/kernel_facts.go:1178.18,1179.43 1 0
codenerd/internal/core/kernel_facts.go:1180.10,1181.11 1 1
codenerd/internal/core/kernel_facts.go:1185.73,1187.16 2 1
codenerd/internal/core/kernel_facts.go:1187.16,1189.3 1 0
codenerd/internal/core/kernel_facts.go:1191.2,1192.17 2 1
codenerd/internal/core/kernel_facts.go:1193.18,1194.20 1 1
codenerd/internal/core/kernel_facts.go:1195.14,1196.19 1 1
codenerd/internal/core/kernel_facts.go:1197.26,1198.19 1 1
codenerd/internal/core/kernel_facts.go:1199.13,1200.19 1 1
codenerd/internal/core/kernel_facts.go:1201.16,1202.19 1 1
codenerd/internal/core/kernel_facts.go:1203.10,1206.18 2 0
codenerd/internal/core/kernel_facts.go:1211.48,1217.2 5 1
codenerd/internal/core/kernel_facts.go:1220.38,1224.2 3 1
codenerd/internal/core/kernel_facts.go:1227.43,1233.2 5 1
codenerd/internal/core/kernel_facts.go:1237.37,1241.2 3 1
codenerd/internal/core/kernel_facts.go:1245.56,1251.2 5 1
codenerd/internal/core/kernel_facts.go:1255.55,1261.2 5 1
codenerd/internal/core/kernel_init.go:18.47,19.25 1 1
codenerd/internal/core/kernel_init.go:19.25,21.3 1 0
codenerd/internal/core/kernel_init.go:23.2,25.33 3 1
codenerd/internal/core/kernel_init.go:25.33,26.34 1 1
codenerd/internal/core/kernel_init.go:26.34,29.12 3 0
codenerd/internal/core/kernel_init.go:31.3,31.50 1 1
codenerd/internal/core/kernel_init.go:33.2,33.23 1 1
codenerd/internal/core/kernel_init.go:33.23,35.3 1 0
codenerd/internal/core/kernel_init.go:36.2,36.24 1 1
codenerd/internal/core/kernel_init.go:41.43,60.44 5 1
codenerd/internal/core/kernel_init.go:60.44,63.3 2 0
codenerd/internal/core/kernel_init.go:66.2,70.26 2 1
codenerd/internal/core/kernel_init.go:70.26,72.3 1 1
codenerd/internal/core/kernel_init.go:73.2,78.37 3 1
codenerd/internal/core/kernel_init.go:78.37,82.3 3 0
codenerd/internal/core/kernel_init.go:84.2,86.15 3 1
codenerd/internal/core/kernel_init.go:91.76,94.25 3 0
codenerd/internal/core/kernel_init.go:94.25,95.58 1 0
codenerd/internal/core/kernel_init.go:95.58,97.4 1 0
codenerd/internal/core/kernel_init.go:99.2,116.44 4 0
codenerd/internal/core/kernel_init.go:116.44,119.3 2 0
codenerd/internal/core/kernel_init.go:122.2,126.26 2 0
codenerd/internal/core/kernel_init.go:126.26,128.3 1 0
codenerd/internal/core/kernel_init.go:129.2,134.37 3 0
codenerd/internal/core/kernel_init.go:134.37,138.3 3 0
codenerd/internal/core/kernel_init.go:140.2,142.15 3 0
codenerd/internal/core/kernel_init.go:147.68,165.44 5 0
codenerd/internal/core/kernel_init.go:165.44,168.3 2 0
codenerd/internal/core/kernel_init.go:171.2,175.26 2 0
codenerd/internal/core/kernel_init.go:175.26,177.3 1 0
codenerd/internal/core/kernel_init.go:178.2,182.37 3 0
codenerd/internal/core/kernel_init.go:182.37,186.3 3 0
codenerd/internal/core/kernel_init.go:188.2,190.15 3 0
codenerd/internal/core/kernel_init.go:196.48,200.2 3 0
codenerd/internal/core/kernel_init.go:203.44,207.2 3 0
codenerd/internal/core/kernel_init.go:211.53,215.2 3 0
codenerd/internal/core/kernel_init.go:218.48,221.29 3 0
codenerd/internal/core/kernel_init.go:221.29,223.3 1 0
codenerd/internal/core/kernel_init.go:224.2,224.27 1 0
codenerd/internal/core/kernel_init.go:232.45,236.2 3 1
codenerd/internal/core/kernel_init.go:239.40,242.21 3 1
codenerd/internal/core/kernel_init.go:242.21,244.3 1 1
codenerd/internal/core/kernel_init.go:245.2,245.19 1 1
codenerd/internal/core/kernel_init.go:251.79,255.24 4 0
codenerd/internal/core/kernel_init.go:255.24,257.3 1 0
codenerd/internal/core/kernel_init.go:261.68,265.2 3 1
codenerd/internal/core/kernel_init.go:269.54,270.27 1 1
codenerd/internal/core/kernel_init.go:270.27,272.3 1 0
codenerd/internal/core/kernel_init.go:273.2,273.40 1 1
codenerd/internal/core/kernel_init.go:278.46,288.72 4 1
codenerd/internal/core/kernel_init.go:288.72,291.3 2 1
codenerd/internal/core/kernel_init.go:291.8,293.3 1 0
codenerd/internal/core/kernel_init.go:297.2,332.41 3 1
codenerd/internal/core/kernel_init.go:332.41,334.56 2 1
codenerd/internal/core/kernel_init.go:334.56,338.4 3 1
codenerd/internal/core/kernel_init.go:338.9,340.4 1 0
codenerd/internal/core/kernel_init.go:342.2,348.16 4 1
codenerd/internal/core/kernel_init.go:348.16,350.39 2 1
codenerd/internal/core/kernel_init.go:350.39,351.64 1 1
codenerd/internal/core/kernel_init.go:351.64,353.58 2 1
codenerd/internal/core/kernel_init.go:353.58,357.6 3 1
codenerd/internal/core/kernel_init.go:357.11,359.6 1 0
codenerd/internal/core/kernel_init.go:362.3,362.114 1 1
codenerd/internal/core/kernel_init.go:363.8,367.3 2 0
codenerd/internal/core/kernel_init.go:370.2,382.34 3 1
codenerd/internal/core/kernel_init.go:382.34,383.69 1 1
codenerd/internal/core/kernel_init.go:383.69,387.4 3 1
codenerd/internal/core/kernel_init.go:387.9,389.4 1 0
codenerd/internal/core/kernel_init.go:391.2,397.72 3 1
codenerd/internal/core/kernel_init.go:397.72,400.3 2 1
codenerd/internal/core/kernel_init.go:400.8,402.3 1 0
codenerd/internal/core/kernel_init.go:406.2,413.40 4 1
codenerd/internal/core/kernel_init.go:413.40,414.19 1 1
codenerd/internal/core/kernel_init.go:414.19,415.12 1 1
codenerd/internal/core/kernel_init.go:417.3,421.45 3 1
codenerd/internal/core/kernel_init.go:421.45,422.61 1 0
codenerd/internal/core/kernel_init.go:422.61,429.5 6 0
codenerd/internal/core/kernel_init.go:429.10,431.5 1 0
codenerd/internal/core/kernel_init.go:435.3,436.48 2 1
codenerd/internal/core/kernel_init.go:436.48,437.64 1 0
codenerd/internal/core/kernel_init.go:437.64,444.5 6 0
codenerd/internal/core/kernel_init.go:444.10,446.5 1 0
codenerd/internal/core/kernel_init.go:450.3,451.49 2 1
codenerd/internal/core/kernel_init.go:451.49,453.18 2 0
codenerd/internal/core/kernel_init.go:453.18,455.13 2 0
codenerd/internal/core/kernel_init.go:457.4,468.51 8 0
codenerd/internal/core/kernel_init.go:468.51,470.70 2 0
codenerd/internal/core/kernel_init.go:470.70,472.6 1 0
codenerd/internal/core/kernel_init.go:476.4,476.32 1 0
codenerd/internal/core/kernel_init.go:476.32,478.5 1 0
codenerd/internal/core/kernel_init.go:481.4,481.66 1 0
codenerd/internal/core/kernel_init.go:484.2,492.12 5 1
codenerd/internal/core/kernel_init.go:496.44,501.16 4 1
codenerd/internal/core/kernel_init.go:501.16,505.3 3 0
codenerd/internal/core/kernel_init.go:507.2,508.46 2 1
codenerd/internal/core/kernel_init.go:508.46,511.3 1 1
codenerd/internal/core/kernel_init.go:511.8,513.3 1 0
codenerd/internal/core/kernel_init.go:514.2,514.14 1 1
codenerd/internal/core/kernel_init.go:518.60,520.2 1 0
codenerd/internal/core/kernel_init.go:524.50,526.2 1 0
codenerd/internal/core/kernel_init.go:530.58,533.29 3 1
codenerd/internal/core/kernel_init.go:533.29,535.3 1 1
codenerd/internal/core/kernel_init.go:536.2,539.12 4 0
codenerd/internal/core/kernel_init.go:544.58,547.29 3 0
codenerd/internal/core/kernel_init.go:547.29,549.3 1 0
codenerd/internal/core/kernel_init.go:550.2,553.12 4 0
codenerd/internal/core/kernel_policy.go:25.45,26.45 1 0
codenerd/internal/core/kernel_policy.go:26.45,30.3 2 0
codenerd/internal/core/kernel_policy.go:31.2,31.12 1 0
codenerd/internal/core/kernel_policy.go:39.47,47.2 7 1
codenerd/internal/core/kernel_policy.go:50.60,58.2 7 1
codenerd/internal/core/kernel_policy.go:61.56,67.43 5 1
codenerd/internal/core/kernel_policy.go:67.43,71.3 3 1
codenerd/internal/core/kernel_policy.go:72.2,80.74 3 1
codenerd/internal/core/kernel_policy.go:80.74,83.3 2 1
codenerd/internal/core/kernel_policy.go:86.2,86.17 1 1
codenerd/internal/core/kernel_policy.go:86.17,88.54 2 0
codenerd/internal/core/kernel_policy.go:88.54,91.4 2 0
codenerd/internal/core/kernel_policy.go:95.2,95.17 1 1
codenerd/internal/core/kernel_policy.go:95.17,96.50 1 0
codenerd/internal/core/kernel_policy.go:96.50,99.4 2 0
codenerd/internal/core/kernel_policy.go:103.2,103.17 1 1
codenerd/internal/core/kernel_policy.go:103.17,110.33 2 0
codenerd/internal/core/kernel_policy.go:110.33,112.18 2 0
codenerd/internal/core/kernel_policy.go:112.18,115.10 3 0
codenerd/internal/core/kernel_policy.go:120.2,120.17 1 1
codenerd/internal/core/kernel_policy.go:120.17,123.3 2 0
codenerd/internal/core/kernel_policy.go:125.2,127.32 3 1
codenerd/internal/core/kernel_policy.go:127.32,129.3 1 0
codenerd/internal/core/kernel_policy.go:130.2,130.43 1 1
codenerd/internal/core/kernel_policy.go:130.43,133.3 2 0
codenerd/internal/core/kernel_policy.go:135.2,141.12 7 1
codenerd/internal/core/kernel_policy.go:145.41,149.2 3 1
codenerd/internal/core/kernel_policy.go:159.53,162.16 2 0
codenerd/internal/core/kernel_policy.go:162.16,166.3 3 0
codenerd/internal/core/kernel_policy.go:168.2,169.28 2 0
codenerd/internal/core/kernel_policy.go:169.28,171.3 1 0
codenerd/internal/core/kernel_policy.go:172.2,176.50 2 0
codenerd/internal/core/kernel_policy.go:176.50,179.3 2 0
codenerd/internal/core/kernel_policy.go:181.2,185.28 3 0
codenerd/internal/core/kernel_policy.go:185.28,187.3 1 0
codenerd/internal/core/kernel_policy.go:188.2,199.76 9 0
codenerd/internal/core/kernel_policy.go:199.76,202.3 2 0
codenerd/internal/core/kernel_policy.go:203.2,207.12 4 0
codenerd/internal/core/kernel_policy.go:228.19,232.19 3 0
codenerd/internal/core/kernel_policy.go:232.19,234.3 1 0
codenerd/internal/core/kernel_policy.go:236.2,236.22 1 0
codenerd/internal/core/kernel_policy.go:236.22,238.3 1 0
codenerd/internal/core/kernel_policy.go:241.2,249.25 6 0
codenerd/internal/core/kernel_policy.go:249.25,251.38 2 0
codenerd/internal/core/kernel_policy.go:251.38,253.4 1 0
codenerd/internal/core/kernel_policy.go:256.2,273.16 6 0
codenerd/internal/core/kernel_policy.go:273.16,275.20 2 0
codenerd/internal/core/kernel_policy.go:275.20,277.4 1 0
codenerd/internal/core/kernel_policy.go:278.3,280.59 2 0
codenerd/internal/core/kernel_policy.go:283.2,283.36 1 0
codenerd/internal/core/kernel_policy.go:283.36,285.20 2 0
codenerd/internal/core/kernel_policy.go:285.20,287.4 1 0
codenerd/internal/core/kernel_policy.go:288.3,290.60 2 0
codenerd/internal/core/kernel_policy.go:293.2,297.25 3 0
codenerd/internal/core/kernel_policy.go:325.60,334.24 5 0
codenerd/internal/core/kernel_policy.go:334.24,338.17 4 0
codenerd/internal/core/kernel_policy.go:338.17,341.4 2 0
codenerd/internal/core/kernel_policy.go:342.3,342.27 1 0
codenerd/internal/core/kernel_policy.go:342.27,345.4 2 0
codenerd/internal/core/kernel_policy.go:348.2,349.28 2 0
codenerd/internal/core/kernel_policy.go:349.28,351.3 1 0
codenerd/internal/core/kernel_policy.go:352.2,354.50 2 0
codenerd/internal/core/kernel_policy.go:354.50,357.3 2 0
codenerd/internal/core/kernel_policy.go:359.2,366.76 6 0
codenerd/internal/core/kernel_policy.go:366.76,369.3 2 0
codenerd/internal/core/kernel_policy.go:373.2,373.52 1 0
codenerd/internal/core/kernel_policy.go:373.52,376.3 2 0
codenerd/internal/core/kernel_policy.go:377.2,381.61 2 0
codenerd/internal/core/kernel_policy.go:381.61,384.3 2 0
codenerd/internal/core/kernel_policy.go:385.2,388.52 2 0
codenerd/internal/core/kernel_policy.go:388.52,391.3 2 0
codenerd/internal/core/kernel_policy.go:393.2,399.12 6 0
codenerd/internal/core/kernel_policy.go:402.71,411.16 5 0
codenerd/internal/core/kernel_policy.go:411.16,412.28 1 0
codenerd/internal/core/kernel_policy.go:412.28,414.4 1 0
codenerd/internal/core/kernel_policy.go:414.9,416.4 1 0
codenerd/internal/core/kernel_policy.go:418.2,418.33 1 0
codenerd/internal/core/kernel_policy.go:421.58,422.16 1 0
codenerd/internal/core/kernel_policy.go:422.16,424.3 1 0
codenerd/internal/core/kernel_policy.go:425.2,425.21 1 0
codenerd/internal/core/kernel_policy.go:425.21,427.3 1 0
codenerd/internal/core/kernel_policy.go:427.8,429.3 1 0
codenerd/internal/core/kernel_policy.go:430.2,430.22 1 0
codenerd/internal/core/kernel_policy.go:434.61,440.24 3 0
codenerd/internal/core/kernel_policy.go:440.24,442.3 1 0
codenerd/internal/core/kernel_policy.go:443.2,446.53 2 0
codenerd/internal/core/kernel_policy.go:446.53,449.3 2 0
codenerd/internal/core/kernel_policy.go:451.2,455.16 3 0
codenerd/internal/core/kernel_policy.go:455.16,458.3 2 0
codenerd/internal/core/kernel_policy.go:459.2,464.16 3 0
codenerd/internal/core/kernel_policy.go:464.16,467.3 2 0
codenerd/internal/core/kernel_policy.go:469.2,470.12 2 0
codenerd/internal/core/kernel_policy.go:474.42,478.2 3 1
codenerd/internal/core/kernel_policy.go:481.49,487.2 5 1
codenerd/internal/core/kernel_query.go:30.62,31.21 1 1
codenerd/internal/core/kernel_query.go:31.21,33.3 1 1
codenerd/internal/core/kernel_query.go:34.2,40.19 3 1
codenerd/internal/core/kernel_query.go:40.19,44.19 3 1
codenerd/internal/core/kernel_query.go:44.19,46.39 2 1
codenerd/internal/core/kernel_query.go:46.39,49.5 2 0
codenerd/internal/core/kernel_query.go:50.4,50.24 1 1
codenerd/internal/core/kernel_query.go:52.3,53.15 2 1
codenerd/internal/core/kernel_query.go:55.2,57.20 2 1
codenerd/internal/core/kernel_query.go:57.20,61.3 3 1
codenerd/internal/core/kernel_query.go:65.2,71.51 2 1
codenerd/internal/core/kernel_query.go:71.51,74.64 2 1
codenerd/internal/core/kernel_query.go:74.64,79.4 4 1
codenerd/internal/core/kernel_query.go:82.2,85.26 2 1
codenerd/internal/core/kernel_query.go:85.26,89.3 3 0
codenerd/internal/core/kernel_query.go:92.2,93.40 2 1
codenerd/internal/core/kernel_query.go:93.40,94.82 1 1
codenerd/internal/core/kernel_query.go:94.82,97.64 2 1
codenerd/internal/core/kernel_query.go:97.64,100.61 2 1
codenerd/internal/core/kernel_query.go:100.61,102.6 1 1
codenerd/internal/core/kernel_query.go:103.5,103.15 1 1
codenerd/internal/core/kernel_query.go:105.4,105.9 1 1
codenerd/internal/core/kernel_query.go:109.2,109.21 1 1
codenerd/internal/core/kernel_query.go:109.21,113.3 1 1
codenerd/internal/core/kernel_query.go:116.2,120.34 2 1
codenerd/internal/core/kernel_query.go:120.34,122.3 1 0
codenerd/internal/core/kernel_query.go:124.2,125.22 2 1
codenerd/internal/core/kernel_query.go:125.22,127.3 1 1
codenerd/internal/core/kernel_query.go:128.2,129.21 2 1
codenerd/internal/core/kernel_query.go:132.52,133.38 1 1
codenerd/internal/core/kernel_query.go:133.38,135.3 1 0
codenerd/internal/core/kernel_query.go:136.2,136.38 1 1
codenerd/internal/core/kernel_query.go:136.38,138.3 1 0
codenerd/internal/core/kernel_query.go:139.2,139.30 1 1
codenerd/internal/core/kernel_query.go:139.30,140.53 1 1
codenerd/internal/core/kernel_query.go:140.53,142.4 1 1
codenerd/internal/core/kernel_query.go:144.2,144.13 1 1
codenerd/internal/core/kernel_query.go:147.69,149.64 1 1
codenerd/internal/core/kernel_query.go:149.64,151.3 1 1
codenerd/internal/core/kernel_query.go:155.2,159.30 3 1
codenerd/internal/core/kernel_query.go:159.30,161.3 1 1
codenerd/internal/core/kernel_query.go:164.2,164.33 1 1
codenerd/internal/core/kernel_query.go:165.13,166.37 1 0
codenerd/internal/core/kernel_query.go:166.37,168.4 1 0
codenerd/internal/core/kernel_query.go:169.14,170.38 1 1
codenerd/internal/core/kernel_query.go:170.38,172.4 1 1
codenerd/internal/core/kernel_query.go:173.18,174.42 1 0
codenerd/internal/core/kernel_query.go:174.42,176.4 1 0
codenerd/internal/core/kernel_query.go:178.3,178.38 1 0
codenerd/internal/core/kernel_query.go:178.38,180.4 1 0
codenerd/internal/core/kernel_query.go:181.12,182.36 1 0
codenerd/internal/core/kernel_query.go:182.36,184.4 1 0
codenerd/internal/core/kernel_query.go:185.10,188.51 1 0
codenerd/internal/core/kernel_query.go:191.2,191.14 1 0
codenerd/internal/core/kernel_query.go:194.53,195.23 1 1
codenerd/internal/core/kernel_query.go:196.11,197.18 1 0
codenerd/internal/core/kernel_query.go:198.13,199.11 1 0
codenerd/internal/core/kernel_query.go:200.15,202.18 1 0
codenerd/internal/core/kernel_query.go:203.10,204.11 1 1
codenerd/internal/core/kernel_query.go:211.81,218.19 4 0
codenerd/internal/core/kernel_query.go:218.19,221.19 3 0
codenerd/internal/core/kernel_query.go:221.19,223.39 2 0
codenerd/internal/core/kernel_query.go:223.39,226.5 2 0
codenerd/internal/core/kernel_query.go:227.4,227.24 1 0
codenerd/internal/core/kernel_query.go:229.3,230.15 2 0
codenerd/internal/core/kernel_query.go:232.2,234.20 2 0
codenerd/internal/core/kernel_query.go:234.20,238.3 3 0
codenerd/internal/core/kernel_query.go:241.2,247.51 2 0
codenerd/internal/core/kernel_query.go:247.51,249.64 2 0
codenerd/internal/core/kernel_query.go:249.64,254.4 4 0
codenerd/internal/core/kernel_query.go:257.2,257.26 1 0
codenerd/internal/core/kernel_query.go:257.26,261.3 3 0
codenerd/internal/core/kernel_query.go:264.2,266.40 3 0
codenerd/internal/core/kernel_query.go:266.40,267.82 1 0
codenerd/internal/core/kernel_query.go:267.82,270.71 2 0
codenerd/internal/core/kernel_query.go:270.71,273.61 2 0
codenerd/internal/core/kernel_query.go:273.61,274.37 1 0
codenerd/internal/core/kernel_query.go:274.37,276.7 1 0
codenerd/internal/core/kernel_query.go:277.6,277.13 1 0
codenerd/internal/core/kernel_query.go:279.5,279.15 1 0
codenerd/internal/core/kernel_query.go:281.4,281.18 1 0
codenerd/internal/core/kernel_query.go:281.18,284.5 2 0
codenerd/internal/core/kernel_query.go:285.4,285.9 1 0
codenerd/internal/core/kernel_query.go:289.2,289.21 1 0
codenerd/internal/core/kernel_query.go:289.21,291.3 1 0
codenerd/internal/core/kernel_query.go:293.2,296.12 4 0
codenerd/internal/core/kernel_query.go:300.60,307.19 4 1
codenerd/internal/core/kernel_query.go:307.19,310.19 3 1
codenerd/internal/core/kernel_query.go:310.19,312.39 2 1
codenerd/internal/core/kernel_query.go:312.39,315.5 2 0
codenerd/internal/core/kernel_query.go:316.4,316.24 1 1
codenerd/internal/core/kernel_query.go:318.3,319.15 2 1
codenerd/internal/core/kernel_query.go:321.2,323.20 2 1
codenerd/internal/core/kernel_query.go:323.20,327.3 3 0
codenerd/internal/core/kernel_query.go:329.2,331.26 2 1
codenerd/internal/core/kernel_query.go:331.26,335.3 3 1
codenerd/internal/core/kernel_query.go:338.2,339.40 2 1
codenerd/internal/core/kernel_query.go:339.40,343.63 3 1
codenerd/internal/core/kernel_query.go:343.63,348.4 4 1
codenerd/internal/core/kernel_query.go:351.2,353.21 3 1
codenerd/internal/core/kernel_query.go:357.67,359.2 1 0
codenerd/internal/core/kernel_query.go:362.59,366.16 3 1
codenerd/internal/core/kernel_query.go:366.16,369.3 2 1
codenerd/internal/core/kernel_query.go:371.2,372.16 2 1
codenerd/internal/core/kernel_query.go:372.16,375.3 2 0
codenerd/internal/core/kernel_query.go:377.2,377.21 1 1
codenerd/internal/core/kernel_query.go:377.21,380.3 2 1
codenerd/internal/core/kernel_query.go:382.2,383.27 2 1
codenerd/internal/core/kernel_query.go:391.52,393.16 2 1
codenerd/internal/core/kernel_query.go:393.16,395.3 1 0
codenerd/internal/core/kernel_query.go:396.2,396.21 1 1
codenerd/internal/core/kernel_query.go:396.21,398.3 1 1
codenerd/internal/core/kernel_query.go:399.2,399.20 1 1
codenerd/internal/core/kernel_query.go:399.20,401.3 1 1
codenerd/internal/core/kernel_query.go:402.2,402.22 1 0
codenerd/internal/core/kernel_query.go:406.34,408.30 2 1
codenerd/internal/core/kernel_query.go:408.30,410.3 1 1
codenerd/internal/core/kernel_query.go:411.2,414.3 1 1
codenerd/internal/core/kernel_query.go:418.53,419.26 1 1
codenerd/internal/core/kernel_query.go:420.20,421.17 1 1
codenerd/internal/core/kernel_query.go:422.21,423.19 1 1
codenerd/internal/core/kernel_query.go:424.23,425.19 1 1
codenerd/internal/core/kernel_query.go:426.22,427.19 1 0
codenerd/internal/core/kernel_query.go:428.23,429.21 1 1
codenerd/internal/core/kernel_query.go:430.24,432.14 2 1
codenerd/internal/core/kernel_query.go:433.11,436.19 2 1
codenerd/internal/core/kernel_query.go:438.20,439.38 1 1
codenerd/internal/core/kernel_query.go:440.10,441.33 1 1
codenerd/internal/core/kernel_query.go:450.52,452.75 1 1
codenerd/internal/core/kernel_query.go:452.75,454.3 1 1
codenerd/internal/core/kernel_query.go:455.2,457.16 3 1
codenerd/internal/core/kernel_query.go:457.16,459.3 1 1
codenerd/internal/core/kernel_query.go:461.2,461.30 1 1
codenerd/internal/core/kernel_query.go:461.30,463.3 1 0
codenerd/internal/core/kernel_query.go:466.2,470.30 3 1
codenerd/internal/core/kernel_query.go:474.59,477.16 2 1
codenerd/internal/core/kernel_query.go:477.16,479.3 1 0
codenerd/internal/core/kernel_query.go:481.2,482.40 2 1
codenerd/internal/core/kernel_query.go:482.40,484.31 1 1
codenerd/internal/core/kernel_query.go:484.31,485.12 1 1
codenerd/internal/core/kernel_query.go:489.3,490.42 2 1
codenerd/internal/core/kernel_query.go:493.2,493.19 1 1
codenerd/internal/core/kernel_query.go:498.48,506.25 6 1
codenerd/internal/core/kernel_query.go:506.25,509.3 2 1
codenerd/internal/core/kernel_query.go:510.2,510.57 1 1
codenerd/internal/core/kernel_query.go:510.57,512.3 1 1
codenerd/internal/core/kernel_query.go:513.2,513.70 1 1
codenerd/internal/core/kernel_query.go:513.70,516.3 2 1
codenerd/internal/core/kernel_query.go:518.2,519.16 2 0
codenerd/internal/core/kernel_query.go:519.16,522.3 2 0
codenerd/internal/core/kernel_query.go:524.2,534.18 8 0
codenerd/internal/core/kernel_query.go:534.18,537.3 2 0
codenerd/internal/core/kernel_query.go:538.2,538.28 1 0
codenerd/internal/core/kernel_query.go:538.28,540.3 1 0
codenerd/internal/core/kernel_query.go:541.2,541.28 1 0
codenerd/internal/core/kernel_query.go:541.28,543.3 1 0
codenerd/internal/core/kernel_query.go:544.2,546.20 2 0
codenerd/internal/core/kernel_query.go:549.56,551.16 2 0
codenerd/internal/core/kernel_query.go:551.16,553.3 1 0
codenerd/internal/core/kernel_query.go:554.2,554.17 1 0
codenerd/internal/core/kernel_query.go:557.67,558.25 1 0
codenerd/internal/core/kernel_query.go:558.25,560.3 1 0
codenerd/internal/core/kernel_query.go:561.2,563.16 3 0
codenerd/internal/core/kernel_query.go:563.16,565.3 1 0
codenerd/internal/core/kernel_query.go:566.2,566.47 1 0
codenerd/internal/core/kernel_query.go:569.58,574.29 4 0
codenerd/internal/core/kernel_query.go:574.29,575.20 1 0
codenerd/internal/core/kernel_query.go:575.20,576.12 1 0
codenerd/internal/core/kernel_query.go:578.3,580.17 3 0
codenerd/internal/core/kernel_query.go:580.17,581.12 1 0
codenerd/internal/core/kernel_query.go:583.3,583.37 1 0
codenerd/internal/core/kernel_query.go:583.37,586.4 2 0
codenerd/internal/core/kernel_query.go:587.3,589.21 2 0
codenerd/internal/core/kernel_query.go:589.21,591.12 2 0
codenerd/internal/core/kernel_query.go:593.3,593.43 1 0
codenerd/internal/core/kernel_query.go:593.43,595.4 1 0
codenerd/internal/core/kernel_query.go:598.2,598.39 1 0
codenerd/internal/core/kernel_query.go:601.45,603.15 2 0
codenerd/internal/core/kernel_query.go:603.15,605.3 1 0
codenerd/internal/core/kernel_query.go:606.2,608.29 3 0
codenerd/internal/core/kernel_query.go:608.29,610.17 2 0
codenerd/internal/core/kernel_query.go:610.17,612.4 1 0
codenerd/internal/core/kernel_query.go:614.2,614.12 1 0
codenerd/internal/core/kernel_query.go:617.46,618.22 1 0
codenerd/internal/core/kernel_query.go:618.22,620.3 1 0
codenerd/internal/core/kernel_query.go:621.2,623.31 3 0
codenerd/internal/core/kernel_query.go:623.31,625.18 2 0
codenerd/internal/core/kernel_query.go:625.18,626.12 1 0
codenerd/internal/core/kernel_query.go:628.3,628.31 1 0
codenerd/internal/core/kernel_query.go:628.31,629.12 1 0
codenerd/internal/core/kernel_query.go:631.3,632.27 2 0
codenerd/internal/core/kernel_query.go:634.2,634.12 1 0
codenerd/internal/core/kernel_shard.go:55.69,56.25 1 1
codenerd/internal/core/kernel_shard.go:56.25,58.3 1 1
codenerd/internal/core/kernel_shard.go:63.2,65.32 3 1
codenerd/internal/core/kernel_shard.go:65.32,67.3 1 0
codenerd/internal/core/kernel_shard.go:67.8,67.36 1 1
codenerd/internal/core/kernel_shard.go:67.36,69.3 1 0
codenerd/internal/core/kernel_shard.go:69.8,71.3 1 1
codenerd/internal/core/kernel_shard.go:72.2,72.16 1 1
codenerd/internal/core/kernel_shard.go:72.16,74.3 1 0
codenerd/internal/core/kernel_shard.go:77.2,78.46 2 1
codenerd/internal/core/kernel_shard.go:78.46,80.3 1 1
codenerd/internal/core/kernel_shard.go:82.2,94.19 3 1
codenerd/internal/core/kernel_shard.go:98.39,100.2 1 1
codenerd/internal/core/kernel_shard.go:103.55,107.2 3 1
codenerd/internal/core/kernel_shard.go:110.44,112.2 1 0
codenerd/internal/core/kernel_shard.go:115.53,120.2 4 1
codenerd/internal/core/kernel_shard.go:123.61,128.2 4 1
codenerd/internal/core/kernel_shard.go:131.55,136.2 4 1
codenerd/internal/core/kernel_shard.go:139.58,144.2 4 1
codenerd/internal/core/kernel_shard.go:147.69,157.35 7 1
codenerd/internal/core/kernel_shard.go:157.35,164.3 5 1
codenerd/internal/core/kernel_shard.go:166.2,166.21 1 1
codenerd/internal/core/kernel_shard.go:170.59,172.2 1 1
codenerd/internal/core/kernel_shard.go:175.57,177.2 1 0
codenerd/internal/core/kernel_shard.go:180.56,182.2 1 0
codenerd/internal/core/kernel_shard.go:185.51,187.2 1 1
codenerd/internal/core/kernel_shard.go:190.40,202.2 9 1
codenerd/internal/core/kernel_shard.go:205.39,207.2 1 1
codenerd/internal/core/kernel_shard.go:210.38,212.2 1 0
codenerd/internal/core/kernel_shard.go:220.95,224.52 3 0
codenerd/internal/core/kernel_shard.go:224.52,226.3 1 0
codenerd/internal/core/kernel_shard.go:228.2,228.43 1 0
codenerd/internal/core/kernel_shard.go:228.43,230.39 1 0
codenerd/internal/core/kernel_shard.go:230.39,231.31 1 0
codenerd/internal/core/kernel_shard.go:231.31,240.10 4 0
codenerd/internal/core/kernel_shard.go:245.2,248.18 2 0
codenerd/internal/core/kernel_shard.go:252.46,265.2 3 1
codenerd/internal/core/kernel_shard.go:291.56,293.2 1 0
codenerd/internal/core/kernel_shard.go:296.119,298.2 1 0
codenerd/internal/core/kernel_shard.go:303.148,309.24 4 0
codenerd/internal/core/kernel_shard.go:309.24,310.45 1 0
codenerd/internal/core/kernel_shard.go:310.45,312.4 1 0
codenerd/internal/core/kernel_shard.go:316.2,317.18 2 0
codenerd/internal/core/kernel_shard.go:317.18,319.3 1 0
codenerd/internal/core/kernel_shard.go:321.2,322.68 2 0
codenerd/internal/core/kernel_shard.go:322.68,327.3 3 0
codenerd/internal/core/kernel_shard.go:329.2,332.12 2 0
codenerd/internal/core/kernel_types.go:95.53,97.16 2 1
codenerd/internal/core/kernel_types.go:97.16,99.3 1 1
codenerd/internal/core/kernel_types.go:100.2,100.26 1 1
codenerd/internal/core/kernel_utils.go:19.61,21.2 1 1
codenerd/internal/core/kernel_utils.go:24.70,30.2 2 1
codenerd/internal/core/kernel_utils.go:34.78,35.21 1 1
codenerd/internal/core/kernel_utils.go:35.21,37.3 1 1
codenerd/internal/core/kernel_utils.go:39.2,40.26 2 0
codenerd/internal/core/kernel_utils.go:40.26,45.3 1 0
codenerd/internal/core/kernel_utils.go:47.2,47.39 1 0
codenerd/internal/core/kernel_utils.go:51.91,53.16 2 0
codenerd/internal/core/kernel_utils.go:53.16,55.3 1 0
codenerd/internal/core/kernel_utils.go:57.2,58.26 2 0
codenerd/internal/core/kernel_utils.go:58.26,63.3 1 0
codenerd/internal/core/kernel_utils.go:64.2,64.20 1 0
codenerd/internal/core/kernel_utils.go:68.63,70.16 2 1
codenerd/internal/core/kernel_utils.go:70.16,72.3 1 0
codenerd/internal/core/kernel_utils.go:73.2,73.23 1 1
codenerd/internal/core/kernel_utils.go:77.71,83.2 2 1
codenerd/internal/core/kernel_utils.go:86.56,90.16 4 0
codenerd/internal/core/kernel_utils.go:90.16,92.3 1 0
codenerd/internal/core/kernel_utils.go:93.2,93.33 1 0
codenerd/internal/core/kernel_utils.go:97.84,99.16 2 0
codenerd/internal/core/kernel_utils.go:99.16,101.3 1 0
codenerd/internal/core/kernel_utils.go:103.2,104.37 2 0
codenerd/internal/core/kernel_utils.go:104.37,105.61 1 0
codenerd/internal/core/kernel_utils.go:105.61,107.4 1 0
codenerd/internal/core/kernel_utils.go:110.2,111.16 2 0
codenerd/internal/core/kernel_utils.go:111.16,113.3 1 0
codenerd/internal/core/kernel_utils.go:115.2,116.26 2 0
codenerd/internal/core/kernel_utils.go:116.26,118.27 2 0
codenerd/internal/core/kernel_utils.go:118.27,119.42 1 0
codenerd/internal/core/kernel_utils.go:119.42,120.26 1 0
codenerd/internal/core/kernel_utils.go:120.26,122.6 1 0
codenerd/internal/core/kernel_utils.go:125.3,125.37 1 0
codenerd/internal/core/kernel_utils.go:128.2,128.21 1 0
codenerd/internal/core/kernel_utils.go:132.57,136.16 4 0
codenerd/internal/core/kernel_utils.go:136.16,138.3 1 0
codenerd/internal/core/kernel_utils.go:139.2,139.57 1 0
codenerd/internal/core/kernel_utils.go:143.62,145.2 1 0
codenerd/internal/core/kernel_utils.go:149.70,152.26 2 0
codenerd/internal/core/kernel_utils.go:152.26,154.3 1 0
codenerd/internal/core/kernel_utils.go:155.2,155.33 1 0
codenerd/internal/core/kernel_utils.go:159.83,161.16 2 0
codenerd/internal/core/kernel_utils.go:161.16,163.3 1 0
codenerd/internal/core/kernel_utils.go:165.2,166.26 2 0
codenerd/internal/core/kernel_utils.go:166.26,171.3 1 0
codenerd/internal/core/kernel_utils.go:172.2,172.20 1 0
codenerd/internal/core/kernel_utils.go:176.55,178.16 2 0
codenerd/internal/core/kernel_utils.go:178.16,180.3 1 0
codenerd/internal/core/kernel_utils.go:181.2,181.23 1 0
codenerd/internal/core/kernel_validation.go:20.65,24.30 3 1
codenerd/internal/core/kernel_validation.go:24.30,26.3 1 1
codenerd/internal/core/kernel_validation.go:28.2,28.56 1 1
codenerd/internal/core/kernel_validation.go:33.67,37.30 3 1
codenerd/internal/core/kernel_validation.go:37.30,39.3 1 1
codenerd/internal/core/kernel_validation.go:41.2,41.47 1 1
codenerd/internal/core/kernel_validation.go:45.71,49.30 3 0
codenerd/internal/core/kernel_validation.go:49.30,51.3 1 0
codenerd/internal/core/kernel_validation.go:53.2,53.55 1 0
codenerd/internal/core/kernel_validation.go:56.53,57.21 1 1
codenerd/internal/core/kernel_validation.go:57.21,60.3 2 0
codenerd/internal/core/kernel_validation.go:61.2,62.67 2 1
codenerd/internal/core/kernel_validation.go:62.67,64.3 1 0
codenerd/internal/core/kernel_validation.go:64.8,66.3 1 1
codenerd/internal/core/kernel_validation.go:69.47,73.2 3 0
codenerd/internal/core/kernel_validation.go:79.83,82.2 2 1
codenerd/internal/core/kernel_validation.go:86.122,94.51 2 1
codenerd/internal/core/kernel_validation.go:94.51,96.3 1 0
codenerd/internal/core/kernel_validation.go:98.2,101.29 3 1
codenerd/internal/core/kernel_validation.go:101.29,105.20 2 1
codenerd/internal/core/kernel_validation.go:105.20,107.12 2 1
codenerd/internal/core/kernel_validation.go:111.3,111.51 1 1
codenerd/internal/core/kernel_validation.go:111.51,114.12 3 0
codenerd/internal/core/kernel_validation.go:118.3,118.38 1 1
codenerd/internal/core/kernel_validation.go:118.38,122.99 3 1
codenerd/internal/core/kernel_validation.go:122.99,124.5 1 0
codenerd/internal/core/kernel_validation.go:125.4,126.12 2 1
codenerd/internal/core/kernel_validation.go:130.3,133.23 3 1
codenerd/internal/core/kernel_validation.go:133.23,137.59 2 1
codenerd/internal/core/kernel_validation.go:137.59,143.13 5 0
codenerd/internal/core/kernel_validation.go:143.13,146.6 2 0
codenerd/internal/core/kernel_validation.go:146.11,148.6 1 0
codenerd/internal/core/kernel_validation.go:149.5,149.13 1 0
codenerd/internal/core/kernel_validation.go:153.4,153.73 1 1
codenerd/internal/core/kernel_validation.go:153.73,159.13 5 1
codenerd/internal/core/kernel_validation.go:159.13,162.6 2 1
codenerd/internal/core/kernel_validation.go:162.11,164.6 1 1
codenerd/internal/core/kernel_validation.go:165.5,165.13 1 1
codenerd/internal/core/kernel_validation.go:169.4,169.66 1 1
codenerd/internal/core/kernel_validation.go:169.66,175.13 5 0
codenerd/internal/core/kernel_validation.go:175.13,178.6 2 0
codenerd/internal/core/kernel_validation.go:178.11,180.6 1 0
codenerd/internal/core/kernel_validation.go:181.5,181.13 1 0
codenerd/internal/core/kernel_validation.go:184.4,186.12 3 1
codenerd/internal/core/kernel_validation.go:192.3,193.58 2 1
codenerd/internal/core/kernel_validation.go:193.58,199.12 5 1
codenerd/internal/core/kernel_validation.go:199.12,202.5 2 1
codenerd/internal/core/kernel_validation.go:202.10,204.5 1 1
codenerd/internal/core/kernel_validation.go:205.4,205.12 1 1
codenerd/internal/core/kernel_validation.go:209.3,210.42 2 0
codenerd/internal/core/kernel_validation.go:213.2,216.33 2 1
codenerd/internal/core/kernel_validation.go:216.33,219.3 1 1
codenerd/internal/core/kernel_validation.go:221.2,221.43 1 1
codenerd/internal/core/kernel_validation.go:221.43,225.21 2 1
codenerd/internal/core/kernel_validation.go:225.21,227.81 2 0
codenerd/internal/core/kernel_validation.go:227.81,229.5 1 0
codenerd/internal/core/kernel_validation.go:229.10,229.62 1 0
codenerd/internal/core/kernel_validation.go:229.62,232.5 2 0
codenerd/internal/core/kernel_validation.go:232.10,234.5 1 0
codenerd/internal/core/kernel_validation.go:238.2,238.39 1 1
codenerd/internal/core/kernel_validation.go:238.39,240.3 1 0
codenerd/internal/core/kernel_validation.go:242.2,242.15 1 1
codenerd/internal/core/kernel_validation.go:247.64,250.37 2 1
codenerd/internal/core/kernel_validation.go:250.37,252.3 1 0
codenerd/internal/core/kernel_validation.go:255.2,255.45 1 1
codenerd/internal/core/kernel_validation.go:255.45,257.3 1 1
codenerd/internal/core/kernel_validation.go:260.2,264.64 3 1
codenerd/internal/core/kernel_validation.go:264.64,265.87 1 1
codenerd/internal/core/kernel_validation.go:265.87,267.4 1 1
codenerd/internal/core/kernel_validation.go:271.2,271.21 1 1
codenerd/internal/core/kernel_validation.go:271.21,289.45 6 1
codenerd/internal/core/kernel_validation.go:289.45,290.60 1 1
codenerd/internal/core/kernel_validation.go:290.60,293.23 2 1
codenerd/internal/core/kernel_validation.go:293.23,295.6 1 1
codenerd/internal/core/kernel_validation.go:301.3,309.45 2 1
codenerd/internal/core/kernel_validation.go:309.45,310.61 1 1
codenerd/internal/core/kernel_validation.go:310.61,312.23 2 1
codenerd/internal/core/kernel_validation.go:312.23,314.6 1 1
codenerd/internal/core/kernel_validation.go:320.3,330.44 2 1
codenerd/internal/core/kernel_validation.go:330.44,331.39 1 1
codenerd/internal/core/kernel_validation.go:331.39,334.36 2 1
codenerd/internal/core/kernel_validation.go:334.36,336.24 2 1
codenerd/internal/core/kernel_validation.go:336.24,338.7 1 1
codenerd/internal/core/kernel_validation.go:345.3,345.68 1 1
codenerd/internal/core/kernel_validation.go:345.68,347.50 2 1
codenerd/internal/core/kernel_validation.go:347.50,349.83 2 1
codenerd/internal/core/kernel_validation.go:349.83,351.6 1 1
codenerd/internal/core/kernel_validation.go:353.4,353.31 1 1
codenerd/internal/core/kernel_validation.go:353.31,355.5 1 1
codenerd/internal/core/kernel_validation.go:359.2,359.11 1 1
codenerd/internal/core/kernel_validation.go:364.76,368.29 3 0
codenerd/internal/core/kernel_validation.go:368.29,370.3 1 0
codenerd/internal/core/kernel_validation.go:373.2,374.16 2 0
codenerd/internal/core/kernel_validation.go:374.16,376.3 1 0
codenerd/internal/core/kernel_validation.go:378.2,379.22 2 0
codenerd/internal/core/kernel_validation.go:383.65,387.30 3 1
codenerd/internal/core/kernel_validation.go:387.30,389.3 1 0
codenerd/internal/core/kernel_validation.go:391.2,391.48 1 1
codenerd/internal/core/kernel_validation.go:397.55,402.56 3 1
codenerd/internal/core/kernel_validation.go:402.56,404.44 2 1
codenerd/internal/core/kernel_validation.go:404.44,406.4 1 1
codenerd/internal/core/kernel_validation.go:407.3,407.20 1 1
codenerd/internal/core/kernel_validation.go:411.2,411.30 1 0
codenerd/internal/core/kernel_validation.go:411.30,413.3 1 0
codenerd/internal/core/kernel_validation.go:415.2,415.50 1 0
codenerd/internal/core/kernel_validation.go:419.49,427.2 7 1
codenerd/internal/core/kernel_validation.go:430.42,434.2 3 1
codenerd/internal/core/kernel_validation.go:438.41,444.16 3 1
codenerd/internal/core/kernel_validation.go:444.16,450.50 2 1
codenerd/internal/core/kernel_validation.go:450.50,452.4 1 1
codenerd/internal/core/kernel_validation.go:455.3,455.49 1 1
codenerd/internal/core/kernel_validation.go:455.49,456.43 1 1
codenerd/internal/core/kernel_validation.go:456.43,458.23 2 1
codenerd/internal/core/kernel_validation.go:458.23,460.6 1 1
codenerd/internal/core/kernel_validation.go:465.3,465.24 1 1
codenerd/internal/core/kernel_validation.go:465.24,467.4 1 1
codenerd/internal/core/kernel_validation.go:469.3,469.34 1 1
codenerd/internal/core/kernel_validation.go:471.2,471.12 1 1
codenerd/internal/core/kernel_virtual.go:8.56,14.2 4 1
codenerd/internal/core/kernel_virtual.go:17.54,21.2 3 1
codenerd/internal/core/limits.go:30.41,38.2 1 1
codenerd/internal/core/limits.go:54.58,63.2 2 1
codenerd/internal/core/limits.go:66.56,71.2 4 1
codenerd/internal/core/limits.go:74.75,78.2 3 1
codenerd/internal/core/limits.go:81.83,85.2 3 1
codenerd/internal/core/limits.go:88.72,92.2 3 1
codenerd/internal/core/limits.go:103.47,104.37 1 1
codenerd/internal/core/limits.go:104.37,106.3 1 1
codenerd/internal/core/limits.go:108.2,114.41 4 1
codenerd/internal/core/limits.go:114.41,122.22 5 1
codenerd/internal/core/limits.go:122.22,124.4 1 1
codenerd/internal/core/limits.go:126.3,127.39 1 1
codenerd/internal/core/limits.go:130.2,130.12 1 1
codenerd/internal/core/limits.go:134.48,138.2 3 1
codenerd/internal/core/limits.go:141.58,142.37 1 1
codenerd/internal/core/limits.go:142.37,144.3 1 1
codenerd/internal/core/limits.go:145.2,146.62 2 1
codenerd/internal/core/limits.go:158.56,159.42 1 1
codenerd/internal/core/limits.go:159.42,161.3 1 1
codenerd/internal/core/limits.go:163.2,170.21 6 1
codenerd/internal/core/limits.go:170.21,178.22 5 1
codenerd/internal/core/limits.go:178.22,180.4 1 1
codenerd/internal/core/limits.go:182.3,183.38 1 1
codenerd/internal/core/limits.go:186.2,186.12 1 1
codenerd/internal/core/limits.go:190.62,194.2 3 1
codenerd/internal/core/limits.go:197.59,198.42 1 1
codenerd/internal/core/limits.go:198.42,200.3 1 1
codenerd/internal/core/limits.go:201.2,203.42 3 1
codenerd/internal/core/limits.go:207.64,208.42 1 1
codenerd/internal/core/limits.go:208.42,210.3 1 1
codenerd/internal/core/limits.go:211.2,214.19 4 1
codenerd/internal/core/limits.go:214.19,216.3 1 1
codenerd/internal/core/limits.go:217.2,217.18 1 1
codenerd/internal/core/limits.go:230.66,231.40 1 1
codenerd/internal/core/limits.go:231.40,233.3 1 1
codenerd/internal/core/limits.go:235.2,235.50 1 1
codenerd/internal/core/limits.go:235.50,243.22 5 1
codenerd/internal/core/limits.go:243.22,245.4 1 1
codenerd/internal/core/limits.go:247.3,248.47 1 1
codenerd/internal/core/limits.go:251.2,251.12 1 1
codenerd/internal/core/limits.go:255.47,257.2 1 1
codenerd/internal/core/limits.go:260.71,261.40 1 1
codenerd/internal/core/limits.go:261.40,263.3 1 1
codenerd/internal/core/limits.go:264.2,265.19 2 1
codenerd/internal/core/limits.go:265.19,267.3 1 1
codenerd/internal/core/limits.go:268.2,268.18 1 1
codenerd/internal/core/limits.go:273.89,276.19 2 1
codenerd/internal/core/limits.go:276.19,278.3 1 1
codenerd/internal/core/limits.go:281.2,282.16 2 1
codenerd/internal/core/limits.go:282.16,284.3 1 1
codenerd/internal/core/limits.go:287.2,287.19 1 1
codenerd/internal/core/limits.go:287.19,289.16 2 1
codenerd/internal/core/limits.go:289.16,291.4 1 1
codenerd/internal/core/limits.go:292.3,292.52 1 1
codenerd/internal/core/limits.go:295.2,295.18 1 1
codenerd/internal/core/limits.go:303.53,305.2 1 1
codenerd/internal/core/limits.go:308.57,310.2 1 1
codenerd/internal/core/limits.go:318.60,319.41 1 1
codenerd/internal/core/limits.go:319.41,321.3 1 1
codenerd/internal/core/limits.go:322.2,322.50 1 1
codenerd/internal/core/limits.go:322.50,324.3 1 1
codenerd/internal/core/limits.go:325.2,325.57 1 1
codenerd/internal/core/limits.go:325.57,327.3 1 1
codenerd/internal/core/limits.go:328.2,328.12 1 1
codenerd/internal/core/limits.go:332.62,345.2 1 1
codenerd/internal/core/llm_client.go:42.71,44.9 2 1
codenerd/internal/core/llm_client.go:44.9,46.3 1 1
codenerd/internal/core/llm_client.go:47.2,50.50 2 1
codenerd/internal/core/llm_client.go:50.50,51.31 1 1
codenerd/internal/core/llm_client.go:51.31,53.4 1 1
codenerd/internal/core/llm_client.go:55.2,55.17 1 1
codenerd/internal/core/mangle_updates.go:24.116,25.23 1 1
codenerd/internal/core/mangle_updates.go:25.23,27.3 1 1
codenerd/internal/core/mangle_updates.go:29.2,30.21 2 1
codenerd/internal/core/mangle_updates.go:30.21,32.3 1 1
codenerd/internal/core/mangle_updates.go:34.2,35.26 2 1
codenerd/internal/core/mangle_updates.go:35.26,37.3 1 1
codenerd/internal/core/mangle_updates.go:38.2,41.33 3 1
codenerd/internal/core/mangle_updates.go:41.33,42.22 1 1
codenerd/internal/core/mangle_updates.go:42.22,47.12 2 1
codenerd/internal/core/mangle_updates.go:50.3,51.20 2 1
codenerd/internal/core/mangle_updates.go:51.20,52.12 1 1
codenerd/internal/core/mangle_updates.go:55.3,55.38 1 1
codenerd/internal/core/mangle_updates.go:55.38,60.12 2 1
codenerd/internal/core/mangle_updates.go:63.3,64.78 2 1
codenerd/internal/core/mangle_updates.go:64.78,69.12 2 1
codenerd/internal/core/mangle_updates.go:71.3,71.82 1 1
codenerd/internal/core/mangle_updates.go:71.82,76.12 2 1
codenerd/internal/core/mangle_updates.go:79.3,81.17 3 1
codenerd/internal/core/mangle_updates.go:81.17,86.12 2 0
codenerd/internal/core/mangle_updates.go:89.3,89.48 1 1
codenerd/internal/core/mangle_updates.go:89.48,94.12 2 1
codenerd/internal/core/mangle_updates.go:97.3,97.20 1 1
codenerd/internal/core/mangle_updates.go:97.20,98.95 1 1
codenerd/internal/core/mangle_updates.go:98.95,103.13 2 1
codenerd/internal/core/mangle_updates.go:107.3,107.30 1 1
codenerd/internal/core/mangle_updates.go:110.2,110.23 1 1
codenerd/internal/core/mangle_updates.go:113.73,114.76 1 1
codenerd/internal/core/mangle_updates.go:114.76,116.3 1 1
codenerd/internal/core/mangle_updates.go:117.2,117.54 1 1
codenerd/internal/core/mangle_updates.go:117.54,119.3 1 1
codenerd/internal/core/mangle_updates.go:120.2,120.48 1 1
codenerd/internal/core/mangle_updates.go:120.48,121.43 1 1
codenerd/internal/core/mangle_updates.go:121.43,123.4 1 1
codenerd/internal/core/mangle_updates.go:125.2,125.14 1 1
codenerd/internal/core/mangle_updates.go:128.94,130.22 2 1
codenerd/internal/core/mangle_updates.go:130.22,132.3 1 0
codenerd/internal/core/mangle_updates.go:134.2,139.52 5 1
codenerd/internal/core/mangle_updates.go:139.52,140.42 1 1
codenerd/internal/core/mangle_updates.go:140.42,141.35 1 1
codenerd/internal/core/mangle_updates.go:141.35,142.13 1 1
codenerd/internal/core/mangle_updates.go:144.4,144.30 1 1
codenerd/internal/core/mangle_updates.go:144.30,146.5 1 1
codenerd/internal/core/mangle_updates.go:147.4,147.19 1 1
codenerd/internal/core/mangle_updates.go:149.3,149.68 1 0
codenerd/internal/core/mangle_updates.go:152.2,152.70 1 0
codenerd/internal/core/mangle_updates.go:152.70,154.3 1 0
codenerd/internal/core/mangle_updates.go:156.2,156.17 1 0
codenerd/internal/core/mangle_watcher.go:50.88,52.16 2 1
codenerd/internal/core/mangle_watcher.go:52.16,54.3 1 0
codenerd/internal/core/mangle_watcher.go:56.2,69.16 3 1
codenerd/internal/core/mangle_watcher.go:74.59,76.16 2 1
codenerd/internal/core/mangle_watcher.go:76.16,79.3 2 1
codenerd/internal/core/mangle_watcher.go:80.2,84.56 3 1
codenerd/internal/core/mangle_watcher.go:84.56,87.3 1 0
codenerd/internal/core/mangle_watcher.go:90.2,90.53 1 1
codenerd/internal/core/mangle_watcher.go:90.53,93.3 1 0
codenerd/internal/core/mangle_watcher.go:93.8,95.3 1 1
codenerd/internal/core/mangle_watcher.go:98.2,99.48 2 1
codenerd/internal/core/mangle_watcher.go:99.48,100.53 1 0
codenerd/internal/core/mangle_watcher.go:100.53,102.4 1 0
codenerd/internal/core/mangle_watcher.go:105.2,107.12 2 1
codenerd/internal/core/mangle_watcher.go:111.33,113.17 2 1
codenerd/internal/core/mangle_watcher.go:113.17,116.3 2 0
codenerd/internal/core/mangle_watcher.go:117.2,123.43 5 1
codenerd/internal/core/mangle_watcher.go:123.43,125.3 1 0
codenerd/internal/core/mangle_watcher.go:126.2,126.42 1 1
codenerd/internal/core/mangle_watcher.go:130.51,137.6 4 1
codenerd/internal/core/mangle_watcher.go:137.6,138.10 1 1
codenerd/internal/core/mangle_watcher.go:139.21,141.10 2 0
codenerd/internal/core/mangle_watcher.go:143.20,145.10 2 1
codenerd/internal/core/mangle_watcher.go:147.41,148.11 1 0
codenerd/internal/core/mangle_watcher.go:148.11,151.5 2 0
codenerd/internal/core/mangle_watcher.go:152.4,152.30 1 0
codenerd/internal/core/mangle_watcher.go:154.39,155.11 1 0
codenerd/internal/core/mangle_watcher.go:155.11,158.5 2 0
codenerd/internal/core/mangle_watcher.go:159.4,162.18 4 0
codenerd/internal/core/mangle_watcher.go:164.27,165.34 1 0
codenerd/internal/core/mangle_watcher.go:171.81,172.34 1 1
codenerd/internal/core/mangle_watcher.go:172.34,174.3 1 0
codenerd/internal/core/mangle_watcher.go:176.2,176.43 1 1
codenerd/internal/core/mangle_watcher.go:176.43,178.3 1 1
codenerd/internal/core/mangle_watcher.go:181.2,182.9 2 1
codenerd/internal/core/mangle_watcher.go:183.37,184.23 1 1
codenerd/internal/core/mangle_watcher.go:185.36,186.23 1 1
codenerd/internal/core/mangle_watcher.go:187.37,188.23 1 1
codenerd/internal/core/mangle_watcher.go:189.37,190.23 1 0
codenerd/internal/core/mangle_watcher.go:191.10,192.9 1 0
codenerd/internal/core/mangle_watcher.go:195.2,203.19 6 1
codenerd/internal/core/mangle_watcher.go:204.16,205.26 1 1
codenerd/internal/core/mangle_watcher.go:206.16,207.27 1 1
codenerd/internal/core/mangle_watcher.go:208.26,209.26 1 1
codenerd/internal/core/mangle_watcher.go:213.2,214.16 2 1
codenerd/internal/core/mangle_watcher.go:218.70,223.46 4 1
codenerd/internal/core/mangle_watcher.go:223.46,224.43 1 1
codenerd/internal/core/mangle_watcher.go:224.43,227.4 2 1
codenerd/internal/core/mangle_watcher.go:229.2,232.33 2 1
codenerd/internal/core/mangle_watcher.go:232.33,234.3 1 1
codenerd/internal/core/mangle_watcher.go:238.78,243.16 3 1
codenerd/internal/core/mangle_watcher.go:243.16,244.25 1 1
codenerd/internal/core/mangle_watcher.go:244.25,247.4 2 1
codenerd/internal/core/mangle_watcher.go:248.3,252.9 5 0
codenerd/internal/core/mangle_watcher.go:255.2,261.21 5 1
codenerd/internal/core/mangle_watcher.go:261.21,264.3 2 0
codenerd/internal/core/mangle_watcher.go:267.2,268.24 2 1
codenerd/internal/core/mangle_watcher.go:268.24,272.3 3 1
codenerd/internal/core/mangle_watcher.go:275.2,278.29 3 0
codenerd/internal/core/mangle_watcher.go:278.29,280.17 2 0
codenerd/internal/core/mangle_watcher.go:280.17,288.4 6 0
codenerd/internal/core/mangle_watcher.go:288.9,288.34 1 0
codenerd/internal/core/mangle_watcher.go:288.34,295.4 6 0
codenerd/internal/core/mangle_watcher.go:295.9,297.4 1 0
codenerd/internal/core/mangle_watcher.go:301.2,301.18 1 0
codenerd/internal/core/mangle_watcher.go:301.18,303.70 2 0
codenerd/internal/core/mangle_watcher.go:303.70,308.4 4 0
codenerd/internal/core/mangle_watcher.go:308.9,310.4 1 0
codenerd/internal/core/mangle_watcher.go:316.64,321.29 4 1
codenerd/internal/core/mangle_watcher.go:321.29,325.55 2 1
codenerd/internal/core/mangle_watcher.go:325.55,326.29 1 1
codenerd/internal/core/mangle_watcher.go:326.29,328.19 2 1
codenerd/internal/core/mangle_watcher.go:328.19,330.6 1 1
codenerd/internal/core/mangle_watcher.go:331.5,331.24 1 1
codenerd/internal/core/mangle_watcher.go:333.4,333.12 1 1
codenerd/internal/core/mangle_watcher.go:336.3,336.28 1 1
codenerd/internal/core/mangle_watcher.go:336.28,338.4 1 1
codenerd/internal/core/mangle_watcher.go:339.3,339.32 1 1
codenerd/internal/core/mangle_watcher.go:343.2,343.27 1 1
codenerd/internal/core/mangle_watcher.go:343.27,345.17 2 0
codenerd/internal/core/mangle_watcher.go:345.17,347.4 1 0
codenerd/internal/core/mangle_watcher.go:350.2,350.14 1 1
codenerd/internal/core/mangle_watcher.go:354.71,355.29 1 1
codenerd/internal/core/mangle_watcher.go:355.29,357.55 1 1
codenerd/internal/core/mangle_watcher.go:357.55,359.4 1 1
codenerd/internal/core/mangle_watcher.go:362.3,362.84 1 1
codenerd/internal/core/mangle_watcher.go:362.84,364.4 1 1
codenerd/internal/core/mangle_watcher.go:366.3,366.73 1 1
codenerd/internal/core/mangle_watcher.go:366.73,368.4 1 1
codenerd/internal/core/mangle_watcher.go:373.56,377.2 3 1
codenerd/internal/core/mangle_watcher.go:380.39,384.2 3 1
codenerd/internal/core/mangle_watcher.go:387.44,391.2 3 1
codenerd/internal/core/mangle_watcher.go:394.52,396.2 1 1
codenerd/internal/core/mangle_watcher.go:400.71,404.16 3 1
codenerd/internal/core/mangle_watcher.go:404.16,405.25 1 1
codenerd/internal/core/mangle_watcher.go:405.25,408.4 2 1
codenerd/internal/core/mangle_watcher.go:409.3,409.13 1 0
codenerd/internal/core/mangle_watcher.go:412.2,412.32 1 1
codenerd/internal/core/mangle_watcher.go:412.32,413.63 1 1
codenerd/internal/core/mangle_watcher.go:413.63,414.12 1 0
codenerd/internal/core/mangle_watcher.go:417.3,418.34 2 1
codenerd/internal/core/mangle_watcher.go:421.2,421.12 1 1
codenerd/internal/core/predicate_corpus.go:72.53,74.42 1 1
codenerd/internal/core/predicate_corpus.go:74.42,76.3 1 0
codenerd/internal/core/predicate_corpus.go:79.2,80.16 2 1
codenerd/internal/core/predicate_corpus.go:80.16,82.3 1 0
codenerd/internal/core/predicate_corpus.go:85.2,86.16 2 1
codenerd/internal/core/predicate_corpus.go:86.16,88.3 1 0
codenerd/internal/core/predicate_corpus.go:89.2,92.59 3 1
codenerd/internal/core/predicate_corpus.go:92.59,95.3 2 0
codenerd/internal/core/predicate_corpus.go:98.2,99.16 2 1
codenerd/internal/core/predicate_corpus.go:99.16,102.3 2 0
codenerd/internal/core/predicate_corpus.go:104.2,107.8 1 1
codenerd/internal/core/predicate_corpus.go:111.72,113.16 2 1
codenerd/internal/core/predicate_corpus.go:113.16,115.3 1 0
codenerd/internal/core/predicate_corpus.go:117.2,119.8 1 1
codenerd/internal/core/predicate_corpus.go:123.42,127.18 3 1
codenerd/internal/core/predicate_corpus.go:127.18,129.3 1 1
codenerd/internal/core/predicate_corpus.go:130.2,130.23 1 1
codenerd/internal/core/predicate_corpus.go:130.23,132.3 1 1
codenerd/internal/core/predicate_corpus.go:133.2,133.12 1 1
codenerd/internal/core/predicate_corpus.go:137.57,144.2 5 1
codenerd/internal/core/predicate_corpus.go:147.78,159.26 5 1
codenerd/internal/core/predicate_corpus.go:159.26,161.3 1 1
codenerd/internal/core/predicate_corpus.go:162.2,162.16 1 1
codenerd/internal/core/predicate_corpus.go:162.16,164.3 1 0
codenerd/internal/core/predicate_corpus.go:165.2,165.19 1 1
codenerd/internal/core/predicate_corpus.go:169.88,178.16 4 1
codenerd/internal/core/predicate_corpus.go:178.16,180.3 1 0
codenerd/internal/core/predicate_corpus.go:181.2,184.18 3 1
codenerd/internal/core/predicate_corpus.go:184.18,186.94 2 1
codenerd/internal/core/predicate_corpus.go:186.94,188.4 1 0
codenerd/internal/core/predicate_corpus.go:189.3,189.27 1 1
codenerd/internal/core/predicate_corpus.go:191.2,191.18 1 1
codenerd/internal/core/predicate_corpus.go:195.80,206.16 4 1
codenerd/internal/core/predicate_corpus.go:206.16,208.3 1 0
codenerd/internal/core/predicate_corpus.go:209.2,212.18 3 1
codenerd/internal/core/predicate_corpus.go:212.18,217.17 2 1
codenerd/internal/core/predicate_corpus.go:217.17,219.4 1 0
codenerd/internal/core/predicate_corpus.go:220.3,220.40 1 1
codenerd/internal/core/predicate_corpus.go:222.2,222.24 1 1
codenerd/internal/core/predicate_corpus.go:226.84,235.16 4 1
codenerd/internal/core/predicate_corpus.go:235.16,237.3 1 0
codenerd/internal/core/predicate_corpus.go:238.2,241.18 3 1
codenerd/internal/core/predicate_corpus.go:241.18,246.17 2 1
codenerd/internal/core/predicate_corpus.go:246.17,248.4 1 0
codenerd/internal/core/predicate_corpus.go:249.3,249.40 1 1
codenerd/internal/core/predicate_corpus.go:251.2,251.24 1 1
codenerd/internal/core/predicate_corpus.go:255.72,264.16 4 1
codenerd/internal/core/predicate_corpus.go:264.16,266.3 1 0
codenerd/internal/core/predicate_corpus.go:267.2,270.18 3 1
codenerd/internal/core/predicate_corpus.go:270.18,275.17 2 1
codenerd/internal/core/predicate_corpus.go:275.17,277.4 1 0
codenerd/internal/core/predicate_corpus.go:278.3,278.40 1 1
codenerd/internal/core/predicate_corpus.go:280.2,280.24 1 1
codenerd/internal/core/predicate_corpus.go:284.69,289.16 4 1
codenerd/internal/core/predicate_corpus.go:289.16,291.3 1 0
codenerd/internal/core/predicate_corpus.go:292.2,295.18 3 1
codenerd/internal/core/predicate_corpus.go:295.18,297.42 2 1
codenerd/internal/core/predicate_corpus.go:297.42,299.4 1 0
codenerd/internal/core/predicate_corpus.go:300.3,300.30 1 1
codenerd/internal/core/predicate_corpus.go:302.2,302.19 1 1
codenerd/internal/core/predicate_corpus.go:306.74,311.16 4 1
codenerd/internal/core/predicate_corpus.go:311.16,313.3 1 0
codenerd/internal/core/predicate_corpus.go:314.2,317.18 3 1
codenerd/internal/core/predicate_corpus.go:317.18,320.50 3 1
codenerd/internal/core/predicate_corpus.go:320.50,322.4 1 0
codenerd/internal/core/predicate_corpus.go:323.3,323.69 1 1
codenerd/internal/core/predicate_corpus.go:325.2,325.24 1 1
codenerd/internal/core/predicate_corpus.go:330.77,332.34 2 1
codenerd/internal/core/predicate_corpus.go:332.34,333.27 1 1
codenerd/internal/core/predicate_corpus.go:333.27,335.4 1 1
codenerd/internal/core/predicate_corpus.go:337.2,337.18 1 1
codenerd/internal/core/predicate_corpus.go:341.75,349.16 4 1
codenerd/internal/core/predicate_corpus.go:349.16,351.3 1 0
codenerd/internal/core/predicate_corpus.go:352.2,355.18 3 1
codenerd/internal/core/predicate_corpus.go:355.18,357.116 2 1
codenerd/internal/core/predicate_corpus.go:357.116,359.4 1 0
codenerd/internal/core/predicate_corpus.go:360.3,360.33 1 1
codenerd/internal/core/predicate_corpus.go:362.2,362.22 1 1
codenerd/internal/core/predicate_corpus.go:366.85,375.26 5 1
codenerd/internal/core/predicate_corpus.go:375.26,377.3 1 1
codenerd/internal/core/predicate_corpus.go:378.2,378.16 1 1
codenerd/internal/core/predicate_corpus.go:378.16,380.3 1 0
codenerd/internal/core/predicate_corpus.go:381.2,381.16 1 1
codenerd/internal/core/predicate_corpus.go:385.124,393.17 4 1
codenerd/internal/core/predicate_corpus.go:393.17,395.3 1 1
codenerd/internal/core/predicate_corpus.go:396.2,399.16 3 1
codenerd/internal/core/predicate_corpus.go:399.16,401.3 1 0
codenerd/internal/core/predicate_corpus.go:402.2,405.18 3 1
codenerd/internal/core/predicate_corpus.go:405.18,408.135 3 1
codenerd/internal/core/predicate_corpus.go:408.135,410.4 1 0
codenerd/internal/core/predicate_corpus.go:411.3,411.22 1 1
codenerd/internal/core/predicate_corpus.go:411.22,413.4 1 1
codenerd/internal/core/predicate_corpus.go:414.3,414.34 1 1
codenerd/internal/core/predicate_corpus.go:416.2,416.22 1 1
codenerd/internal/core/predicate_corpus.go:420.78,428.16 4 1
codenerd/internal/core/predicate_corpus.go:428.16,430.3 1 0
codenerd/internal/core/predicate_corpus.go:431.2,434.18 3 1
codenerd/internal/core/predicate_corpus.go:434.18,437.135 3 1
codenerd/internal/core/predicate_corpus.go:437.135,439.4 1 0
codenerd/internal/core/predicate_corpus.go:440.3,440.22 1 1
codenerd/internal/core/predicate_corpus.go:440.22,442.4 1 1
codenerd/internal/core/predicate_corpus.go:443.3,443.34 1 1
codenerd/internal/core/predicate_corpus.go:445.2,445.22 1 1
codenerd/internal/core/predicate_corpus.go:449.59,454.16 4 1
codenerd/internal/core/predicate_corpus.go:454.16,456.3 1 0
codenerd/internal/core/predicate_corpus.go:457.2,460.18 3 1
codenerd/internal/core/predicate_corpus.go:460.18,462.44 2 1
codenerd/internal/core/predicate_corpus.go:462.44,464.4 1 0
codenerd/internal/core/predicate_corpus.go:465.3,465.36 1 1
codenerd/internal/core/predicate_corpus.go:467.2,467.21 1 1
codenerd/internal/core/predicate_corpus.go:471.86,476.37 3 1
codenerd/internal/core/predicate_corpus.go:476.37,478.3 1 1
codenerd/internal/core/predicate_corpus.go:480.2,486.16 2 1
codenerd/internal/core/predicate_corpus.go:486.16,488.3 1 0
codenerd/internal/core/predicate_corpus.go:489.2,492.18 3 1
codenerd/internal/core/predicate_corpus.go:492.18,497.17 2 1
codenerd/internal/core/predicate_corpus.go:497.17,499.4 1 0
codenerd/internal/core/predicate_corpus.go:500.3,500.40 1 1
codenerd/internal/core/predicate_corpus.go:502.2,502.24 1 1
codenerd/internal/core/predicate_corpus.go:506.60,513.87 5 1
codenerd/internal/core/predicate_corpus.go:513.87,515.3 1 1
codenerd/internal/core/predicate_corpus.go:516.2,516.106 1 1
codenerd/internal/core/predicate_corpus.go:516.106,518.3 1 1
codenerd/internal/core/predicate_corpus.go:519.2,519.106 1 1
codenerd/internal/core/predicate_corpus.go:519.106,521.3 1 1
codenerd/internal/core/predicate_corpus.go:522.2,522.91 1 1
codenerd/internal/core/predicate_corpus.go:522.91,524.3 1 1
codenerd/internal/core/predicate_corpus.go:525.2,525.95 1 1
codenerd/internal/core/predicate_corpus.go:525.95,527.3 1 1
codenerd/internal/core/predicate_corpus.go:528.2,528.116 1 1
codenerd/internal/core/predicate_corpus.go:528.116,530.3 1 1
codenerd/internal/core/predicate_corpus.go:531.2,531.116 1 1
codenerd/internal/core/predicate_corpus.go:531.116,533.3 1 1
codenerd/internal/core/predicate_corpus.go:535.2,535.19 1 1
codenerd/internal/core/predicate_corpus.go:539.97,541.31 2 1
codenerd/internal/core/predicate_corpus.go:541.31,543.3 1 1
codenerd/internal/core/predicate_corpus.go:545.2,545.15 1 1
codenerd/internal/core/predicate_corpus.go:545.15,547.3 1 1
codenerd/internal/core/predicate_corpus.go:549.2,550.34 2 1
codenerd/internal/core/predicate_corpus.go:550.34,552.3 1 0
codenerd/internal/core/predicate_corpus.go:554.2,555.27 2 1
codenerd/internal/core/predicate_corpus.go:555.27,557.3 1 1
codenerd/internal/core/predicate_corpus.go:558.2,558.70 1 1
codenerd/internal/core/predicate_corpus.go:564.68,573.16 4 1
codenerd/internal/core/predicate_corpus.go:573.16,575.3 1 0
codenerd/internal/core/predicate_corpus.go:576.2,579.18 3 1
codenerd/internal/core/predicate_corpus.go:579.18,582.53 3 1
codenerd/internal/core/predicate_corpus.go:582.53,584.4 1 0
codenerd/internal/core/predicate_corpus.go:585.3,585.30 1 1
codenerd/internal/core/predicate_corpus.go:587.2,587.24 1 1
codenerd/internal/core/predicate_corpus.go:593.76,602.16 4 1
codenerd/internal/core/predicate_corpus.go:602.16,604.3 1 0
codenerd/internal/core/predicate_corpus.go:605.2,608.18 3 1
codenerd/internal/core/predicate_corpus.go:608.18,611.48 3 1
codenerd/internal/core/predicate_corpus.go:611.48,613.4 1 0
codenerd/internal/core/predicate_corpus.go:614.3,614.20 1 1
codenerd/internal/core/predicate_corpus.go:616.2,616.19 1 1
codenerd/internal/core/predicate_corpus.go:621.57,629.16 5 1
codenerd/internal/core/predicate_corpus.go:629.16,631.3 1 1
codenerd/internal/core/predicate_corpus.go:632.2,632.17 1 1
codenerd/internal/core/rule_court.go:14.50,16.2 1 1
codenerd/internal/core/rule_court.go:20.54,22.2 1 1
codenerd/internal/core/rule_court.go:25.59,27.19 2 1
codenerd/internal/core/rule_court.go:27.19,29.3 1 1
codenerd/internal/core/rule_court.go:31.2,31.19 1 1
codenerd/internal/core/rule_court.go:31.19,33.3 1 1
codenerd/internal/core/rule_court.go:36.2,37.16 2 1
codenerd/internal/core/rule_court.go:37.16,39.3 1 0
codenerd/internal/core/rule_court.go:40.2,46.20 5 1
codenerd/internal/core/rule_court.go:46.20,48.3 1 1
codenerd/internal/core/rule_court.go:50.2,50.43 1 1
codenerd/internal/core/rule_court.go:50.43,52.3 1 1
codenerd/internal/core/rule_court.go:55.2,57.16 3 1
codenerd/internal/core/rule_court.go:57.16,59.3 1 0
codenerd/internal/core/rule_court.go:60.2,60.69 1 1
codenerd/internal/core/rule_court.go:60.69,62.3 1 1
codenerd/internal/core/rule_court.go:65.2,65.43 1 1
codenerd/internal/core/rule_court.go:65.43,67.3 1 1
codenerd/internal/core/rule_court.go:69.2,69.12 1 1
codenerd/internal/core/scheduled_llm_client.go:29.89,31.67 1 1
codenerd/internal/core/scheduled_llm_client.go:31.67,33.3 1 1
codenerd/internal/core/scheduled_llm_client.go:36.2,48.16 7 1
codenerd/internal/core/scheduled_llm_client.go:48.16,50.3 1 0
codenerd/internal/core/scheduled_llm_client.go:50.8,52.3 1 1
codenerd/internal/core/scheduled_llm_client.go:54.2,54.20 1 1
codenerd/internal/core/scheduled_llm_client.go:59.117,61.67 1 1
codenerd/internal/core/scheduled_llm_client.go:61.67,63.3 1 0
codenerd/internal/core/scheduled_llm_client.go:66.2,78.16 7 1
codenerd/internal/core/scheduled_llm_client.go:78.16,80.3 1 0
codenerd/internal/core/scheduled_llm_client.go:80.8,82.3 1 1
codenerd/internal/core/scheduled_llm_client.go:84.2,84.20 1 1
codenerd/internal/core/scheduled_llm_client.go:88.129,90.67 1 1
codenerd/internal/core/scheduled_llm_client.go:90.67,92.3 1 0
codenerd/internal/core/scheduled_llm_client.go:95.2,105.9 7 1
codenerd/internal/core/scheduled_llm_client.go:105.9,107.3 1 1
codenerd/internal/core/scheduled_llm_client.go:108.2,112.16 3 1
codenerd/internal/core/scheduled_llm_client.go:112.16,114.3 1 0
codenerd/internal/core/scheduled_llm_client.go:114.8,116.3 1 1
codenerd/internal/core/scheduled_llm_client.go:118.2,118.20 1 1
codenerd/internal/core/scheduled_llm_client.go:123.162,125.67 1 1
codenerd/internal/core/scheduled_llm_client.go:125.67,127.3 1 0
codenerd/internal/core/scheduled_llm_client.go:130.2,133.73 2 1
codenerd/internal/core/scheduled_llm_client.go:147.110,148.51 1 1
codenerd/internal/core/scheduled_llm_client.go:148.51,150.3 1 1
codenerd/internal/core/scheduled_llm_client.go:154.48,155.51 1 1
codenerd/internal/core/scheduled_llm_client.go:155.51,157.3 1 1
codenerd/internal/core/scheduled_llm_client.go:161.49,162.69 1 1
codenerd/internal/core/scheduled_llm_client.go:162.69,164.3 1 1
codenerd/internal/core/scheduled_llm_client.go:165.2,166.11 2 1
codenerd/internal/core/scheduled_llm_client.go:176.53,177.67 1 1
codenerd/internal/core/scheduled_llm_client.go:177.67,179.3 1 1
codenerd/internal/core/scheduled_llm_client.go:180.2,180.14 1 1
codenerd/internal/core/scheduled_llm_client.go:184.54,185.68 1 1
codenerd/internal/core/scheduled_llm_client.go:185.68,187.3 1 1
codenerd/internal/core/scheduled_llm_client.go:188.2,188.11 1 1
codenerd/internal/core/scheduled_llm_client.go:192.59,193.73 1 1
codenerd/internal/core/scheduled_llm_client.go:193.73,195.3 1 1
codenerd/internal/core/scheduled_llm_client.go:196.2,196.11 1 1
codenerd/internal/core/scheduled_llm_client.go:200.56,201.70 1 1
codenerd/internal/core/scheduled_llm_client.go:201.70,203.3 1 1
codenerd/internal/core/scheduled_llm_client.go:204.2,204.10 1 1
codenerd/internal/core/scheduled_llm_client.go:212.61,213.75 1 1
codenerd/internal/core/scheduled_llm_client.go:213.75,215.3 1 1
codenerd/internal/core/scheduled_llm_client.go:216.2,216.11 1 1
codenerd/internal/core/scheduled_llm_client.go:224.63,225.77 1 1
codenerd/internal/core/scheduled_llm_client.go:225.77,227.3 1 1
codenerd/internal/core/scheduled_llm_client.go:228.2,228.12 1 1
codenerd/internal/core/scheduled_llm_client.go:232.57,233.71 1 1
codenerd/internal/core/scheduled_llm_client.go:233.71,235.3 1 1
codenerd/internal/core/scheduled_llm_client.go:236.2,236.14 1 1
codenerd/internal/core/scheduled_llm_client.go:240.55,241.69 1 1
codenerd/internal/core/scheduled_llm_client.go:241.69,243.3 1 1
codenerd/internal/core/scheduled_llm_client.go:244.2,244.14 1 1
codenerd/internal/core/scheduled_llm_client.go:252.110,255.9 1 1
codenerd/internal/core/scheduled_llm_client.go:255.9,257.3 1 1
codenerd/internal/core/scheduled_llm_client.go:258.2,258.77 1 1
codenerd/internal/core/scheduled_llm_client.go:262.105,265.9 1 1
codenerd/internal/core/scheduled_llm_client.go:265.9,267.3 1 1
codenerd/internal/core/scheduled_llm_client.go:268.2,268.78 1 1
codenerd/internal/core/scheduled_llm_client.go:272.93,275.9 1 1
codenerd/internal/core/scheduled_llm_client.go:275.9,277.3 1 1
codenerd/internal/core/scheduled_llm_client.go:278.2,278.73 1 1
codenerd/internal/core/scheduled_llm_client.go:282.85,285.9 1 1
codenerd/internal/core/scheduled_llm_client.go:285.9,287.3 1 1
codenerd/internal/core/scheduled_llm_client.go:288.2,288.78 1 1
codenerd/internal/core/scheduled_llm_client.go:292.58,293.67 1 1
codenerd/internal/core/scheduled_llm_client.go:293.67,295.3 1 1
codenerd/internal/core/scheduled_llm_client.go:303.106,306.9 1 1
codenerd/internal/core/scheduled_llm_client.go:306.9,308.3 1 1
codenerd/internal/core/scheduled_llm_client.go:309.2,309.76 1 1
codenerd/internal/core/scheduled_llm_client.go:313.81,316.9 1 1
codenerd/internal/core/scheduled_llm_client.go:316.9,318.3 1 1
codenerd/internal/core/scheduled_llm_client.go:319.2,319.72 1 1
codenerd/internal/core/scheduled_llm_client.go:323.77,326.9 1 1
codenerd/internal/core/scheduled_llm_client.go:326.9,328.3 1 1
codenerd/internal/core/scheduled_llm_client.go:329.2,329.77 1 1
codenerd/internal/core/scheduled_llm_client.go:333.93,336.9 1 1
codenerd/internal/core/scheduled_llm_client.go:336.9,338.3 1 1
codenerd/internal/core/scheduled_llm_client.go:339.2,339.77 1 1
codenerd/internal/core/scheduled_llm_client.go:348.155,353.67 3 1
codenerd/internal/core/scheduled_llm_client.go:353.67,358.3 4 0
codenerd/internal/core/scheduled_llm_client.go:360.2,361.9 2 1
codenerd/internal/core/scheduled_llm_client.go:361.9,367.3 5 1
codenerd/internal/core/scheduled_llm_client.go:369.2,371.12 2 1
codenerd/internal/core/scheduled_llm_client.go:371.12,381.37 7 1
codenerd/internal/core/scheduled_llm_client.go:381.37,382.11 1 1
codenerd/internal/core/scheduled_llm_client.go:383.22,384.24 1 1
codenerd/internal/core/scheduled_llm_client.go:384.24,386.6 1 1
codenerd/internal/core/scheduled_llm_client.go:389.5,390.21 2 1
codenerd/internal/core/scheduled_llm_client.go:391.37,392.12 1 1
codenerd/internal/core/scheduled_llm_client.go:392.12,394.14 2 1
codenerd/internal/core/scheduled_llm_client.go:396.5,396.12 1 1
codenerd/internal/core/scheduled_llm_client.go:397.31,397.31 0 1
codenerd/internal/core/scheduled_llm_client.go:398.23,399.25 1 0
codenerd/internal/core/scheduled_llm_client.go:399.25,401.7 1 0
codenerd/internal/core/scheduled_llm_client.go:402.6,403.22 2 0
codenerd/internal/core/scheduled_llm_client.go:405.31,406.12 1 1
codenerd/internal/core/scheduled_llm_client.go:406.12,408.14 2 1
codenerd/internal/core/scheduled_llm_client.go:410.5,410.38 1 1
codenerd/internal/core/scheduled_llm_client.go:410.38,412.6 1 1
codenerd/internal/core/scheduled_llm_client.go:416.3,416.22 1 1
codenerd/internal/core/scheduled_llm_client.go:416.22,418.4 1 1
codenerd/internal/core/scheduled_llm_client.go:421.2,421.31 1 1
codenerd/internal/core/scheduled_llm_client.go:425.132,428.53 2 1
codenerd/internal/core/scheduled_llm_client.go:428.53,430.68 1 1
codenerd/internal/core/scheduled_llm_client.go:430.68,432.4 1 0
codenerd/internal/core/scheduled_llm_client.go:435.3,435.53 1 1
codenerd/internal/core/scheduled_llm_client.go:435.53,436.17 1 1
codenerd/internal/core/scheduled_llm_client.go:436.17,437.33 1 1
codenerd/internal/core/scheduled_llm_client.go:437.33,439.6 1 0
codenerd/internal/core/scheduled_llm_client.go:440.5,440.42 1 1
codenerd/internal/core/scheduled_llm_client.go:442.4,442.69 1 1
codenerd/internal/core/scheduled_llm_client.go:445.3,445.17 1 1
codenerd/internal/core/scheduled_llm_client.go:445.17,447.4 1 1
codenerd/internal/core/scheduled_llm_client.go:449.3,452.27 2 1
codenerd/internal/core/scheduled_llm_client.go:452.27,455.31 2 1
codenerd/internal/core/scheduled_llm_client.go:455.31,457.5 1 0
codenerd/internal/core/scheduled_llm_client.go:459.4,459.11 1 1
codenerd/internal/core/scheduled_llm_client.go:460.22,461.25 1 0
codenerd/internal/core/scheduled_llm_client.go:462.31,464.33 1 1
codenerd/internal/core/scheduled_llm_client.go:469.2,469.88 1 1
codenerd/internal/core/scheduled_llm_client.go:474.78,478.52 2 1
codenerd/internal/core/scheduled_llm_client.go:478.52,480.3 1 1
codenerd/internal/core/scheduled_llm_client.go:482.2,482.52 1 1
codenerd/internal/core/scheduled_llm_client.go:482.52,484.3 1 1
codenerd/internal/core/scheduled_llm_client.go:486.2,490.3 1 1
codenerd/internal/core/scheduled_llm_client.go:494.51,495.64 1 1
codenerd/internal/core/scheduled_llm_client.go:495.64,497.3 1 1
codenerd/internal/core/scheduled_llm_client.go:501.46,502.65 1 1
codenerd/internal/core/scheduled_llm_client.go:502.65,504.3 1 1
codenerd/internal/core/scheduled_llm_client.go:505.2,505.11 1 1
codenerd/internal/core/self_healing.go:63.49,68.2 1 1
codenerd/internal/core/self_healing.go:71.108,79.2 1 1
codenerd/internal/core/self_healing.go:82.59,84.2 1 1
codenerd/internal/core/self_healing.go:87.131,88.23 1 1
codenerd/internal/core/self_healing.go:88.23,90.3 1 1
codenerd/internal/core/self_healing.go:93.2,98.21 3 1
codenerd/internal/core/self_healing.go:99.20,100.37 1 0
codenerd/internal/core/self_healing.go:101.23,102.40 1 0
codenerd/internal/core/self_healing.go:103.23,104.40 1 1
codenerd/internal/core/self_healing.go:105.26,106.40 1 0
codenerd/internal/core/self_healing.go:107.10,108.40 1 0
codenerd/internal/core/self_healing.go:113.93,114.21 1 1
codenerd/internal/core/self_healing.go:114.21,117.3 1 1
codenerd/internal/core/self_healing.go:123.2,127.30 4 1
codenerd/internal/core/self_healing.go:127.30,129.3 1 1
codenerd/internal/core/self_healing.go:132.2,132.9 1 1
codenerd/internal/core/self_healing.go:133.43,134.22 1 1
codenerd/internal/core/self_healing.go:135.43,136.22 1 1
codenerd/internal/core/self_healing.go:137.46,138.25 1 1
codenerd/internal/core/self_healing.go:139.56,140.25 1 1
codenerd/internal/core/self_healing.go:141.64,142.25 1 1
codenerd/internal/core/self_healing.go:143.85,144.22 1 1
codenerd/internal/core/self_healing.go:145.10,147.25 1 1
codenerd/internal/core/self_healing.go:152.119,158.28 5 0
codenerd/internal/core/self_healing.go:158.28,169.3 2 0
codenerd/internal/core/self_healing.go:172.2,173.9 2 0
codenerd/internal/core/self_healing.go:174.20,175.24 1 0
codenerd/internal/core/self_healing.go:176.29,176.29 0 0
codenerd/internal/core/self_healing.go:179.2,184.16 3 0
codenerd/internal/core/self_healing.go:184.16,192.3 1 0
codenerd/internal/core/self_healing.go:195.2,195.25 1 0
codenerd/internal/core/self_healing.go:195.25,197.31 2 0
codenerd/internal/core/self_healing.go:197.31,208.4 2 0
codenerd/internal/core/self_healing.go:212.2,215.36 2 0
codenerd/internal/core/self_healing.go:219.122,220.34 1 0
codenerd/internal/core/self_healing.go:220.34,222.3 1 0
codenerd/internal/core/self_healing.go:223.2,237.8 3 0
codenerd/internal/core/self_healing.go:241.122,242.34 1 1
codenerd/internal/core/self_healing.go:242.34,244.3 1 0
codenerd/internal/core/self_healing.go:245.2,256.8 3 1
codenerd/internal/core/self_healing.go:260.122,261.34 1 0
codenerd/internal/core/self_healing.go:261.34,263.3 1 0
codenerd/internal/core/self_healing.go:264.2,276.8 3 0
codenerd/internal/core/self_healing.go:280.58,281.21 1 0
codenerd/internal/core/self_healing.go:281.21,283.3 1 0
codenerd/internal/core/self_healing.go:285.2,289.46 2 0
codenerd/internal/core/self_healing.go:289.46,291.3 1 0
codenerd/internal/core/self_healing.go:295.32,296.7 1 1
codenerd/internal/core/self_healing.go:296.7,298.3 1 1
codenerd/internal/core/self_healing.go:299.2,299.17 1 1
codenerd/internal/core/self_healing.go:303.92,304.21 1 0
codenerd/internal/core/self_healing.go:304.21,306.3 1 0
codenerd/internal/core/self_healing.go:308.2,312.46 2 0
codenerd/internal/core/self_healing.go:312.46,314.3 1 0
codenerd/internal/core/self_healing.go:318.118,319.21 1 0
codenerd/internal/core/self_healing.go:319.21,321.3 1 0
codenerd/internal/core/self_healing.go:323.2,327.46 2 0
codenerd/internal/core/self_healing.go:327.46,329.3 1 0
codenerd/internal/core/self_healing.go:333.73,334.21 1 1
codenerd/internal/core/self_healing.go:334.21,336.3 1 0
codenerd/internal/core/self_healing.go:338.2,342.46 2 1
codenerd/internal/core/self_healing.go:342.46,344.3 1 0
codenerd/internal/core/self_healing.go:349.60,353.2 3 1
codenerd/internal/core/self_healing.go:356.62,360.2 3 1
codenerd/internal/core/shadow_mode.go:87.52,93.2 1 1
codenerd/internal/core/shadow_mode.go:96.101,100.26 3 1
codenerd/internal/core/shadow_mode.go:100.26,103.3 1 1
codenerd/internal/core/shadow_mode.go:106.2,138.17 9 1
codenerd/internal/core/shadow_mode.go:142.110,146.26 3 1
codenerd/internal/core/shadow_mode.go:146.26,148.3 1 1
codenerd/internal/core/shadow_mode.go:150.2,151.13 2 1
codenerd/internal/core/shadow_mode.go:151.13,153.3 1 0
codenerd/internal/core/shadow_mode.go:156.2,156.9 1 1
codenerd/internal/core/shadow_mode.go:157.20,160.24 3 1
codenerd/internal/core/shadow_mode.go:161.10,161.10 0 1
codenerd/internal/core/shadow_mode.go:164.2,172.33 5 1
codenerd/internal/core/shadow_mode.go:172.33,178.3 2 1
codenerd/internal/core/shadow_mode.go:181.2,185.31 3 1
codenerd/internal/core/shadow_mode.go:185.31,186.17 1 0
codenerd/internal/core/shadow_mode.go:186.17,188.4 1 0
codenerd/internal/core/shadow_mode.go:191.2,196.8 1 1
codenerd/internal/core/shadow_mode.go:208.80,211.21 2 1
codenerd/internal/core/shadow_mode.go:212.27,223.28 3 1
codenerd/internal/core/shadow_mode.go:223.28,224.79 1 0
codenerd/internal/core/shadow_mode.go:224.79,231.5 1 0
codenerd/internal/core/shadow_mode.go:234.28,241.5 1 0
codenerd/internal/core/shadow_mode.go:243.26,256.5 2 0
codenerd/internal/core/shadow_mode.go:258.22,265.5 1 1
codenerd/internal/core/shadow_mode.go:267.27,274.5 1 0
codenerd/internal/core/shadow_mode.go:277.2,277.16 1 1
codenerd/internal/core/shadow_mode.go:281.78,286.34 3 1
codenerd/internal/core/shadow_mode.go:286.34,288.23 2 0
codenerd/internal/core/shadow_mode.go:288.23,290.4 1 0
codenerd/internal/core/shadow_mode.go:291.3,297.5 1 0
codenerd/internal/core/shadow_mode.go:301.2,302.37 2 1
codenerd/internal/core/shadow_mode.go:302.37,304.23 2 0
codenerd/internal/core/shadow_mode.go:304.23,306.4 1 0
codenerd/internal/core/shadow_mode.go:307.3,313.5 1 0
codenerd/internal/core/shadow_mode.go:317.2,318.35 2 1
codenerd/internal/core/shadow_mode.go:318.35,321.23 3 0
codenerd/internal/core/shadow_mode.go:321.23,323.4 1 0
codenerd/internal/core/shadow_mode.go:324.3,324.23 1 0
codenerd/internal/core/shadow_mode.go:324.23,326.4 1 0
codenerd/internal/core/shadow_mode.go:327.3,333.5 1 0
codenerd/internal/core/shadow_mode.go:337.2,338.36 2 1
codenerd/internal/core/shadow_mode.go:338.36,340.23 2 0
codenerd/internal/core/shadow_mode.go:340.23,342.4 1 0
codenerd/internal/core/shadow_mode.go:343.3,349.5 1 0
codenerd/internal/core/shadow_mode.go:352.2,352.19 1 1
codenerd/internal/core/shadow_mode.go:356.67,360.26 3 1
codenerd/internal/core/shadow_mode.go:360.26,362.3 1 0
codenerd/internal/core/shadow_mode.go:364.2,365.13 2 1
codenerd/internal/core/shadow_mode.go:365.13,367.3 1 0
codenerd/internal/core/shadow_mode.go:369.2,369.17 1 1
codenerd/internal/core/shadow_mode.go:369.17,371.3 1 0
codenerd/internal/core/shadow_mode.go:373.2,377.37 3 1
codenerd/internal/core/shadow_mode.go:377.37,378.24 1 0
codenerd/internal/core/shadow_mode.go:378.24,384.4 2 0
codenerd/internal/core/shadow_mode.go:384.9,386.4 1 0
codenerd/internal/core/shadow_mode.go:389.2,393.12 4 1
codenerd/internal/core/shadow_mode.go:397.54,401.26 3 1
codenerd/internal/core/shadow_mode.go:401.26,403.3 1 0
codenerd/internal/core/shadow_mode.go:405.2,405.59 1 1
codenerd/internal/core/shadow_mode.go:405.59,409.3 3 1
codenerd/internal/core/shadow_mode.go:411.2,413.23 3 1
codenerd/internal/core/shadow_mode.go:417.71,422.2 4 1
codenerd/internal/core/shadow_mode.go:425.65,428.26 3 1
codenerd/internal/core/shadow_mode.go:428.26,430.3 1 1
codenerd/internal/core/shadow_mode.go:431.2,432.20 2 1
codenerd/internal/core/shadow_mode.go:436.49,440.2 3 1
codenerd/internal/core/shadow_mode.go:443.53,447.2 3 1
codenerd/internal/core/shadow_mode.go:450.66,451.31 1 0
codenerd/internal/core/shadow_mode.go:451.31,452.17 1 0
codenerd/internal/core/shadow_mode.go:452.17,454.4 1 0
codenerd/internal/core/shadow_mode.go:456.2,456.14 1 0
codenerd/internal/core/shadow_mode.go:461.102,464.16 2 1
codenerd/internal/core/shadow_mode.go:464.16,466.3 1 1
codenerd/internal/core/shadow_mode.go:469.2,470.16 2 1
codenerd/internal/core/shadow_mode.go:470.16,473.3 2 0
codenerd/internal/core/shadow_mode.go:476.2,481.20 3 1
codenerd/internal/core/shadow_mode.go:485.40,491.26 4 0
codenerd/internal/core/shadow_mode.go:491.26,493.3 1 0
codenerd/internal/core/shadow_mode.go:495.2,496.13 2 0
codenerd/internal/core/shadow_mode.go:496.13,498.3 1 0
codenerd/internal/core/shadow_mode.go:501.2,502.17 2 0
codenerd/internal/core/shadow_mode.go:502.17,504.3 1 0
codenerd/internal/core/shadow_mode.go:505.2,511.37 2 0
codenerd/internal/core/shadow_mode.go:511.37,516.3 1 0
codenerd/internal/core/shadow_mode.go:518.2,518.14 1 0
codenerd/internal/core/tdd_loop.go:68.35,79.2 1 1
codenerd/internal/core/tdd_loop.go:90.30,100.2 1 1
codenerd/internal/core/tdd_loop.go:113.43,122.2 1 1
codenerd/internal/core/tdd_loop.go:162.80,164.2 1 1
codenerd/internal/core/tdd_loop.go:167.112,180.2 1 1
codenerd/internal/core/tdd_loop.go:183.39,187.2 3 1
codenerd/internal/core/tdd_loop.go:190.39,194.2 3 1
codenerd/internal/core/tdd_loop.go:197.49,201.2 3 1
codenerd/internal/core/tdd_loop.go:204.53,208.2 3 0
codenerd/internal/core/tdd_loop.go:211.96,222.21 3 1
codenerd/internal/core/tdd_loop.go:222.21,235.37 6 1
codenerd/internal/core/tdd_loop.go:235.37,237.4 1 0
codenerd/internal/core/tdd_loop.go:242.42,246.17 3 1
codenerd/internal/core/tdd_loop.go:247.20,248.27 1 1
codenerd/internal/core/tdd_loop.go:250.23,251.34 1 1
codenerd/internal/core/tdd_loop.go:251.34,253.4 1 1
codenerd/internal/core/tdd_loop.go:254.3,254.27 1 1
codenerd/internal/core/tdd_loop.go:256.25,257.30 1 1
codenerd/internal/core/tdd_loop.go:259.26,260.32 1 1
codenerd/internal/core/tdd_loop.go:262.24,263.29 1 1
codenerd/internal/core/tdd_loop.go:265.25,266.24 1 0
codenerd/internal/core/tdd_loop.go:268.28,269.34 1 0
codenerd/internal/core/tdd_loop.go:269.34,271.4 1 0
codenerd/internal/core/tdd_loop.go:272.3,272.27 1 0
codenerd/internal/core/tdd_loop.go:274.23,275.27 1 1
codenerd/internal/core/tdd_loop.go:277.25,278.27 1 0
codenerd/internal/core/tdd_loop.go:280.10,281.27 1 0
codenerd/internal/core/tdd_loop.go:286.50,289.16 2 1
codenerd/internal/core/tdd_loop.go:290.25,291.25 1 1
codenerd/internal/core/tdd_loop.go:292.29,293.29 1 1
codenerd/internal/core/tdd_loop.go:294.28,295.33 1 1
codenerd/internal/core/tdd_loop.go:296.30,297.30 1 1
codenerd/internal/core/tdd_loop.go:298.27,299.27 1 1
codenerd/internal/core/tdd_loop.go:300.22,301.22 1 0
codenerd/internal/core/tdd_loop.go:302.25,303.25 1 0
codenerd/internal/core/tdd_loop.go:304.25,305.13 1 1
codenerd/internal/core/tdd_loop.go:306.10,307.50 1 0
codenerd/internal/core/tdd_loop.go:312.62,313.6 1 0
codenerd/internal/core/tdd_loop.go:313.6,314.10 1 0
codenerd/internal/core/tdd_loop.go:315.21,316.20 1 0
codenerd/internal/core/tdd_loop.go:317.11,317.11 0 0
codenerd/internal/core/tdd_loop.go:320.3,321.61 2 0
codenerd/internal/core/tdd_loop.go:321.61,323.4 1 0
codenerd/internal/core/tdd_loop.go:325.3,325.36 1 0
codenerd/internal/core/tdd_loop.go:325.36,327.4 1 0
codenerd/internal/core/tdd_loop.go:332.27,343.2 8 0
codenerd/internal/core/tdd_loop.go:346.55,366.127 7 1
codenerd/internal/core/tdd_loop.go:366.127,374.3 4 1
codenerd/internal/core/tdd_loop.go:376.2,377.12 2 1
codenerd/internal/core/tdd_loop.go:381.59,382.34 1 1
codenerd/internal/core/tdd_loop.go:382.34,384.3 1 0
codenerd/internal/core/tdd_loop.go:385.2,390.37 3 1
codenerd/internal/core/tdd_loop.go:390.37,391.22 1 1
codenerd/internal/core/tdd_loop.go:391.22,392.57 1 1
codenerd/internal/core/tdd_loop.go:392.57,394.5 1 0
codenerd/internal/core/tdd_loop.go:398.2,402.12 2 1
codenerd/internal/core/tdd_loop.go:406.63,407.34 1 1
codenerd/internal/core/tdd_loop.go:407.34,409.3 1 0
codenerd/internal/core/tdd_loop.go:410.2,414.29 3 1
codenerd/internal/core/tdd_loop.go:414.29,416.3 1 1
codenerd/internal/core/tdd_loop.go:416.8,420.3 2 1
codenerd/internal/core/tdd_loop.go:423.2,423.21 1 1
codenerd/internal/core/tdd_loop.go:423.21,427.18 1 1
codenerd/internal/core/tdd_loop.go:427.18,429.4 1 0
codenerd/internal/core/tdd_loop.go:432.2,436.12 2 1
codenerd/internal/core/tdd_loop.go:440.60,443.24 2 1
codenerd/internal/core/tdd_loop.go:443.24,445.29 1 0
codenerd/internal/core/tdd_loop.go:445.29,453.4 2 0
codenerd/internal/core/tdd_loop.go:454.3,456.13 3 0
codenerd/internal/core/tdd_loop.go:460.2,461.29 2 1
codenerd/internal/core/tdd_loop.go:461.29,463.3 1 1
codenerd/internal/core/tdd_loop.go:466.2,470.34 5 1
codenerd/internal/core/tdd_loop.go:470.34,471.13 1 1
codenerd/internal/core/tdd_loop.go:471.13,472.9 1 0
codenerd/internal/core/tdd_loop.go:474.3,474.78 1 1
codenerd/internal/core/tdd_loop.go:476.2,487.16 8 1
codenerd/internal/core/tdd_loop.go:487.16,489.3 1 0
codenerd/internal/core/tdd_loop.go:492.2,499.35 4 1
codenerd/internal/core/tdd_loop.go:499.35,501.3 1 1
codenerd/internal/core/tdd_loop.go:503.2,509.12 3 1
codenerd/internal/core/tdd_loop.go:513.58,519.29 3 1
codenerd/internal/core/tdd_loop.go:519.29,520.36 1 1
codenerd/internal/core/tdd_loop.go:520.36,521.12 1 1
codenerd/internal/core/tdd_loop.go:524.3,531.51 6 1
codenerd/internal/core/tdd_loop.go:531.51,542.4 4 1
codenerd/internal/core/tdd_loop.go:545.2,545.16 1 1
codenerd/internal/core/tdd_loop.go:549.57,553.34 3 1
codenerd/internal/core/tdd_loop.go:553.34,554.55 1 0
codenerd/internal/core/tdd_loop.go:554.55,555.12 1 0
codenerd/internal/core/tdd_loop.go:560.3,574.17 3 0
codenerd/internal/core/tdd_loop.go:574.17,580.4 2 0
codenerd/internal/core/tdd_loop.go:583.2,584.12 2 1
codenerd/internal/core/tdd_loop.go:588.52,605.53 6 0
codenerd/internal/core/tdd_loop.go:605.53,611.3 3 0
codenerd/internal/core/tdd_loop.go:613.2,614.12 2 0
codenerd/internal/core/tdd_loop.go:618.55,642.2 7 0
codenerd/internal/core/tdd_loop.go:645.63,650.27 3 1
codenerd/internal/core/tdd_loop.go:650.27,653.3 2 1
codenerd/internal/core/tdd_loop.go:657.2,658.27 2 1
codenerd/internal/core/tdd_loop.go:658.27,660.3 1 1
codenerd/internal/core/tdd_loop.go:662.2,664.21 2 1
codenerd/internal/core/tdd_loop.go:664.21,676.16 7 1
codenerd/internal/core/tdd_loop.go:676.16,677.73 1 1
codenerd/internal/core/tdd_loop.go:677.73,683.5 1 1
codenerd/internal/core/tdd_loop.go:687.3,687.18 1 1
codenerd/internal/core/tdd_loop.go:687.18,688.74 1 1
codenerd/internal/core/tdd_loop.go:688.74,700.5 5 0
codenerd/internal/core/tdd_loop.go:704.3,704.16 1 1
codenerd/internal/core/tdd_loop.go:704.16,705.74 1 0
codenerd/internal/core/tdd_loop.go:705.74,714.5 3 0
codenerd/internal/core/tdd_loop.go:718.3,718.17 1 1
codenerd/internal/core/tdd_loop.go:718.17,719.76 1 0
codenerd/internal/core/tdd_loop.go:719.76,725.5 1 0
codenerd/internal/core/tdd_loop.go:727.3,727.17 1 1
codenerd/internal/core/tdd_loop.go:727.17,728.74 1 0
codenerd/internal/core/tdd_loop.go:728.74,738.5 9 0
codenerd/internal/core/tdd_loop.go:742.2,742.20 1 1
codenerd/internal/core/tdd_loop.go:746.64,749.2 1 0
codenerd/internal/core/tdd_loop.go:752.44,757.21 4 1
codenerd/internal/core/tdd_loop.go:757.21,758.57 1 1
codenerd/internal/core/tdd_loop.go:758.57,760.4 1 0
codenerd/internal/core/tdd_loop.go:765.52,770.21 4 0
codenerd/internal/core/tdd_loop.go:770.21,774.18 1 0
codenerd/internal/core/tdd_loop.go:774.18,776.4 1 0
codenerd/internal/core/tdd_loop.go:781.36,791.37 4 1
codenerd/internal/core/tdd_loop.go:791.37,793.3 1 0
codenerd/internal/core/tdd_loop.go:795.2,795.34 1 1
codenerd/internal/core/tdd_loop.go:795.34,797.3 1 0
codenerd/internal/core/tdd_loop.go:799.2,799.24 1 1
codenerd/internal/core/tdd_loop.go:799.24,804.3 1 0
codenerd/internal/core/tdd_loop.go:806.2,806.14 1 1
codenerd/internal/core/tdd_loop.go:812.38,816.21 3 0
codenerd/internal/core/tdd_loop.go:816.21,821.37 2 0
codenerd/internal/core/tdd_loop.go:821.37,823.4 1 0
codenerd/internal/core/tdd_loop.go:827.2,827.37 1 0
codenerd/internal/core/tdd_loop.go:827.37,828.31 1 0
codenerd/internal/core/tdd_loop.go:828.31,830.4 1 0
codenerd/internal/core/tdd_loop.go:832.2,832.14 1 0
codenerd/internal/core/tool_registry.go:42.52,47.2 1 1
codenerd/internal/core/tool_registry.go:50.45,54.2 3 1
codenerd/internal/core/tool_registry.go:57.81,63.16 4 1
codenerd/internal/core/tool_registry.go:63.16,66.3 2 0
codenerd/internal/core/tool_registry.go:67.2,67.19 1 1
codenerd/internal/core/tool_registry.go:67.19,70.3 2 0
codenerd/internal/core/tool_registry.go:73.2,73.29 1 1
codenerd/internal/core/tool_registry.go:73.29,75.31 2 0
codenerd/internal/core/tool_registry.go:75.31,77.4 1 0
codenerd/internal/core/tool_registry.go:78.3,78.53 1 0
codenerd/internal/core/tool_registry.go:78.53,81.4 2 0
codenerd/internal/core/tool_registry.go:82.3,82.20 1 0
codenerd/internal/core/tool_registry.go:86.2,96.49 3 1
codenerd/internal/core/tool_registry.go:96.49,99.3 2 0
codenerd/internal/core/tool_registry.go:101.2,102.12 2 1
codenerd/internal/core/tool_registry.go:106.64,110.21 3 1
codenerd/internal/core/tool_registry.go:110.21,112.3 1 0
codenerd/internal/core/tool_registry.go:114.2,114.32 1 1
codenerd/internal/core/tool_registry.go:114.32,116.3 1 0
codenerd/internal/core/tool_registry.go:118.2,121.33 2 1
codenerd/internal/core/tool_registry.go:125.60,130.2 4 1
codenerd/internal/core/tool_registry.go:133.68,138.32 4 1
codenerd/internal/core/tool_registry.go:138.32,139.70 1 1
codenerd/internal/core/tool_registry.go:139.70,141.4 1 1
codenerd/internal/core/tool_registry.go:143.2,143.14 1 1
codenerd/internal/core/tool_registry.go:147.45,152.32 4 0
codenerd/internal/core/tool_registry.go:152.32,154.3 1 0
codenerd/internal/core/tool_registry.go:155.2,155.14 1 0
codenerd/internal/core/tool_registry.go:159.105,162.2 2 0
codenerd/internal/core/tool_registry.go:165.116,167.13 2 0
codenerd/internal/core/tool_registry.go:167.13,170.3 2 0
codenerd/internal/core/tool_registry.go:173.2,182.22 8 0
codenerd/internal/core/tool_registry.go:182.22,184.3 1 0
codenerd/internal/core/tool_registry.go:185.2,189.16 4 0
codenerd/internal/core/tool_registry.go:189.16,192.3 2 0
codenerd/internal/core/tool_registry.go:194.2,195.20 2 0
codenerd/internal/core/tool_registry.go:199.59,205.42 4 1
codenerd/internal/core/tool_registry.go:205.42,208.3 2 0
codenerd/internal/core/tool_registry.go:210.2,213.22 2 1
codenerd/internal/core/tool_registry.go:213.22,217.110 2 1
codenerd/internal/core/tool_registry.go:217.110,219.4 1 0
codenerd/internal/core/tool_registry.go:220.3,220.110 1 1
codenerd/internal/core/tool_registry.go:220.110,222.4 1 0
codenerd/internal/core/tool_registry.go:223.3,223.104 1 1
codenerd/internal/core/tool_registry.go:223.104,225.4 1 0
codenerd/internal/core/tool_registry.go:226.3,226.110 1 1
codenerd/internal/core/tool_registry.go:226.110,228.4 1 0
codenerd/internal/core/tool_registry.go:230.3,230.20 1 1
codenerd/internal/core/tool_registry.go:230.20,233.4 2 0
codenerd/internal/core/tool_registry.go:236.2,237.12 2 1
codenerd/internal/core/tool_registry.go:242.42,254.21 2 1
codenerd/internal/core/tool_registry.go:254.21,259.3 1 1
codenerd/internal/core/tool_registry.go:261.2,261.40 1 1
codenerd/internal/core/tool_registry.go:261.40,266.3 1 1
codenerd/internal/core/tool_registry.go:268.2,268.14 1 1
codenerd/internal/core/tool_registry.go:274.59,275.22 1 1
codenerd/internal/core/tool_registry.go:275.22,277.3 1 1
codenerd/internal/core/tool_registry.go:279.2,280.37 2 1
codenerd/internal/core/tool_registry.go:285.76,286.25 1 0
codenerd/internal/core/tool_registry.go:286.25,289.3 2 0
codenerd/internal/core/tool_registry.go:291.2,300.33 7 0
codenerd/internal/core/tool_registry.go:300.33,311.22 2 0
codenerd/internal/core/tool_registry.go:311.22,312.12 1 0
codenerd/internal/core/tool_registry.go:314.3,314.33 1 0
codenerd/internal/core/tool_registry.go:314.33,316.4 1 0
codenerd/internal/core/tool_registry.go:318.3,320.16 3 0
codenerd/internal/core/tool_registry.go:324.2,324.43 1 0
codenerd/internal/core/tool_registry.go:324.43,325.57 1 0
codenerd/internal/core/tool_registry.go:325.57,328.4 2 0
codenerd/internal/core/tool_registry.go:331.2,332.12 2 0
codenerd/internal/core/tool_registry.go:337.67,340.16 3 0
codenerd/internal/core/tool_registry.go:340.16,341.25 1 0
codenerd/internal/core/tool_registry.go:341.25,344.4 2 0
codenerd/internal/core/tool_registry.go:345.3,346.72 2 0
codenerd/internal/core/tool_registry.go:349.2,356.32 6 0
codenerd/internal/core/tool_registry.go:356.32,357.20 1 0
codenerd/internal/core/tool_registry.go:357.20,358.12 1 0
codenerd/internal/core/tool_registry.go:361.3,362.47 2 0
codenerd/internal/core/tool_registry.go:362.47,364.4 1 0
codenerd/internal/core/tool_registry.go:366.3,378.18 5 0
codenerd/internal/core/tool_registry.go:382.2,382.43 1 0
codenerd/internal/core/tool_registry.go:382.43,383.57 1 0
codenerd/internal/core/tool_registry.go:383.57,386.4 2 0
codenerd/internal/core/tool_registry.go:389.2,390.12 2 0
codenerd/internal/core/tool_registry.go:406.75,416.27 7 0
codenerd/internal/core/tool_registry.go:416.27,418.21 2 0
codenerd/internal/core/tool_registry.go:418.21,420.4 1 0
codenerd/internal/core/tool_registry.go:420.9,420.47 1 0
codenerd/internal/core/tool_registry.go:420.47,422.4 1 0
codenerd/internal/core/tool_registry.go:424.3,433.22 2 0
codenerd/internal/core/tool_registry.go:433.22,434.12 1 0
codenerd/internal/core/tool_registry.go:437.3,439.18 3 0
codenerd/internal/core/tool_registry.go:443.2,443.43 1 0
codenerd/internal/core/tool_registry.go:443.43,444.57 1 0
codenerd/internal/core/tool_registry.go:444.57,447.4 2 0
codenerd/internal/core/tool_registry.go:450.2,451.12 2 0
codenerd/internal/core/tool_registry.go:466.67,468.21 2 0
codenerd/internal/core/tool_registry.go:468.21,470.45 1 0
codenerd/internal/core/tool_registry.go:470.45,472.4 1 0
codenerd/internal/core/tool_registry.go:475.2,475.21 1 0
codenerd/internal/core/tool_registry.go:475.21,477.3 1 0
codenerd/internal/core/tool_registry.go:479.2,493.29 13 0
codenerd/internal/core/tool_registry.go:493.29,495.21 2 0
codenerd/internal/core/tool_registry.go:495.21,497.4 1 0
codenerd/internal/core/tool_registry.go:498.3,498.60 1 0
codenerd/internal/core/tool_registry.go:502.2,502.45 1 0
codenerd/internal/core/tool_registry.go:502.45,504.33 2 0
codenerd/internal/core/tool_registry.go:504.33,506.30 2 0
codenerd/internal/core/tool_registry.go:506.30,508.5 1 0
codenerd/internal/core/tool_registry.go:509.4,509.34 1 0
codenerd/internal/core/tool_registry.go:509.34,511.5 1 0
codenerd/internal/core/tool_registry.go:512.4,512.29 1 0
codenerd/internal/core/tool_registry.go:517.2,524.25 7 0
codenerd/internal/core/tool_registry.go:528.35,530.2 1 1
codenerd/internal/core/tool_registry.go:532.44,534.19 2 0
codenerd/internal/core/tool_registry.go:534.19,536.3 1 0
codenerd/internal/core/tool_registry.go:537.2,537.72 1 0
codenerd/internal/core/tool_registry.go:537.72,539.3 1 0
codenerd/internal/core/tool_registry.go:540.2,540.32 1 0
codenerd/internal/core/trace.go:14.101,19.16 3 1
codenerd/internal/core/trace.go:19.16,21.3 1 1
codenerd/internal/core/trace.go:24.2,32.29 2 1
codenerd/internal/core/trace.go:32.29,42.3 4 1
codenerd/internal/core/trace.go:44.2,46.19 2 1
codenerd/internal/core/trace.go:50.132,69.46 6 1
codenerd/internal/core/trace.go:69.46,71.36 2 1
codenerd/internal/core/trace.go:71.36,74.4 2 1
codenerd/internal/core/trace.go:77.2,77.13 1 1
codenerd/internal/core/trace.go:82.87,88.25 2 1
codenerd/internal/core/trace.go:88.25,90.3 1 1
codenerd/internal/core/trace.go:94.2,95.26 2 1
codenerd/internal/core/trace.go:95.26,96.35 1 1
codenerd/internal/core/trace.go:96.35,97.59 1 1
codenerd/internal/core/trace.go:97.59,99.5 1 1
codenerd/internal/core/trace.go:104.2,104.29 1 1
codenerd/internal/core/trace.go:110.105,111.34 1 1
codenerd/internal/core/trace.go:111.34,113.3 1 1
codenerd/internal/core/trace.go:114.2,116.18 2 1
codenerd/internal/core/trace.go:117.27,120.25 1 1
codenerd/internal/core/trace.go:120.25,122.27 2 1
codenerd/internal/core/trace.go:122.27,124.95 1 1
codenerd/internal/core/trace.go:124.95,126.6 1 1
codenerd/internal/core/trace.go:130.25,132.25 1 1
codenerd/internal/core/trace.go:132.25,134.28 2 1
codenerd/internal/core/trace.go:134.28,136.95 1 1
codenerd/internal/core/trace.go:136.95,138.6 1 1
codenerd/internal/core/trace.go:142.25,144.25 1 1
codenerd/internal/core/trace.go:144.25,146.28 2 1
codenerd/internal/core/trace.go:146.28,148.95 1 1
codenerd/internal/core/trace.go:148.95,150.6 1 1
codenerd/internal/core/trace.go:154.27,157.29 2 1
codenerd/internal/core/trace.go:157.29,159.4 1 1
codenerd/internal/core/trace.go:164.2,164.17 1 1
codenerd/internal/core/trace.go:167.88,169.38 2 1
codenerd/internal/core/trace.go:169.38,171.3 1 1
codenerd/internal/core/trace.go:172.2,172.14 1 1
codenerd/internal/core/trace.go:175.50,181.2 1 1
codenerd/internal/core/transaction_manager.go:99.88,106.2 1 1
codenerd/internal/core/transaction_manager.go:109.100,113.26 3 1
codenerd/internal/core/transaction_manager.go:113.26,115.3 1 1
codenerd/internal/core/transaction_manager.go:117.2,133.17 6 1
codenerd/internal/core/transaction_manager.go:137.81,141.26 3 1
codenerd/internal/core/transaction_manager.go:141.26,143.3 1 1
codenerd/internal/core/transaction_manager.go:145.2,146.16 2 1
codenerd/internal/core/transaction_manager.go:146.16,148.3 1 0
codenerd/internal/core/transaction_manager.go:150.2,150.36 1 1
codenerd/internal/core/transaction_manager.go:150.36,152.3 1 1
codenerd/internal/core/transaction_manager.go:155.2,155.37 1 1
codenerd/internal/core/transaction_manager.go:155.37,156.57 1 1
codenerd/internal/core/transaction_manager.go:156.57,158.53 2 1
codenerd/internal/core/transaction_manager.go:158.53,160.5 1 1
codenerd/internal/core/transaction_manager.go:161.4,161.42 1 1
codenerd/internal/core/transaction_manager.go:165.2,170.12 4 1
codenerd/internal/core/transaction_manager.go:175.93,179.26 3 1
codenerd/internal/core/transaction_manager.go:179.26,181.3 1 1
codenerd/internal/core/transaction_manager.go:183.2,184.16 2 1
codenerd/internal/core/transaction_manager.go:184.16,186.3 1 0
codenerd/internal/core/transaction_manager.go:188.2,188.36 1 1
codenerd/internal/core/transaction_manager.go:188.36,190.3 1 1
codenerd/internal/core/transaction_manager.go:192.2,199.16 5 1
codenerd/internal/core/transaction_manager.go:199.16,203.3 3 0
codenerd/internal/core/transaction_manager.go:205.2,215.33 2 1
codenerd/internal/core/transaction_manager.go:215.33,219.60 2 1
codenerd/internal/core/transaction_manager.go:219.60,221.18 2 1
codenerd/internal/core/transaction_manager.go:221.18,227.13 3 0
codenerd/internal/core/transaction_manager.go:229.4,230.35 2 1
codenerd/internal/core/transaction_manager.go:230.35,237.13 3 1
codenerd/internal/core/transaction_manager.go:242.3,250.17 3 1
codenerd/internal/core/transaction_manager.go:250.17,252.4 1 1
codenerd/internal/core/transaction_manager.go:254.3,254.44 1 1
codenerd/internal/core/transaction_manager.go:254.44,256.43 2 0
codenerd/internal/core/transaction_manager.go:256.43,262.5 1 0
codenerd/internal/core/transaction_manager.go:267.2,268.31 2 1
codenerd/internal/core/transaction_manager.go:268.31,271.23 3 0
codenerd/internal/core/transaction_manager.go:271.23,273.4 1 0
codenerd/internal/core/transaction_manager.go:274.3,274.23 1 0
codenerd/internal/core/transaction_manager.go:274.23,276.4 1 0
codenerd/internal/core/transaction_manager.go:277.3,282.5 2 0
codenerd/internal/core/transaction_manager.go:286.2,291.20 4 1
codenerd/internal/core/transaction_manager.go:291.20,294.3 2 1
codenerd/internal/core/transaction_manager.go:294.8,297.3 2 1
codenerd/internal/core/transaction_manager.go:299.2,301.20 2 1
codenerd/internal/core/transaction_manager.go:306.65,310.26 3 1
codenerd/internal/core/transaction_manager.go:310.26,312.3 1 1
codenerd/internal/core/transaction_manager.go:314.2,315.16 2 1
codenerd/internal/core/transaction_manager.go:315.16,317.3 1 0
codenerd/internal/core/transaction_manager.go:319.2,319.34 1 1
codenerd/internal/core/transaction_manager.go:319.34,321.3 1 1
codenerd/internal/core/transaction_manager.go:323.2,328.33 4 1
codenerd/internal/core/transaction_manager.go:328.33,329.24 1 1
codenerd/internal/core/transaction_manager.go:330.39,333.49 2 1
codenerd/internal/core/transaction_manager.go:333.49,338.5 4 1
codenerd/internal/core/transaction_manager.go:341.4,341.74 1 1
codenerd/internal/core/transaction_manager.go:341.74,346.5 4 0
codenerd/internal/core/transaction_manager.go:347.4,347.58 1 1
codenerd/internal/core/transaction_manager.go:349.23,350.74 1 0
codenerd/internal/core/transaction_manager.go:350.74,355.5 4 0
codenerd/internal/core/transaction_manager.go:356.4,356.58 1 0
codenerd/internal/core/transaction_manager.go:360.2,364.33 3 1
codenerd/internal/core/transaction_manager.go:364.33,365.38 1 1
codenerd/internal/core/transaction_manager.go:365.38,370.4 1 1
codenerd/internal/core/transaction_manager.go:373.2,375.12 2 1
codenerd/internal/core/transaction_manager.go:379.79,383.26 3 1
codenerd/internal/core/transaction_manager.go:383.26,385.3 1 1
codenerd/internal/core/transaction_manager.go:387.2,388.16 2 1
codenerd/internal/core/transaction_manager.go:388.16,390.3 1 0
codenerd/internal/core/transaction_manager.go:392.2,392.38 1 1
codenerd/internal/core/transaction_manager.go:392.38,394.3 1 0
codenerd/internal/core/transaction_manager.go:396.2,402.12 5 1
codenerd/internal/core/transaction_manager.go:406.83,409.42 2 1
codenerd/internal/core/transaction_manager.go:409.42,410.58 1 1
codenerd/internal/core/transaction_manager.go:410.58,411.25 1 1
codenerd/internal/core/transaction_manager.go:411.25,412.66 1 1
codenerd/internal/core/transaction_manager.go:412.66,414.6 1 0
codenerd/internal/core/transaction_manager.go:415.10,418.5 1 0
codenerd/internal/core/transaction_manager.go:424.75,428.26 3 1
codenerd/internal/core/transaction_manager.go:428.26,430.3 1 1
codenerd/internal/core/transaction_manager.go:432.2,433.20 2 1
codenerd/internal/core/transaction_manager.go:437.81,443.2 4 1
codenerd/internal/core/transaction_manager.go:446.58,450.2 3 1
codenerd/internal/core/transaction_manager.go:453.41,454.23 1 1
codenerd/internal/core/transaction_manager.go:454.23,456.3 1 1
codenerd/internal/core/transaction_manager.go:458.2,459.28 2 1
codenerd/internal/core/transaction_manager.go:459.28,461.3 1 1
codenerd/internal/core/transaction_manager.go:462.2,462.35 1 1
codenerd/internal/core/transaction_manager.go:466.48,472.26 4 1
codenerd/internal/core/transaction_manager.go:472.26,474.3 1 1
codenerd/internal/core/transaction_manager.go:476.2,477.16 2 1
codenerd/internal/core/transaction_manager.go:477.16,479.3 1 0
codenerd/internal/core/transaction_manager.go:482.2,488.33 2 1
codenerd/internal/core/transaction_manager.go:488.33,493.3 1 1
codenerd/internal/core/transaction_manager.go:495.2,495.14 1 1
codenerd/internal/core/validator_codedom.go:21.46,25.2 1 1
codenerd/internal/core/validator_codedom.go:29.67,31.16 2 0
codenerd/internal/core/validator_codedom.go:31.16,35.3 2 0
codenerd/internal/core/validator_codedom.go:36.2,38.12 3 0
codenerd/internal/core/validator_codedom.go:42.68,47.2 1 1
codenerd/internal/core/validator_codedom.go:50.115,51.21 1 0
codenerd/internal/core/validator_codedom.go:51.21,58.3 1 0
codenerd/internal/core/validator_codedom.go:62.2,63.20 2 0
codenerd/internal/core/validator_codedom.go:63.20,70.3 1 0
codenerd/internal/core/validator_codedom.go:73.2,74.16 2 0
codenerd/internal/core/validator_codedom.go:74.16,81.3 1 0
codenerd/internal/core/validator_codedom.go:84.2,84.35 1 0
codenerd/internal/core/validator_codedom.go:84.35,88.68 3 0
codenerd/internal/core/validator_codedom.go:88.68,89.33 1 0
codenerd/internal/core/validator_codedom.go:89.33,96.5 1 0
codenerd/internal/core/validator_codedom.go:101.2,101.40 1 0
codenerd/internal/core/validator_codedom.go:101.40,104.17 3 0
codenerd/internal/core/validator_codedom.go:104.17,114.4 1 0
codenerd/internal/core/validator_codedom.go:118.2,118.35 1 0
codenerd/internal/core/validator_codedom.go:118.35,119.49 1 0
codenerd/internal/core/validator_codedom.go:119.49,120.44 1 0
codenerd/internal/core/validator_codedom.go:120.44,128.5 1 0
codenerd/internal/core/validator_codedom.go:132.2,140.3 1 0
codenerd/internal/core/validator_codedom.go:144.70,146.60 1 0
codenerd/internal/core/validator_codedom.go:146.60,148.3 1 0
codenerd/internal/core/validator_codedom.go:151.2,151.39 1 0
codenerd/internal/core/validator_codedom.go:151.39,153.22 2 0
codenerd/internal/core/validator_codedom.go:153.22,155.4 1 0
codenerd/internal/core/validator_codedom.go:159.2,159.50 1 0
codenerd/internal/core/validator_codedom.go:159.50,161.3 1 0
codenerd/internal/core/validator_codedom.go:162.2,162.50 1 0
codenerd/internal/core/validator_codedom.go:162.50,164.3 1 0
codenerd/internal/core/validator_codedom.go:166.2,166.11 1 0
codenerd/internal/core/validator_codedom.go:171.81,175.20 2 0
codenerd/internal/core/validator_codedom.go:175.20,177.3 1 0
codenerd/internal/core/validator_codedom.go:179.2,181.40 2 0
codenerd/internal/core/validator_codedom.go:181.40,184.3 2 0
codenerd/internal/core/validator_codedom.go:187.2,188.50 2 0
codenerd/internal/core/validator_codedom.go:192.42,192.72 1 0
codenerd/internal/core/validator_codedom.go:196.43,196.56 1 1
codenerd/internal/core/validator_codedom.go:202.48,204.2 1 1
codenerd/internal/core/validator_codedom.go:207.69,211.2 1 1
codenerd/internal/core/validator_codedom.go:214.116,215.21 1 0
codenerd/internal/core/validator_codedom.go:215.21,222.3 1 0
codenerd/internal/core/validator_codedom.go:224.2,225.20 2 0
codenerd/internal/core/validator_codedom.go:225.20,226.51 1 0
codenerd/internal/core/validator_codedom.go:226.51,228.4 1 0
codenerd/internal/core/validator_codedom.go:231.2,231.20 1 0
codenerd/internal/core/validator_codedom.go:231.20,237.3 1 0
codenerd/internal/core/validator_codedom.go:239.2,240.16 2 0
codenerd/internal/core/validator_codedom.go:240.16,247.3 1 0
codenerd/internal/core/validator_codedom.go:250.2,250.35 1 0
codenerd/internal/core/validator_codedom.go:250.35,251.80 1 0
codenerd/internal/core/validator_codedom.go:251.80,254.57 2 0
codenerd/internal/core/validator_codedom.go:254.57,262.5 1 0
codenerd/internal/core/validator_codedom.go:267.2,267.35 1 0
codenerd/internal/core/validator_codedom.go:267.35,271.25 3 0
codenerd/internal/core/validator_codedom.go:271.25,278.23 3 0
codenerd/internal/core/validator_codedom.go:278.23,285.5 1 0
codenerd/internal/core/validator_codedom.go:287.4,295.5 1 0
codenerd/internal/core/validator_codedom.go:299.2,307.3 1 0
codenerd/internal/core/validator_codedom.go:311.43,311.75 1 0
codenerd/internal/core/validator_codedom.go:314.44,314.57 1 1
codenerd/internal/core/validator_dir.go:15.50,17.2 1 1
codenerd/internal/core/validator_dir.go:20.70,24.2 1 1
codenerd/internal/core/validator_dir.go:27.117,28.21 1 0
codenerd/internal/core/validator_dir.go:28.21,35.3 1 0
codenerd/internal/core/validator_dir.go:37.2,38.16 2 0
codenerd/internal/core/validator_dir.go:38.16,45.3 1 0
codenerd/internal/core/validator_dir.go:48.2,51.16 3 0
codenerd/internal/core/validator_dir.go:51.16,59.3 1 0
codenerd/internal/core/validator_dir.go:61.2,61.19 1 0
codenerd/internal/core/validator_dir.go:61.19,69.3 1 0
codenerd/internal/core/validator_dir.go:71.2,80.3 1 0
codenerd/internal/core/validator_dir.go:84.44,84.76 1 0
codenerd/internal/core/validator_dir.go:88.45,88.57 1 1
codenerd/internal/core/validator_edit_enhanced.go:35.56,41.2 1 1
codenerd/internal/core/validator_edit_enhanced.go:44.73,46.2 1 1
codenerd/internal/core/validator_edit_enhanced.go:49.120,50.21 1 0
codenerd/internal/core/validator_edit_enhanced.go:50.21,57.3 1 0
codenerd/internal/core/validator_edit_enhanced.go:59.2,60.16 2 0
codenerd/internal/core/validator_edit_enhanced.go:60.16,67.3 1 0
codenerd/internal/core/validator_edit_enhanced.go:70.2,73.24 3 0
codenerd/internal/core/validator_edit_enhanced.go:73.24,81.3 1 0
codenerd/internal/core/validator_edit_enhanced.go:84.2,85.16 2 0
codenerd/internal/core/validator_edit_enhanced.go:85.16,92.3 1 0
codenerd/internal/core/validator_edit_enhanced.go:95.2,96.38 2 0
codenerd/internal/core/validator_edit_enhanced.go:96.38,107.3 1 0
codenerd/internal/core/validator_edit_enhanced.go:110.2,111.16 2 0
codenerd/internal/core/validator_edit_enhanced.go:111.16,118.3 1 0
codenerd/internal/core/validator_edit_enhanced.go:120.2,123.22 2 0
codenerd/internal/core/validator_edit_enhanced.go:123.22,125.50 1 0
codenerd/internal/core/validator_edit_enhanced.go:125.50,136.4 1 0
codenerd/internal/core/validator_edit_enhanced.go:140.3,141.24 2 0
codenerd/internal/core/validator_edit_enhanced.go:141.24,143.34 1 0
codenerd/internal/core/validator_edit_enhanced.go:143.34,145.64 2 0
codenerd/internal/core/validator_edit_enhanced.go:145.64,156.6 1 0
codenerd/internal/core/validator_edit_enhanced.go:162.2,162.22 1 0
codenerd/internal/core/validator_edit_enhanced.go:162.22,163.51 1 0
codenerd/internal/core/validator_edit_enhanced.go:163.51,174.4 1 0
codenerd/internal/core/validator_edit_enhanced.go:177.3,177.26 1 0
codenerd/internal/core/validator_edit_enhanced.go:177.26,179.22 2 0
codenerd/internal/core/validator_edit_enhanced.go:179.22,187.5 1 0
codenerd/internal/core/validator_edit_enhanced.go:190.4,191.34 2 0
codenerd/internal/core/validator_edit_enhanced.go:191.34,205.5 3 0
codenerd/internal/core/validator_edit_enhanced.go:210.2,210.92 1 0
codenerd/internal/core/validator_edit_enhanced.go:210.92,211.54 1 0
codenerd/internal/core/validator_edit_enhanced.go:211.54,222.4 1 0
codenerd/internal/core/validator_edit_enhanced.go:225.2,225.89 1 0
codenerd/internal/core/validator_edit_enhanced.go:225.89,226.53 1 0
codenerd/internal/core/validator_edit_enhanced.go:226.53,237.4 1 0
codenerd/internal/core/validator_edit_enhanced.go:241.2,241.44 1 0
codenerd/internal/core/validator_edit_enhanced.go:241.44,251.3 1 0
codenerd/internal/core/validator_edit_enhanced.go:254.2,255.18 2 0
codenerd/internal/core/validator_edit_enhanced.go:255.18,266.3 1 0
codenerd/internal/core/validator_edit_enhanced.go:269.2,270.19 2 0
codenerd/internal/core/validator_edit_enhanced.go:270.19,277.3 1 0
codenerd/internal/core/validator_edit_enhanced.go:280.2,306.3 2 0
codenerd/internal/core/validator_edit_enhanced.go:310.47,312.2 1 0
codenerd/internal/core/validator_edit_enhanced.go:316.48,318.2 1 1
codenerd/internal/core/validator_exec.go:13.35,15.2 1 1
codenerd/internal/core/validator_exec.go:17.51,22.28 3 1
codenerd/internal/core/validator_exec.go:22.28,24.3 1 1
codenerd/internal/core/validator_exec.go:26.2,27.27 2 0
codenerd/internal/core/validator_exec.go:27.27,29.3 1 0
codenerd/internal/core/validator_exec.go:31.2,33.63 3 0
codenerd/internal/core/validator_exec.go:47.50,86.39 3 1
codenerd/internal/core/validator_exec.go:86.39,88.17 2 1
codenerd/internal/core/validator_exec.go:88.17,90.4 1 1
codenerd/internal/core/validator_exec.go:93.2,93.10 1 1
codenerd/internal/core/validator_exec.go:97.70,99.16 2 1
codenerd/internal/core/validator_exec.go:99.16,101.3 1 0
codenerd/internal/core/validator_exec.go:102.2,105.12 4 1
codenerd/internal/core/validator_exec.go:109.70,116.2 1 1
codenerd/internal/core/validator_exec.go:119.117,120.34 1 1
codenerd/internal/core/validator_exec.go:120.34,127.3 1 0
codenerd/internal/core/validator_exec.go:130.2,130.21 1 1
codenerd/internal/core/validator_exec.go:130.21,137.3 1 1
codenerd/internal/core/validator_exec.go:139.2,147.35 6 1
codenerd/internal/core/validator_exec.go:147.35,148.34 1 1
codenerd/internal/core/validator_exec.go:148.34,164.4 3 1
codenerd/internal/core/validator_exec.go:168.2,169.49 2 1
codenerd/internal/core/validator_exec.go:169.49,171.3 1 1
codenerd/internal/core/validator_exec.go:173.2,181.3 1 1
codenerd/internal/core/validator_exec.go:185.133,186.34 1 1
codenerd/internal/core/validator_exec.go:186.34,193.3 1 0
codenerd/internal/core/validator_exec.go:194.2,198.82 3 1
codenerd/internal/core/validator_exec.go:198.82,201.54 1 1
codenerd/internal/core/validator_exec.go:201.54,209.4 1 1
codenerd/internal/core/validator_exec.go:213.2,213.42 1 1
codenerd/internal/core/validator_exec.go:213.42,214.74 1 1
codenerd/internal/core/validator_exec.go:214.74,222.4 1 1
codenerd/internal/core/validator_exec.go:226.2,226.75 1 1
codenerd/internal/core/validator_exec.go:226.75,227.81 1 1
codenerd/internal/core/validator_exec.go:227.81,235.4 1 1
codenerd/internal/core/validator_exec.go:239.2,239.77 1 1
codenerd/internal/core/validator_exec.go:239.77,242.52 1 0
codenerd/internal/core/validator_exec.go:242.52,250.4 1 0
codenerd/internal/core/validator_exec.go:254.2,254.38 1 1
codenerd/internal/core/validator_exec.go:254.38,257.53 1 1
codenerd/internal/core/validator_exec.go:257.53,265.4 1 1
codenerd/internal/core/validator_exec.go:268.2,268.12 1 1
codenerd/internal/core/validator_exec.go:272.44,272.76 1 0
codenerd/internal/core/validator_exec.go:275.45,275.58 1 1
codenerd/internal/core/validator_exec.go:278.66,280.15 2 1
codenerd/internal/core/validator_exec.go:280.15,282.3 1 0
codenerd/internal/core/validator_exec.go:284.2,291.15 5 1
codenerd/internal/core/validator_exec.go:291.15,293.3 1 1
codenerd/internal/core/validator_exec.go:295.2,296.22 2 1
codenerd/internal/core/validator_exec.go:296.22,298.3 1 1
codenerd/internal/core/validator_exec.go:300.2,301.15 2 1
codenerd/internal/core/validator_exec.go:301.15,303.3 1 0
codenerd/internal/core/validator_exec.go:304.2,304.22 1 1
codenerd/internal/core/validator_exec.go:304.22,306.3 1 0
codenerd/internal/core/validator_exec.go:308.2,308.15 1 1
codenerd/internal/core/validator_exec.go:317.42,331.34 3 1
codenerd/internal/core/validator_exec.go:331.34,333.3 1 1
codenerd/internal/core/validator_exec.go:335.2,335.51 1 1
codenerd/internal/core/validator_exec.go:339.66,341.2 1 1
codenerd/internal/core/validator_exec.go:344.40,344.68 1 1
codenerd/internal/core/validator_exec.go:347.41,347.53 1 1
codenerd/internal/core/validator_exec.go:355.40,367.33 3 1
codenerd/internal/core/validator_exec.go:367.33,369.3 1 1
codenerd/internal/core/validator_exec.go:371.2,371.50 1 1
codenerd/internal/core/validator_exec.go:375.65,377.2 1 1
codenerd/internal/core/validator_exec.go:380.39,380.66 1 1
codenerd/internal/core/validator_exec.go:383.40,383.52 1 1
codenerd/internal/core/validator_file.go:17.50,19.2 1 1
codenerd/internal/core/validator_file.go:22.70,25.2 1 1
codenerd/internal/core/validator_file.go:28.117,30.21 1 0
codenerd/internal/core/validator_file.go:30.21,37.3 1 0
codenerd/internal/core/validator_file.go:39.2,40.16 2 0
codenerd/internal/core/validator_file.go:40.16,47.3 1 0
codenerd/internal/core/validator_file.go:50.2,51.16 2 0
codenerd/internal/core/validator_file.go:51.16,58.3 1 0
codenerd/internal/core/validator_file.go:60.2,60.18 1 0
codenerd/internal/core/validator_file.go:60.18,67.3 1 0
codenerd/internal/core/validator_file.go:70.2,71.16 2 0
codenerd/internal/core/validator_file.go:71.16,78.3 1 0
codenerd/internal/core/validator_file.go:81.2,82.17 2 0
codenerd/internal/core/validator_file.go:82.17,84.30 1 0
codenerd/internal/core/validator_file.go:84.30,91.4 1 0
codenerd/internal/core/validator_file.go:92.3,97.4 1 0
codenerd/internal/core/validator_file.go:101.2,104.32 3 0
codenerd/internal/core/validator_file.go:104.32,117.3 1 0
codenerd/internal/core/validator_file.go:119.2,127.3 1 0
codenerd/internal/core/validator_file.go:131.44,131.77 1 0
codenerd/internal/core/validator_file.go:134.45,134.58 1 1
codenerd/internal/core/validator_file.go:141.48,143.2 1 1
codenerd/internal/core/validator_file.go:146.69,148.2 1 1
codenerd/internal/core/validator_file.go:151.116,153.21 1 0
codenerd/internal/core/validator_file.go:153.21,160.3 1 0
codenerd/internal/core/validator_file.go:162.2,163.16 2 0
codenerd/internal/core/validator_file.go:163.16,170.3 1 0
codenerd/internal/core/validator_file.go:173.2,174.16 2 0
codenerd/internal/core/validator_file.go:174.16,181.3 1 0
codenerd/internal/core/validator_file.go:183.2,189.24 4 0
codenerd/internal/core/validator_file.go:189.24,197.3 1 0
codenerd/internal/core/validator_file.go:200.2,200.75 1 0
codenerd/internal/core/validator_file.go:200.75,210.3 1 0
codenerd/internal/core/validator_file.go:213.2,213.76 1 0
codenerd/internal/core/validator_file.go:213.76,223.3 1 0
codenerd/internal/core/validator_file.go:225.2,233.3 1 0
codenerd/internal/core/validator_file.go:237.43,237.75 1 0
codenerd/internal/core/validator_file.go:240.44,240.57 1 1
codenerd/internal/core/validator_file.go:246.52,248.2 1 1
codenerd/internal/core/validator_file.go:251.71,253.2 1 1
codenerd/internal/core/validator_file.go:256.118,257.21 1 0
codenerd/internal/core/validator_file.go:257.21,264.3 1 0
codenerd/internal/core/validator_file.go:266.2,267.16 2 0
codenerd/internal/core/validator_file.go:267.16,274.3 1 0
codenerd/internal/core/validator_file.go:277.2,278.16 2 0
codenerd/internal/core/validator_file.go:278.16,285.3 1 0
codenerd/internal/core/validator_file.go:287.2,287.25 1 0
codenerd/internal/core/validator_file.go:287.25,294.3 1 0
codenerd/internal/core/validator_file.go:296.2,300.3 1 0
codenerd/internal/core/validator_file.go:304.45,304.79 1 0
codenerd/internal/core/validator_file.go:307.46,307.59 1 1
codenerd/internal/core/validator_file.go:310.47,311.22 1 1
codenerd/internal/core/validator_file.go:311.22,313.3 1 1
codenerd/internal/core/validator_file.go:314.2,314.29 1 0
codenerd/internal/core/validator_paranoid.go:30.56,37.2 1 1
codenerd/internal/core/validator_paranoid.go:40.73,44.2 1 1
codenerd/internal/core/validator_paranoid.go:52.60,53.37 1 1
codenerd/internal/core/validator_paranoid.go:53.37,55.3 1 0
codenerd/internal/core/validator_paranoid.go:56.2,56.21 1 1
codenerd/internal/core/validator_paranoid.go:61.120,65.21 2 1
codenerd/internal/core/validator_paranoid.go:65.21,72.3 1 0
codenerd/internal/core/validator_paranoid.go:74.2,75.16 2 1
codenerd/internal/core/validator_paranoid.go:75.16,82.3 1 1
codenerd/internal/core/validator_paranoid.go:84.2,85.47 2 1
codenerd/internal/core/validator_paranoid.go:85.47,87.3 1 1
codenerd/internal/core/validator_paranoid.go:87.8,87.63 1 1
codenerd/internal/core/validator_paranoid.go:87.63,89.3 1 0
codenerd/internal/core/validator_paranoid.go:89.8,90.33 1 1
codenerd/internal/core/validator_paranoid.go:90.33,97.4 1 1
codenerd/internal/core/validator_paranoid.go:98.3,103.4 1 1
codenerd/internal/core/validator_paranoid.go:106.2,110.16 3 1
codenerd/internal/core/validator_paranoid.go:110.16,118.3 1 1
codenerd/internal/core/validator_paranoid.go:120.2,120.18 1 1
codenerd/internal/core/validator_paranoid.go:120.18,128.3 1 1
codenerd/internal/core/validator_paranoid.go:131.2,133.13 3 1
codenerd/internal/core/validator_paranoid.go:133.13,145.3 1 0
codenerd/internal/core/validator_paranoid.go:146.2,146.38 1 1
codenerd/internal/core/validator_paranoid.go:146.38,159.3 1 1
codenerd/internal/core/validator_paranoid.go:162.2,163.35 2 1
codenerd/internal/core/validator_paranoid.go:163.35,175.3 1 1
codenerd/internal/core/validator_paranoid.go:177.2,177.35 1 1
codenerd/internal/core/validator_paranoid.go:177.35,189.3 1 1
codenerd/internal/core/validator_paranoid.go:191.2,192.30 2 1
codenerd/internal/core/validator_paranoid.go:192.30,204.3 1 1
codenerd/internal/core/validator_paranoid.go:207.2,207.51 1 1
codenerd/internal/core/validator_paranoid.go:207.51,209.17 2 1
codenerd/internal/core/validator_paranoid.go:209.17,211.4 1 0
codenerd/internal/core/validator_paranoid.go:212.3,216.43 4 1
codenerd/internal/core/validator_paranoid.go:216.43,218.4 1 0
codenerd/internal/core/validator_paranoid.go:219.3,219.45 1 1
codenerd/internal/core/validator_paranoid.go:222.2,227.16 4 1
codenerd/internal/core/validator_paranoid.go:227.16,228.23 1 0
codenerd/internal/core/validator_paranoid.go:228.23,235.4 1 0
codenerd/internal/core/validator_paranoid.go:236.3,242.4 1 0
codenerd/internal/core/validator_paranoid.go:245.2,245.34 1 1
codenerd/internal/core/validator_paranoid.go:245.34,257.3 1 1
codenerd/internal/core/validator_paranoid.go:260.2,260.25 1 1
codenerd/internal/core/validator_paranoid.go:260.25,264.17 3 1
codenerd/internal/core/validator_paranoid.go:264.17,265.24 1 0
codenerd/internal/core/validator_paranoid.go:265.24,272.5 1 0
codenerd/internal/core/validator_paranoid.go:273.4,279.5 1 0
codenerd/internal/core/validator_paranoid.go:282.3,282.36 1 1
codenerd/internal/core/validator_paranoid.go:282.36,294.4 1 1
codenerd/internal/core/validator_paranoid.go:296.3,296.36 1 0
codenerd/internal/core/validator_paranoid.go:296.36,308.4 1 0
codenerd/internal/core/validator_paranoid.go:311.2,332.3 2 1
codenerd/internal/core/validator_paranoid.go:336.47,338.2 1 0
codenerd/internal/core/validator_paranoid.go:341.48,343.2 1 1
codenerd/internal/core/validator_registry.go:5.50,30.2 13 1
codenerd/internal/core/validator_registry.go:33.51,40.2 6 0
codenerd/internal/core/validator_registry.go:43.53,46.2 2 0
codenerd/internal/core/validator_registry.go:49.56,53.2 3 0
codenerd/internal/core/validator_registry.go:56.54,59.2 2 0
codenerd/internal/core/validator_syntax.go:30.44,43.2 7 1
codenerd/internal/core/validator_syntax.go:46.85,50.2 3 1
codenerd/internal/core/validator_syntax.go:53.67,60.2 1 1
codenerd/internal/core/validator_syntax.go:63.114,64.21 1 1
codenerd/internal/core/validator_syntax.go:64.21,71.3 1 0
codenerd/internal/core/validator_syntax.go:73.2,74.16 2 1
codenerd/internal/core/validator_syntax.go:74.16,81.3 1 1
codenerd/internal/core/validator_syntax.go:83.2,87.9 5 1
codenerd/internal/core/validator_syntax.go:87.9,95.3 1 0
codenerd/internal/core/validator_syntax.go:98.2,99.16 2 1
codenerd/internal/core/validator_syntax.go:99.16,106.3 1 0
codenerd/internal/core/validator_syntax.go:107.2,110.16 3 1
codenerd/internal/core/validator_syntax.go:110.16,117.3 1 0
codenerd/internal/core/validator_syntax.go:120.2,120.44 1 1
codenerd/internal/core/validator_syntax.go:120.44,131.3 1 1
codenerd/internal/core/validator_syntax.go:133.2,141.3 1 1
codenerd/internal/core/validator_syntax.go:145.41,145.70 1 0
codenerd/internal/core/validator_syntax.go:149.42,149.55 1 1
codenerd/internal/core/validator_syntax.go:152.45,156.2 3 1
codenerd/internal/core/validator_syntax.go:159.47,161.52 2 1
codenerd/internal/core/validator_syntax.go:161.52,163.3 1 1
codenerd/internal/core/validator_syntax.go:164.2,164.18 1 1
codenerd/internal/core/validator_syntax.go:165.45,166.13 1 1
codenerd/internal/core/validator_syntax.go:167.10,168.71 1 1
codenerd/internal/core/validator_syntax.go:173.47,175.52 2 1
codenerd/internal/core/validator_syntax.go:175.52,177.3 1 0
codenerd/internal/core/validator_syntax.go:178.2,178.18 1 1
codenerd/internal/core/validator_syntax.go:179.45,180.13 1 1
codenerd/internal/core/validator_syntax.go:181.10,182.71 1 1
codenerd/internal/core/validator_syntax.go:187.47,198.21 7 1
codenerd/internal/core/validator_syntax.go:198.21,202.49 3 0
codenerd/internal/core/validator_syntax.go:202.49,203.12 1 0
codenerd/internal/core/validator_syntax.go:206.3,206.24 1 0
codenerd/internal/core/validator_syntax.go:206.24,207.70 1 0
codenerd/internal/core/validator_syntax.go:207.70,209.5 1 0
codenerd/internal/core/validator_syntax.go:210.4,210.12 1 0
codenerd/internal/core/validator_syntax.go:213.3,213.69 1 0
codenerd/internal/core/validator_syntax.go:213.69,215.20 2 0
codenerd/internal/core/validator_syntax.go:215.20,217.5 1 0
codenerd/internal/core/validator_syntax.go:218.4,218.12 1 0
codenerd/internal/core/validator_syntax.go:221.3,221.36 1 0
codenerd/internal/core/validator_syntax.go:221.36,222.38 1 0
codenerd/internal/core/validator_syntax.go:222.38,224.5 1 0
codenerd/internal/core/validator_syntax.go:225.4,226.12 2 0
codenerd/internal/core/validator_syntax.go:229.3,229.35 1 0
codenerd/internal/core/validator_syntax.go:229.35,230.37 1 0
codenerd/internal/core/validator_syntax.go:230.37,232.5 1 0
codenerd/internal/core/validator_syntax.go:233.4,234.12 2 0
codenerd/internal/core/validator_syntax.go:237.3,237.47 1 0
codenerd/internal/core/validator_syntax.go:237.47,239.4 1 0
codenerd/internal/core/validator_syntax.go:242.2,242.38 1 1
codenerd/internal/core/validator_syntax.go:242.38,244.3 1 0
codenerd/internal/core/validator_syntax.go:246.2,246.12 1 1
codenerd/internal/core/validator_syntax.go:254.42,256.2 1 0
codenerd/internal/core/validator_syntax.go:262.56,264.2 1 1
codenerd/internal/core/validator_syntax.go:267.73,271.2 1 1
codenerd/internal/core/validator_syntax.go:274.120,275.21 1 1
codenerd/internal/core/validator_syntax.go:275.21,281.3 1 0
codenerd/internal/core/validator_syntax.go:283.2,284.37 2 1
codenerd/internal/core/validator_syntax.go:284.37,291.3 1 1
codenerd/internal/core/validator_syntax.go:293.2,294.16 2 1
codenerd/internal/core/validator_syntax.go:294.16,301.3 1 0
codenerd/internal/core/validator_syntax.go:303.2,304.21 2 1
codenerd/internal/core/validator_syntax.go:304.21,312.3 1 1
codenerd/internal/core/validator_syntax.go:314.2,318.3 1 1
codenerd/internal/core/validator_syntax.go:322.47,322.83 1 0
codenerd/internal/core/validator_syntax.go:325.48,325.61 1 1
codenerd/internal/core/validator_syntax.go:328.52,333.29 4 1
codenerd/internal/core/validator_syntax.go:333.29,337.20 3 1
codenerd/internal/core/validator_syntax.go:337.20,338.12 1 1
codenerd/internal/core/validator_syntax.go:341.3,341.39 1 1
codenerd/internal/core/validator_syntax.go:341.39,343.4 1 0
codenerd/internal/core/validator_syntax.go:344.3,344.39 1 1
codenerd/internal/core/validator_syntax.go:344.39,346.12 2 0
codenerd/internal/core/validator_syntax.go:348.3,348.16 1 1
codenerd/internal/core/validator_syntax.go:348.16,349.12 1 0
codenerd/internal/core/validator_syntax.go:352.3,352.38 1 1
codenerd/internal/core/validator_syntax.go:352.38,353.12 1 1
codenerd/internal/core/validator_syntax.go:356.3,356.78 1 1
codenerd/internal/core/validator_syntax.go:356.78,358.4 1 1
codenerd/internal/core/validator_syntax.go:360.3,360.85 1 1
codenerd/internal/core/validator_syntax.go:360.85,362.4 1 0
codenerd/internal/core/validator_syntax.go:365.2,365.15 1 1
codenerd/internal/core/validator_syntax.go:369.34,370.12 1 1
codenerd/internal/core/validator_syntax.go:370.12,372.3 1 1
codenerd/internal/core/validator_syntax.go:373.2,377.14 4 1
codenerd/internal/core/validator_syntax.go:377.14,379.3 1 0
codenerd/internal/core/validator_syntax.go:379.8,381.3 1 1
codenerd/internal/core/validator_syntax.go:383.2,383.13 1 1
codenerd/internal/core/validator_syntax.go:383.13,386.3 2 1
codenerd/internal/core/validator_syntax.go:387.2,387.14 1 1
codenerd/internal/core/validator_syntax.go:387.14,389.3 1 0
codenerd/internal/core/validator_syntax.go:390.2,390.15 1 1
codenerd/internal/core/virtual_store.go:124.53,135.2 1 1
codenerd/internal/core/virtual_store.go:138.63,141.2 2 1
codenerd/internal/core/virtual_store.go:144.100,178.2 11 1
codenerd/internal/core/virtual_store.go:182.45,197.56 7 1
codenerd/internal/core/virtual_store.go:197.56,199.3 1 1
codenerd/internal/core/virtual_store.go:202.2,207.81 4 1
codenerd/internal/core/virtual_store.go:213.41,222.2 4 1
codenerd/internal/core/virtual_store.go:226.121,227.21 1 1
codenerd/internal/core/virtual_store.go:227.21,229.3 1 1
codenerd/internal/core/virtual_store.go:232.2,232.21 1 1
codenerd/internal/core/virtual_store.go:232.21,234.3 1 0
codenerd/internal/core/virtual_store.go:236.2,236.33 1 1
codenerd/internal/core/virtual_store.go:236.33,239.30 2 1
codenerd/internal/core/virtual_store.go:239.30,240.48 1 1
codenerd/internal/core/virtual_store.go:240.48,243.5 1 0
codenerd/internal/core/virtual_store.go:247.3,247.18 1 1
codenerd/internal/core/virtual_store.go:247.18,250.4 1 1
codenerd/internal/core/virtual_store.go:250.9,254.4 1 0
codenerd/internal/core/virtual_store.go:259.59,264.19 4 1
codenerd/internal/core/virtual_store.go:264.19,267.3 2 1
codenerd/internal/core/virtual_store.go:270.2,271.30 2 0
codenerd/internal/core/virtual_store.go:271.30,273.3 1 0
codenerd/internal/core/virtual_store.go:276.2,282.48 3 0
codenerd/internal/core/virtual_store.go:282.48,284.3 1 0
codenerd/internal/core/virtual_store.go:288.67,290.9 2 0
codenerd/internal/core/virtual_store.go:290.9,292.3 1 0
codenerd/internal/core/virtual_store.go:294.2,294.11 1 0
codenerd/internal/core/virtual_store.go:295.116,296.29 1 0
codenerd/internal/core/virtual_store.go:298.2,298.12 1 0
codenerd/internal/core/virtual_store.go:302.47,306.2 3 1
codenerd/internal/core/virtual_store.go:309.48,313.2 3 1
codenerd/internal/core/virtual_store.go:319.43,322.23 3 1
codenerd/internal/core/virtual_store.go:322.23,325.3 2 1
codenerd/internal/core/virtual_store.go:329.49,333.2 3 0
codenerd/internal/core/virtual_store.go:336.75,337.26 1 0
codenerd/internal/core/virtual_store.go:337.26,339.3 1 0
codenerd/internal/core/virtual_store.go:340.2,340.35 1 0
codenerd/internal/core/virtual_store.go:344.44,357.43 6 1
codenerd/internal/core/virtual_store.go:357.43,359.3 1 1
codenerd/internal/core/virtual_store.go:362.2,365.15 4 1
codenerd/internal/core/virtual_store.go:365.15,368.3 2 1
codenerd/internal/core/virtual_store.go:373.46,377.22 3 0
codenerd/internal/core/virtual_store.go:377.22,379.3 1 0
codenerd/internal/core/virtual_store.go:382.2,382.50 1 0
codenerd/internal/core/virtual_store.go:382.50,385.3 2 0
codenerd/internal/core/virtual_store.go:387.2,387.18 1 0
codenerd/internal/core/virtual_store.go:391.65,392.32 1 1
codenerd/internal/core/virtual_store.go:393.23,394.40 1 1
codenerd/internal/core/virtual_store.go:395.23,396.40 1 1
codenerd/internal/core/virtual_store.go:397.24,398.41 1 1
codenerd/internal/core/virtual_store.go:399.31,400.47 1 1
codenerd/internal/core/virtual_store.go:401.27,402.44 1 1
codenerd/internal/core/virtual_store.go:403.21,404.38 1 1
codenerd/internal/core/virtual_store.go:405.22,406.39 1 1
codenerd/internal/core/virtual_store.go:407.27,408.43 1 1
codenerd/internal/core/virtual_store.go:409.25,410.42 1 1
codenerd/internal/core/virtual_store.go:411.21,412.38 1 1
codenerd/internal/core/virtual_store.go:416.10,417.18 1 0
codenerd/internal/core/virtual_store.go:428.49,429.21 1 1
codenerd/internal/core/virtual_store.go:429.21,434.3 4 0
codenerd/internal/core/virtual_store.go:437.2,438.16 2 1
codenerd/internal/core/virtual_store.go:438.16,444.3 5 0
codenerd/internal/core/virtual_store.go:446.2,447.28 2 1
codenerd/internal/core/virtual_store.go:447.28,448.23 1 1
codenerd/internal/core/virtual_store.go:448.23,449.12 1 0
codenerd/internal/core/virtual_store.go:451.3,454.37 3 1
codenerd/internal/core/virtual_store.go:454.37,456.4 1 1
codenerd/internal/core/virtual_store.go:456.9,458.4 1 0
codenerd/internal/core/virtual_store.go:462.2,465.86 4 1
codenerd/internal/core/virtual_store.go:471.69,476.2 4 0
codenerd/internal/core/virtual_store.go:481.65,486.2 4 0
codenerd/internal/core/virtual_store.go:490.80,493.25 3 0
codenerd/internal/core/virtual_store.go:493.25,495.3 1 0
codenerd/internal/core/virtual_store.go:496.2,497.64 2 0
codenerd/internal/core/virtual_store.go:502.72,505.25 3 1
codenerd/internal/core/virtual_store.go:505.25,507.3 1 0
codenerd/internal/core/virtual_store.go:508.2,508.31 1 1
codenerd/internal/core/virtual_store.go:512.53,516.33 4 0
codenerd/internal/core/virtual_store.go:516.33,518.3 1 0
codenerd/internal/core/virtual_store.go:519.2,519.14 1 0
codenerd/internal/core/virtual_store.go:523.54,528.2 4 1
codenerd/internal/core/virtual_store.go:531.57,536.2 4 1
codenerd/internal/core/virtual_store.go:539.51,543.2 3 0
codenerd/internal/core/virtual_store.go:546.63,555.2 4 1
codenerd/internal/core/virtual_store.go:558.55,562.2 3 0
codenerd/internal/core/virtual_store.go:565.66,570.2 4 0
codenerd/internal/core/virtual_store.go:573.57,577.2 3 0
codenerd/internal/core/virtual_store.go:580.56,584.2 3 0
codenerd/internal/core/virtual_store.go:587.58,591.2 3 0
codenerd/internal/core/virtual_store.go:594.68,599.21 4 0
codenerd/internal/core/virtual_store.go:599.21,601.3 1 0
codenerd/internal/core/virtual_store.go:603.2,603.32 1 0
codenerd/internal/core/virtual_store.go:608.52,616.21 6 0
codenerd/internal/core/virtual_store.go:616.21,618.3 1 0
codenerd/internal/core/virtual_store.go:620.2,626.51 3 0
codenerd/internal/core/virtual_store.go:626.51,629.3 2 0
codenerd/internal/core/virtual_store.go:630.2,630.57 1 0
codenerd/internal/core/virtual_store.go:630.57,633.3 1 0
codenerd/internal/core/virtual_store.go:636.2,636.52 1 0
codenerd/internal/core/virtual_store.go:636.52,639.3 2 0
codenerd/internal/core/virtual_store.go:640.2,640.58 1 0
codenerd/internal/core/virtual_store.go:640.58,642.3 1 0
codenerd/internal/core/virtual_store.go:645.2,645.54 1 0
codenerd/internal/core/virtual_store.go:645.54,648.3 2 0
codenerd/internal/core/virtual_store.go:649.2,649.60 1 0
codenerd/internal/core/virtual_store.go:649.60,651.3 1 0
codenerd/internal/core/virtual_store.go:654.2,654.55 1 0
codenerd/internal/core/virtual_store.go:654.55,657.3 2 0
codenerd/internal/core/virtual_store.go:658.2,658.61 1 0
codenerd/internal/core/virtual_store.go:658.61,660.3 1 0
codenerd/internal/core/virtual_store.go:662.2,663.12 2 0
codenerd/internal/core/virtual_store.go:667.80,672.21 4 1
codenerd/internal/core/virtual_store.go:672.21,675.3 2 1
codenerd/internal/core/virtual_store.go:677.2,678.76 2 1
codenerd/internal/core/virtual_store.go:678.76,681.3 2 0
codenerd/internal/core/virtual_store.go:683.2,684.12 2 1
codenerd/internal/core/virtual_store.go:688.67,693.21 4 0
codenerd/internal/core/virtual_store.go:693.21,695.3 1 0
codenerd/internal/core/virtual_store.go:697.2,697.45 1 0
codenerd/internal/core/virtual_store.go:703.67,713.21 8 0
codenerd/internal/core/virtual_store.go:713.21,716.3 2 0
codenerd/internal/core/virtual_store.go:718.2,721.19 2 0
codenerd/internal/core/virtual_store.go:721.19,723.3 1 0
codenerd/internal/core/virtual_store.go:726.2,727.62 2 0
codenerd/internal/core/virtual_store.go:727.62,729.3 1 0
codenerd/internal/core/virtual_store.go:729.8,731.3 1 0
codenerd/internal/core/virtual_store.go:734.2,734.21 1 0
codenerd/internal/core/virtual_store.go:734.21,735.62 1 0
codenerd/internal/core/virtual_store.go:735.62,737.4 1 0
codenerd/internal/core/virtual_store.go:737.9,739.4 1 0
codenerd/internal/core/virtual_store.go:742.2,742.12 1 0
codenerd/internal/core/virtual_store.go:747.71,756.21 7 0
codenerd/internal/core/virtual_store.go:756.21,759.3 2 0
codenerd/internal/core/virtual_store.go:761.2,764.19 2 0
codenerd/internal/core/virtual_store.go:764.19,766.3 1 0
codenerd/internal/core/virtual_store.go:768.2,768.61 1 0
codenerd/internal/core/virtual_store.go:768.61,771.3 2 0
codenerd/internal/core/virtual_store.go:773.2,774.12 2 0
codenerd/internal/core/virtual_store.go:778.57,783.2 4 1
codenerd/internal/core/virtual_store.go:786.55,790.2 3 0
codenerd/internal/core/virtual_store.go:793.66,798.2 4 0
codenerd/internal/core/virtual_store.go:801.64,805.2 3 0
codenerd/internal/core/virtual_store.go:808.43,813.41 1 1
codenerd/internal/core/virtual_store.go:813.41,814.34 1 1
codenerd/internal/core/virtual_store.go:814.34,816.6 1 1
codenerd/internal/core/virtual_store.go:817.5,819.33 3 1
codenerd/internal/core/virtual_store.go:819.33,820.34 1 1
codenerd/internal/core/virtual_store.go:820.34,822.7 1 0
codenerd/internal/core/virtual_store.go:824.5,824.15 1 1
codenerd/internal/core/virtual_store.go:830.41,836.31 6 1
codenerd/internal/core/virtual_store.go:836.31,837.55 1 1
codenerd/internal/core/virtual_store.go:837.55,839.12 2 0
codenerd/internal/core/virtual_store.go:842.5,842.33 1 1
codenerd/internal/core/virtual_store.go:842.33,843.58 1 1
codenerd/internal/core/virtual_store.go:843.58,845.12 2 0
codenerd/internal/core/virtual_store.go:848.5,848.34 1 1
codenerd/internal/core/virtual_store.go:848.34,850.6 1 0
codenerd/internal/core/virtual_store.go:851.5,851.15 1 1
codenerd/internal/core/virtual_store.go:857.41,859.128 1 1
codenerd/internal/core/virtual_store.go:859.128,861.6 1 1
codenerd/internal/core/virtual_store.go:864.5,865.40 2 1
codenerd/internal/core/virtual_store.go:865.40,867.6 1 1
codenerd/internal/core/virtual_store.go:871.5,871.63 1 1
codenerd/internal/core/virtual_store.go:871.63,872.53 1 1
codenerd/internal/core/virtual_store.go:872.53,874.7 1 0
codenerd/internal/core/virtual_store.go:876.5,876.15 1 1
codenerd/internal/core/virtual_store.go:882.41,883.98 1 1
codenerd/internal/core/virtual_store.go:883.98,885.6 1 1
codenerd/internal/core/virtual_store.go:886.5,889.36 3 1
codenerd/internal/core/virtual_store.go:889.36,890.39 1 1
codenerd/internal/core/virtual_store.go:890.39,892.7 1 1
codenerd/internal/core/virtual_store.go:894.5,894.15 1 0
codenerd/internal/core/virtual_store.go:901.67,902.38 1 1
codenerd/internal/core/virtual_store.go:902.38,903.41 1 1
codenerd/internal/core/virtual_store.go:903.41,905.4 1 1
codenerd/internal/core/virtual_store.go:907.2,907.12 1 1
codenerd/internal/core/virtual_store.go:911.86,920.21 6 1
codenerd/internal/core/virtual_store.go:920.21,923.3 2 1
codenerd/internal/core/virtual_store.go:925.2,929.16 3 1
codenerd/internal/core/virtual_store.go:929.16,932.3 2 1
codenerd/internal/core/virtual_store.go:934.2,940.49 2 1
codenerd/internal/core/virtual_store.go:940.49,947.3 3 0
codenerd/internal/core/virtual_store.go:950.2,950.21 1 1
codenerd/internal/core/virtual_store.go:950.21,953.17 2 1
codenerd/internal/core/virtual_store.go:953.17,961.4 4 1
codenerd/internal/core/virtual_store.go:965.2,970.16 6 1
codenerd/internal/core/virtual_store.go:970.16,977.3 3 1
codenerd/internal/core/virtual_store.go:980.2,980.43 1 1
codenerd/internal/core/virtual_store.go:980.43,985.38 3 1
codenerd/internal/core/virtual_store.go:985.38,986.95 1 0
codenerd/internal/core/virtual_store.go:986.95,993.5 3 0
codenerd/internal/core/virtual_store.go:998.2,1008.20 7 1
codenerd/internal/core/virtual_store.go:1008.20,1010.3 1 1
codenerd/internal/core/virtual_store.go:1010.8,1012.3 1 1
codenerd/internal/core/virtual_store.go:1015.2,1016.27 2 1
codenerd/internal/core/virtual_store.go:1020.76,1026.26 2 1
codenerd/internal/core/virtual_store.go:1026.26,1031.3 2 1
codenerd/internal/core/virtual_store.go:1034.2,1038.9 3 1
codenerd/internal/core/virtual_store.go:1038.9,1040.3 1 1
codenerd/internal/core/virtual_store.go:1042.2,1047.9 4 1
codenerd/internal/core/virtual_store.go:1047.9,1049.3 1 1
codenerd/internal/core/virtual_store.go:1050.2,1053.40 2 1
codenerd/internal/core/virtual_store.go:1053.40,1055.64 1 1
codenerd/internal/core/virtual_store.go:1055.64,1056.29 1 1
codenerd/internal/core/virtual_store.go:1056.29,1058.5 1 1
codenerd/internal/core/virtual_store.go:1059.4,1059.12 1 1
codenerd/internal/core/virtual_store.go:1062.3,1063.36 2 0
codenerd/internal/core/virtual_store.go:1066.2,1066.17 1 1
codenerd/internal/core/virtual_store.go:1070.100,1071.18 1 1
codenerd/internal/core/virtual_store.go:1072.21,1073.35 1 1
codenerd/internal/core/virtual_store.go:1074.22,1075.36 1 1
codenerd/internal/core/virtual_store.go:1076.23,1077.37 1 0
codenerd/internal/core/virtual_store.go:1078.22,1079.36 1 0
codenerd/internal/core/virtual_store.go:1080.24,1081.38 1 0
codenerd/internal/core/virtual_store.go:1084.47,1085.39 1 0
codenerd/internal/core/virtual_store.go:1088.52,1089.39 1 0
codenerd/internal/core/virtual_store.go:1091.62,1092.38 1 0
codenerd/internal/core/virtual_store.go:1093.22,1094.36 1 1
codenerd/internal/core/virtual_store.go:1095.26,1096.40 1 0
codenerd/internal/core/virtual_store.go:1097.26,1098.40 1 0
codenerd/internal/core/virtual_store.go:1099.22,1100.36 1 0
codenerd/internal/core/virtual_store.go:1101.27,1102.41 1 0
codenerd/internal/core/virtual_store.go:1103.20,1104.34 1 0
codenerd/internal/core/virtual_store.go:1105.22,1106.36 1 0
codenerd/internal/core/virtual_store.go:1107.22,1108.36 1 0
codenerd/internal/core/virtual_store.go:1109.30,1110.54 1 0
codenerd/internal/core/virtual_store.go:1111.27,1112.51 1 0
codenerd/internal/core/virtual_store.go:1113.28,1114.52 1 0
codenerd/internal/core/virtual_store.go:1115.32,1116.56 1 0
codenerd/internal/core/virtual_store.go:1117.35,1118.60 1 0
codenerd/internal/core/virtual_store.go:1119.21,1120.35 1 0
codenerd/internal/core/virtual_store.go:1121.22,1122.36 1 0
codenerd/internal/core/virtual_store.go:1125.22,1126.36 1 0
codenerd/internal/core/virtual_store.go:1127.25,1128.39 1 0
codenerd/internal/core/virtual_store.go:1129.24,1130.38 1 0
codenerd/internal/core/virtual_store.go:1131.25,1132.39 1 0
codenerd/internal/core/virtual_store.go:1133.26,1134.40 1 0
codenerd/internal/core/virtual_store.go:1135.24,1136.38 1 0
codenerd/internal/core/virtual_store.go:1137.23,1138.37 1 0
codenerd/internal/core/virtual_store.go:1139.25,1140.39 1 0
codenerd/internal/core/virtual_store.go:1141.25,1142.39 1 0
codenerd/internal/core/virtual_store.go:1145.22,1146.36 1 0
codenerd/internal/core/virtual_store.go:1149.26,1150.40 1 0
codenerd/internal/core/virtual_store.go:1151.30,1152.44 1 0
codenerd/internal/core/virtual_store.go:1153.27,1154.41 1 0
codenerd/internal/core/virtual_store.go:1155.28,1156.42 1 0
codenerd/internal/core/virtual_store.go:1157.22,1158.36 1 0
codenerd/internal/core/virtual_store.go:1159.27,1160.41 1 0
codenerd/internal/core/virtual_store.go:1161.24,1162.38 1 0
codenerd/internal/core/virtual_store.go:1163.29,1164.47 1 0
codenerd/internal/core/virtual_store.go:1167.20,1168.36 1 0
codenerd/internal/core/virtual_store.go:1169.21,1170.37 1 0
codenerd/internal/core/virtual_store.go:1173.26,1174.40 1 0
codenerd/internal/core/virtual_store.go:1175.29,1176.43 1 0
codenerd/internal/core/virtual_store.go:1177.26,1178.45 1 0
codenerd/internal/core/virtual_store.go:1179.30,1180.44 1 0
codenerd/internal/core/virtual_store.go:1181.26,1182.45 1 0
codenerd/internal/core/virtual_store.go:1183.24,1184.38 1 0
codenerd/internal/core/virtual_store.go:1187.29,1188.43 1 0
codenerd/internal/core/virtual_store.go:1189.32,1190.46 1 0
codenerd/internal/core/virtual_store.go:1191.32,1192.46 1 0
codenerd/internal/core/virtual_store.go:1193.31,1194.45 1 0
codenerd/internal/core/virtual_store.go:1195.29,1196.43 1 0
codenerd/internal/core/virtual_store.go:1197.30,1198.44 1 0
codenerd/internal/core/virtual_store.go:1199.28,1200.42 1 0
codenerd/internal/core/virtual_store.go:1201.30,1202.44 1 0
codenerd/internal/core/virtual_store.go:1203.30,1204.44 1 0
codenerd/internal/core/virtual_store.go:1205.31,1206.45 1 0
codenerd/internal/core/virtual_store.go:1207.30,1208.44 1 0
codenerd/internal/core/virtual_store.go:1209.33,1210.47 1 0
codenerd/internal/core/virtual_store.go:1211.29,1212.43 1 0
codenerd/internal/core/virtual_store.go:1213.29,1214.43 1 0
codenerd/internal/core/virtual_store.go:1215.32,1216.46 1 0
codenerd/internal/core/virtual_store.go:1217.30,1218.48 1 0
codenerd/internal/core/virtual_store.go:1219.28,1220.48 1 0
codenerd/internal/core/virtual_store.go:1221.32,1222.46 1 0
codenerd/internal/core/virtual_store.go:1223.28,1224.42 1 0
codenerd/internal/core/virtual_store.go:1227.29,1228.43 1 0
codenerd/internal/core/virtual_store.go:1229.31,1230.45 1 0
codenerd/internal/core/virtual_store.go:1231.30,1232.44 1 0
codenerd/internal/core/virtual_store.go:1235.32,1236.46 1 0
codenerd/internal/core/virtual_store.go:1237.33,1238.47 1 0
codenerd/internal/core/virtual_store.go:1239.30,1240.44 1 0
codenerd/internal/core/virtual_store.go:1243.32,1244.46 1 0
codenerd/internal/core/virtual_store.go:1245.28,1246.42 1 0
codenerd/internal/core/virtual_store.go:1247.33,1248.47 1 0
codenerd/internal/core/virtual_store.go:1251.27,1252.39 1 0
codenerd/internal/core/virtual_store.go:1255.28,1256.42 1 0
codenerd/internal/core/virtual_store.go:1257.27,1258.41 1 0
codenerd/internal/core/virtual_store.go:1259.29,1260.43 1 0
codenerd/internal/core/virtual_store.go:1261.30,1262.44 1 0
codenerd/internal/core/virtual_store.go:1263.28,1264.42 1 0
codenerd/internal/core/virtual_store.go:1265.27,1266.41 1 0
codenerd/internal/core/virtual_store.go:1267.28,1268.42 1 0
codenerd/internal/core/virtual_store.go:1271.27,1272.41 1 0
codenerd/internal/core/virtual_store.go:1273.32,1274.46 1 0
codenerd/internal/core/virtual_store.go:1275.30,1276.44 1 0
codenerd/internal/core/virtual_store.go:1277.30,1278.44 1 0
codenerd/internal/core/virtual_store.go:1279.29,1280.43 1 0
codenerd/internal/core/virtual_store.go:1281.30,1282.44 1 0
codenerd/internal/core/virtual_store.go:1283.30,1284.44 1 0
codenerd/internal/core/virtual_store.go:1290.50,1291.39 1 0
codenerd/internal/core/virtual_store.go:1293.10,1294.73 1 1
codenerd/internal/core/virtual_store.go:1302.56,1303.26 1 1
codenerd/internal/core/virtual_store.go:1303.26,1305.3 1 0
codenerd/internal/core/virtual_store.go:1306.2,1306.42 1 1
codenerd/internal/core/virtual_store.go:1309.60,1310.18 1 1
codenerd/internal/core/virtual_store.go:1310.18,1312.3 1 0
codenerd/internal/core/virtual_store.go:1313.2,1313.38 1 1
codenerd/internal/core/virtual_store.go:1313.38,1314.35 1 1
codenerd/internal/core/virtual_store.go:1314.35,1316.4 1 1
codenerd/internal/core/virtual_store.go:1318.2,1318.14 1 1
codenerd/internal/core/virtual_store.go:1321.49,1323.39 2 1
codenerd/internal/core/virtual_store.go:1323.39,1324.39 1 1
codenerd/internal/core/virtual_store.go:1324.39,1326.4 1 1
codenerd/internal/core/virtual_store.go:1328.2,1328.12 1 1
codenerd/internal/core/virtual_store.go:1335.63,1336.19 1 1
codenerd/internal/core/virtual_store.go:1336.19,1338.3 1 1
codenerd/internal/core/virtual_store.go:1340.2,1341.39 2 1
codenerd/internal/core/virtual_store.go:1341.39,1343.3 1 1
codenerd/internal/core/virtual_store.go:1345.2,1346.24 2 1
codenerd/internal/core/virtual_store.go:1346.24,1348.22 2 1
codenerd/internal/core/virtual_store.go:1348.22,1349.12 1 0
codenerd/internal/core/virtual_store.go:1351.3,1352.19 2 1
codenerd/internal/core/virtual_store.go:1352.19,1354.4 1 1
codenerd/internal/core/virtual_store.go:1354.9,1356.4 1 1
codenerd/internal/core/virtual_store.go:1358.2,1358.17 1 1
codenerd/internal/core/virtual_store.go:1361.46,1366.19 4 1
codenerd/internal/core/virtual_store.go:1366.19,1367.45 1 1
codenerd/internal/core/virtual_store.go:1367.45,1369.4 1 0
codenerd/internal/core/virtual_store.go:1373.50,1374.21 1 1
codenerd/internal/core/virtual_store.go:1374.21,1376.3 1 0
codenerd/internal/core/virtual_store.go:1378.2,1382.19 4 1
codenerd/internal/core/virtual_store.go:1382.19,1384.3 1 1
codenerd/internal/core/virtual_store.go:1387.2,1387.48 1 1
codenerd/internal/core/virtual_store.go:1387.48,1388.55 1 1
codenerd/internal/core/virtual_store.go:1388.55,1390.4 1 0
codenerd/internal/core/virtual_store.go:1391.3,1391.9 1 1
codenerd/internal/core/virtual_store.go:1394.2,1394.29 1 1
codenerd/internal/core/virtual_store.go:1394.29,1395.45 1 1
codenerd/internal/core/virtual_store.go:1395.45,1397.4 1 0
codenerd/internal/core/virtual_store.go:1401.60,1403.74 2 1
codenerd/internal/core/virtual_store.go:1403.74,1406.3 2 1
codenerd/internal/core/virtual_store.go:1407.2,1412.30 5 1
codenerd/internal/core/virtual_store.go:1412.30,1414.3 1 1
codenerd/internal/core/virtual_store.go:1416.2,1416.65 1 1
codenerd/internal/core/virtual_store.go:1416.65,1418.36 2 1
codenerd/internal/core/virtual_store.go:1418.36,1420.4 1 1
codenerd/internal/core/virtual_store.go:1421.3,1422.27 2 1
codenerd/internal/core/virtual_store.go:1422.27,1424.11 2 1
codenerd/internal/core/virtual_store.go:1424.11,1425.13 1 1
codenerd/internal/core/virtual_store.go:1427.4,1427.23 1 0
codenerd/internal/core/virtual_store.go:1427.23,1429.5 1 0
codenerd/internal/core/virtual_store.go:1431.3,1431.25 1 1
codenerd/internal/core/virtual_store.go:1431.25,1433.4 1 1
codenerd/internal/core/virtual_store.go:1434.3,1434.69 1 0
codenerd/internal/core/virtual_store.go:1434.69,1436.4 1 0
codenerd/internal/core/virtual_store.go:1440.2,1445.55 4 1
codenerd/internal/core/virtual_store.go:1445.55,1447.43 2 1
codenerd/internal/core/virtual_store.go:1447.43,1449.4 1 1
codenerd/internal/core/virtual_store.go:1451.3,1452.67 2 0
codenerd/internal/core/virtual_store.go:1452.67,1454.4 1 0
codenerd/internal/core/virtual_store.go:1456.2,1458.37 3 1
codenerd/internal/core/virtual_store.go:1461.66,1462.33 1 1
codenerd/internal/core/virtual_store.go:1462.33,1464.3 1 0
codenerd/internal/core/virtual_store.go:1465.2,1465.31 1 1
codenerd/internal/core/virtual_store.go:1466.13,1467.17 1 0
codenerd/internal/core/virtual_store.go:1468.11,1469.24 1 0
codenerd/internal/core/virtual_store.go:1470.15,1471.24 1 0
codenerd/internal/core/virtual_store.go:1472.14,1474.17 2 1
codenerd/internal/core/virtual_store.go:1474.17,1476.4 1 1
codenerd/internal/core/virtual_store.go:1477.3,1477.22 1 0
codenerd/internal/core/virtual_store.go:1478.10,1479.18 1 0
codenerd/internal/core/virtual_store.go:1483.44,1488.19 4 1
codenerd/internal/core/virtual_store.go:1488.19,1490.3 1 0
codenerd/internal/core/virtual_store.go:1492.2,1520.48 2 1
codenerd/internal/core/virtual_store.go:1520.48,1521.69 1 1
codenerd/internal/core/virtual_store.go:1521.69,1523.4 1 0
codenerd/internal/core/virtual_store.go:1524.3,1524.9 1 1
codenerd/internal/core/virtual_store.go:1527.2,1527.23 1 0
codenerd/internal/core/virtual_store.go:1527.23,1528.43 1 0
codenerd/internal/core/virtual_store.go:1528.43,1530.4 1 0
codenerd/internal/core/virtual_store.go:1534.68,1538.29 3 0
codenerd/internal/core/virtual_store.go:1538.29,1540.108 1 0
codenerd/internal/core/virtual_store.go:1540.108,1542.23 2 0
codenerd/internal/core/virtual_store.go:1542.23,1547.5 1 0
codenerd/internal/core/virtual_store.go:1551.2,1551.14 1 0
codenerd/internal/core/virtual_store.go:1554.34,1555.16 1 1
codenerd/internal/core/virtual_store.go:1555.16,1557.3 1 1
codenerd/internal/core/virtual_store.go:1558.2,1558.20 1 0
codenerd/internal/core/virtual_store.go:1562.63,1564.2 1 0
codenerd/internal/core/virtual_store.go:1569.109,1576.14 5 1
codenerd/internal/core/virtual_store.go:1576.14,1579.3 2 0
codenerd/internal/core/virtual_store.go:1581.2,1583.40 3 1
codenerd/internal/core/virtual_store.go:1583.40,1585.3 1 1
codenerd/internal/core/virtual_store.go:1585.8,1587.3 1 1
codenerd/internal/core/virtual_store.go:1589.2,1589.18 1 1
codenerd/internal/core/virtual_store.go:1589.18,1595.3 4 0
codenerd/internal/core/virtual_store.go:1597.2,1597.18 1 1
codenerd/internal/core/virtual_store.go:1597.18,1598.40 1 1
codenerd/internal/core/virtual_store.go:1598.40,1601.4 2 1
codenerd/internal/core/virtual_store.go:1605.2,1606.16 2 1
codenerd/internal/core/virtual_store.go:1606.16,1609.3 2 0
codenerd/internal/core/virtual_store.go:1611.2,1611.28 1 1
codenerd/internal/core/virtual_store.go:1611.28,1612.22 1 1
codenerd/internal/core/virtual_store.go:1612.22,1613.12 1 0
codenerd/internal/core/virtual_store.go:1617.3,1618.48 2 1
codenerd/internal/core/virtual_store.go:1618.48,1619.12 1 0
codenerd/internal/core/virtual_store.go:1623.3,1623.23 1 1
codenerd/internal/core/virtual_store.go:1623.23,1625.49 2 1
codenerd/internal/core/virtual_store.go:1625.49,1626.13 1 0
codenerd/internal/core/virtual_store.go:1636.3,1637.14 2 1
codenerd/internal/core/virtual_store.go:1640.2,1641.14 2 1
codenerd/internal/core/virtual_store.go:1650.64,1655.19 4 1
codenerd/internal/core/virtual_store.go:1655.19,1657.3 1 0
codenerd/internal/core/virtual_store.go:1659.2,1660.16 2 1
codenerd/internal/core/virtual_store.go:1660.16,1662.3 1 0
codenerd/internal/core/virtual_store.go:1663.2,1663.47 1 1
codenerd/internal/core/virtual_store.go:1668.71,1673.19 4 1
codenerd/internal/core/virtual_store.go:1673.19,1676.3 2 0
codenerd/internal/core/virtual_store.go:1678.2,1678.70 1 1
codenerd/internal/core/virtual_store.go:1683.61,1685.2 1 1
codenerd/internal/core/virtual_store_actions.go:22.100,24.33 1 0
codenerd/internal/core/virtual_store_actions.go:24.33,26.3 1 0
codenerd/internal/core/virtual_store_actions.go:29.2,33.32 3 0
codenerd/internal/core/virtual_store_actions.go:33.32,35.3 1 0
codenerd/internal/core/virtual_store_actions.go:41.2,59.15 7 0
codenerd/internal/core/virtual_store_actions.go:59.15,61.3 1 0
codenerd/internal/core/virtual_store_actions.go:62.2,65.16 3 0
codenerd/internal/core/virtual_store_actions.go:65.16,68.3 1 0
codenerd/internal/core/virtual_store_actions.go:70.2,70.26 1 0
codenerd/internal/core/virtual_store_actions.go:70.26,73.25 2 0
codenerd/internal/core/virtual_store_actions.go:73.25,75.4 1 0
codenerd/internal/core/virtual_store_actions.go:76.3,76.64 1 0
codenerd/internal/core/virtual_store_actions.go:79.2,79.42 1 0
codenerd/internal/core/virtual_store_actions.go:83.100,91.49 5 1
codenerd/internal/core/virtual_store_actions.go:91.49,93.3 1 1
codenerd/internal/core/virtual_store_actions.go:94.2,94.54 1 1
codenerd/internal/core/virtual_store_actions.go:94.54,96.25 2 0
codenerd/internal/core/virtual_store_actions.go:96.25,98.4 1 0
codenerd/internal/core/virtual_store_actions.go:101.2,102.47 2 1
codenerd/internal/core/virtual_store_actions.go:102.47,104.3 1 0
codenerd/internal/core/virtual_store_actions.go:106.2,110.40 3 1
codenerd/internal/core/virtual_store_actions.go:110.40,116.3 2 0
codenerd/internal/core/virtual_store_actions.go:119.2,119.32 1 1
codenerd/internal/core/virtual_store_actions.go:119.32,125.3 2 1
codenerd/internal/core/virtual_store_actions.go:128.2,132.15 4 1
codenerd/internal/core/virtual_store_actions.go:132.15,135.3 2 1
codenerd/internal/core/virtual_store_actions.go:137.2,151.16 4 1
codenerd/internal/core/virtual_store_actions.go:151.16,160.3 2 0
codenerd/internal/core/virtual_store_actions.go:162.2,169.8 2 1
codenerd/internal/core/virtual_store_actions.go:173.159,187.16 3 1
codenerd/internal/core/virtual_store_actions.go:187.16,193.3 2 0
codenerd/internal/core/virtual_store_actions.go:195.2,206.27 2 1
codenerd/internal/core/virtual_store_actions.go:206.27,208.29 2 0
codenerd/internal/core/virtual_store_actions.go:208.29,210.4 1 0
codenerd/internal/core/virtual_store_actions.go:211.3,211.122 1 0
codenerd/internal/core/virtual_store_actions.go:212.8,215.3 1 1
codenerd/internal/core/virtual_store_actions.go:217.2,217.26 1 1
codenerd/internal/core/virtual_store_actions.go:221.101,225.34 3 1
codenerd/internal/core/virtual_store_actions.go:225.34,227.3 1 0
codenerd/internal/core/virtual_store_actions.go:228.2,234.16 5 1
codenerd/internal/core/virtual_store_actions.go:234.16,242.3 1 1
codenerd/internal/core/virtual_store_actions.go:244.2,244.18 1 1
codenerd/internal/core/virtual_store_actions.go:244.18,246.3 1 0
codenerd/internal/core/virtual_store_actions.go:248.2,251.31 3 1
codenerd/internal/core/virtual_store_actions.go:251.31,253.17 2 0
codenerd/internal/core/virtual_store_actions.go:253.17,261.4 1 0
codenerd/internal/core/virtual_store_actions.go:262.3,266.41 4 0
codenerd/internal/core/virtual_store_actions.go:266.41,274.4 1 0
codenerd/internal/core/virtual_store_actions.go:275.3,276.19 2 0
codenerd/internal/core/virtual_store_actions.go:277.8,279.17 2 1
codenerd/internal/core/virtual_store_actions.go:279.17,287.4 1 0
codenerd/internal/core/virtual_store_actions.go:290.2,299.15 5 1
codenerd/internal/core/virtual_store_actions.go:299.15,304.3 1 0
codenerd/internal/core/virtual_store_actions.go:306.2,317.8 2 1
codenerd/internal/core/virtual_store_actions.go:321.103,324.34 2 0
codenerd/internal/core/virtual_store_actions.go:324.34,326.3 1 0
codenerd/internal/core/virtual_store_actions.go:328.2,329.16 2 0
codenerd/internal/core/virtual_store_actions.go:329.16,337.3 1 0
codenerd/internal/core/virtual_store_actions.go:339.2,343.32 4 0
codenerd/internal/core/virtual_store_actions.go:343.32,344.20 1 0
codenerd/internal/core/virtual_store_actions.go:344.20,346.4 1 0
codenerd/internal/core/virtual_store_actions.go:346.9,348.4 1 0
codenerd/internal/core/virtual_store_actions.go:351.2,351.19 1 0
codenerd/internal/core/virtual_store_actions.go:351.19,353.26 2 0
codenerd/internal/core/virtual_store_actions.go:353.26,355.4 1 0
codenerd/internal/core/virtual_store_actions.go:356.3,356.23 1 0
codenerd/internal/core/virtual_store_actions.go:359.2,359.20 1 0
codenerd/internal/core/virtual_store_actions.go:359.20,361.27 2 0
codenerd/internal/core/virtual_store_actions.go:361.27,363.18 2 0
codenerd/internal/core/virtual_store_actions.go:363.18,365.5 1 0
codenerd/internal/core/virtual_store_actions.go:365.10,367.5 1 0
codenerd/internal/core/virtual_store_actions.go:371.2,386.8 2 0
codenerd/internal/core/virtual_store_actions.go:390.102,394.34 3 1
codenerd/internal/core/virtual_store_actions.go:394.34,396.3 1 0
codenerd/internal/core/virtual_store_actions.go:397.2,400.9 3 1
codenerd/internal/core/virtual_store_actions.go:400.9,403.3 2 0
codenerd/internal/core/virtual_store_actions.go:406.2,408.33 3 1
codenerd/internal/core/virtual_store_actions.go:408.33,410.3 1 0
codenerd/internal/core/virtual_store_actions.go:412.2,415.47 3 1
codenerd/internal/core/virtual_store_actions.go:415.47,421.3 2 1
codenerd/internal/core/virtual_store_actions.go:423.2,424.16 2 1
codenerd/internal/core/virtual_store_actions.go:424.16,433.3 2 0
codenerd/internal/core/virtual_store_actions.go:436.2,448.8 5 1
codenerd/internal/core/virtual_store_actions.go:452.101,456.34 3 1
codenerd/internal/core/virtual_store_actions.go:456.34,458.3 1 0
codenerd/internal/core/virtual_store_actions.go:459.2,462.9 3 1
codenerd/internal/core/virtual_store_actions.go:462.9,465.3 2 0
codenerd/internal/core/virtual_store_actions.go:466.2,467.9 2 1
codenerd/internal/core/virtual_store_actions.go:467.9,470.3 2 0
codenerd/internal/core/virtual_store_actions.go:472.2,475.16 3 1
codenerd/internal/core/virtual_store_actions.go:475.16,481.3 2 0
codenerd/internal/core/virtual_store_actions.go:483.2,484.44 2 1
codenerd/internal/core/virtual_store_actions.go:484.44,493.3 2 0
codenerd/internal/core/virtual_store_actions.go:495.2,498.16 3 1
codenerd/internal/core/virtual_store_actions.go:498.16,504.3 2 0
codenerd/internal/core/virtual_store_actions.go:506.2,514.8 2 1
codenerd/internal/core/virtual_store_actions.go:518.103,519.34 1 0
codenerd/internal/core/virtual_store_actions.go:519.34,521.3 1 0
codenerd/internal/core/virtual_store_actions.go:522.2,527.16 4 0
codenerd/internal/core/virtual_store_actions.go:527.16,536.3 2 0
codenerd/internal/core/virtual_store_actions.go:538.2,539.16 2 0
codenerd/internal/core/virtual_store_actions.go:539.16,545.3 2 0
codenerd/internal/core/virtual_store_actions.go:547.2,554.8 2 0
codenerd/internal/core/virtual_store_actions.go:559.103,569.90 7 0
codenerd/internal/core/virtual_store_actions.go:569.90,570.33 1 0
codenerd/internal/core/virtual_store_actions.go:570.33,572.4 1 0
codenerd/internal/core/virtual_store_actions.go:575.3,575.72 1 0
codenerd/internal/core/virtual_store_actions.go:575.72,577.4 1 0
codenerd/internal/core/virtual_store_actions.go:579.3,580.17 2 0
codenerd/internal/core/virtual_store_actions.go:580.17,582.4 1 0
codenerd/internal/core/virtual_store_actions.go:584.3,588.30 4 0
codenerd/internal/core/virtual_store_actions.go:588.30,589.39 1 0
codenerd/internal/core/virtual_store_actions.go:589.39,601.21 5 0
codenerd/internal/core/virtual_store_actions.go:601.21,603.6 1 0
codenerd/internal/core/virtual_store_actions.go:606.3,606.13 1 0
codenerd/internal/core/virtual_store_actions.go:609.2,609.16 1 0
codenerd/internal/core/virtual_store_actions.go:609.16,611.3 1 0
codenerd/internal/core/virtual_store_actions.go:613.2,618.8 2 0
codenerd/internal/core/virtual_store_actions.go:621.80,622.84 1 1
codenerd/internal/core/virtual_store_actions.go:622.84,624.3 1 1
codenerd/internal/core/virtual_store_actions.go:625.2,625.41 1 1
codenerd/internal/core/virtual_store_actions.go:625.41,627.3 1 1
codenerd/internal/core/virtual_store_actions.go:628.2,628.23 1 0
codenerd/internal/core/virtual_store_actions.go:631.81,632.21 1 1
codenerd/internal/core/virtual_store_actions.go:632.21,634.3 1 1
codenerd/internal/core/virtual_store_actions.go:635.2,635.70 1 1
codenerd/internal/core/virtual_store_actions.go:635.70,637.3 1 1
codenerd/internal/core/virtual_store_actions.go:638.2,638.62 1 1
codenerd/internal/core/virtual_store_actions.go:638.62,640.3 1 1
codenerd/internal/core/virtual_store_actions.go:641.2,641.25 1 1
codenerd/internal/core/virtual_store_actions.go:641.25,643.3 1 0
codenerd/internal/core/virtual_store_actions.go:644.2,644.23 1 1
codenerd/internal/core/virtual_store_actions.go:647.36,648.23 1 1
codenerd/internal/core/virtual_store_actions.go:649.11,650.17 1 1
codenerd/internal/core/virtual_store_actions.go:651.13,652.22 1 0
codenerd/internal/core/virtual_store_actions.go:653.15,654.22 1 1
codenerd/internal/core/virtual_store_actions.go:655.19,657.17 2 1
codenerd/internal/core/virtual_store_actions.go:657.17,659.4 1 0
codenerd/internal/core/virtual_store_actions.go:660.3,660.22 1 1
codenerd/internal/core/virtual_store_actions.go:661.14,663.17 2 1
codenerd/internal/core/virtual_store_actions.go:663.17,665.4 1 1
codenerd/internal/core/virtual_store_actions.go:666.3,666.17 1 1
codenerd/internal/core/virtual_store_actions.go:667.10,668.18 1 1
codenerd/internal/core/virtual_store_actions.go:673.101,697.14 11 1
codenerd/internal/core/virtual_store_actions.go:697.14,700.3 2 1
codenerd/internal/core/virtual_store_actions.go:700.8,702.3 1 1
codenerd/internal/core/virtual_store_actions.go:704.2,712.8 1 1
codenerd/internal/core/virtual_store_actions.go:716.105,743.14 11 0
codenerd/internal/core/virtual_store_actions.go:743.14,747.33 4 0
codenerd/internal/core/virtual_store_actions.go:747.33,749.4 1 0
codenerd/internal/core/virtual_store_actions.go:750.8,752.3 1 0
codenerd/internal/core/virtual_store_actions.go:754.2,759.8 1 0
codenerd/internal/core/virtual_store_actions.go:763.105,770.62 5 0
codenerd/internal/core/virtual_store_actions.go:770.62,771.31 1 0
codenerd/internal/core/virtual_store_actions.go:771.31,773.4 1 0
codenerd/internal/core/virtual_store_actions.go:776.2,790.19 5 0
codenerd/internal/core/virtual_store_actions.go:790.19,792.3 1 0
codenerd/internal/core/virtual_store_actions.go:794.2,794.16 1 0
codenerd/internal/core/virtual_store_actions.go:794.16,796.3 1 0
codenerd/internal/core/virtual_store_actions.go:796.8,798.3 1 0
codenerd/internal/core/virtual_store_actions.go:800.2,807.8 1 0
codenerd/internal/core/virtual_store_actions.go:810.101,814.34 3 0
codenerd/internal/core/virtual_store_actions.go:814.34,816.3 1 0
codenerd/internal/core/virtual_store_actions.go:817.2,817.52 1 0
codenerd/internal/core/virtual_store_actions.go:817.52,819.3 1 0
codenerd/internal/core/virtual_store_actions.go:821.2,825.4 1 0
codenerd/internal/core/virtual_store_actions.go:829.106,832.22 2 0
codenerd/internal/core/virtual_store_actions.go:832.22,842.3 2 0
codenerd/internal/core/virtual_store_actions.go:844.2,847.16 2 0
codenerd/internal/core/virtual_store_actions.go:847.16,852.3 1 0
codenerd/internal/core/virtual_store_actions.go:854.2,856.53 2 0
codenerd/internal/core/virtual_store_actions.go:856.53,857.66 1 0
codenerd/internal/core/virtual_store_actions.go:857.66,862.31 2 0
codenerd/internal/core/virtual_store_actions.go:862.31,867.5 1 0
codenerd/internal/core/virtual_store_actions.go:871.2,876.8 2 0
codenerd/internal/core/virtual_store_actions.go:882.99,886.34 3 0
codenerd/internal/core/virtual_store_actions.go:886.34,888.3 1 0
codenerd/internal/core/virtual_store_actions.go:890.2,893.34 3 0
codenerd/internal/core/virtual_store_actions.go:893.34,895.3 1 0
codenerd/internal/core/virtual_store_actions.go:900.2,907.8 1 0
codenerd/internal/core/virtual_store_actions.go:913.101,925.21 8 1
codenerd/internal/core/virtual_store_actions.go:925.21,930.3 1 1
codenerd/internal/core/virtual_store_actions.go:933.2,934.17 2 0
codenerd/internal/core/virtual_store_actions.go:934.17,939.3 1 0
codenerd/internal/core/virtual_store_actions.go:941.2,942.16 2 0
codenerd/internal/core/virtual_store_actions.go:942.16,951.3 2 0
codenerd/internal/core/virtual_store_actions.go:953.2,959.8 1 0
codenerd/internal/core/virtual_store_actions.go:963.104,974.21 8 0
codenerd/internal/core/virtual_store_actions.go:974.21,979.3 1 0
codenerd/internal/core/virtual_store_actions.go:982.2,985.18 2 0
codenerd/internal/core/virtual_store_actions.go:986.27,987.29 1 0
codenerd/internal/core/virtual_store_actions.go:988.22,989.27 1 0
codenerd/internal/core/virtual_store_actions.go:990.29,992.56 2 0
codenerd/internal/core/virtual_store_actions.go:992.56,994.4 1 0
codenerd/internal/core/virtual_store_actions.go:995.73,997.54 2 0
codenerd/internal/core/virtual_store_actions.go:997.54,999.4 1 0
codenerd/internal/core/virtual_store_actions.go:1000.26,1002.57 2 0
codenerd/internal/core/virtual_store_actions.go:1003.25,1006.49 3 0
codenerd/internal/core/virtual_store_actions.go:1007.30,1008.27 1 0
codenerd/internal/core/virtual_store_actions.go:1009.30,1012.53 3 0
codenerd/internal/core/virtual_store_actions.go:1016.2,1016.32 1 0
codenerd/internal/core/virtual_store_actions.go:1016.32,1017.36 1 0
codenerd/internal/core/virtual_store_actions.go:1017.36,1019.4 1 0
codenerd/internal/core/virtual_store_actions.go:1022.2,1023.16 2 0
codenerd/internal/core/virtual_store_actions.go:1023.16,1032.3 2 0
codenerd/internal/core/virtual_store_actions.go:1034.2,1040.8 1 0
codenerd/internal/core/virtual_store_actions.go:1044.101,1053.35 7 1
codenerd/internal/core/virtual_store_actions.go:1053.35,1056.3 2 0
codenerd/internal/core/virtual_store_actions.go:1058.2,1065.22 6 1
codenerd/internal/core/virtual_store_actions.go:1065.22,1068.3 1 1
codenerd/internal/core/virtual_store_actions.go:1068.8,1071.3 1 0
codenerd/internal/core/virtual_store_actions.go:1073.2,1073.16 1 1
codenerd/internal/core/virtual_store_actions.go:1073.16,1082.3 2 0
codenerd/internal/core/virtual_store_actions.go:1084.2,1091.8 2 1
codenerd/internal/core/virtual_store_actions.go:1094.124,1096.47 2 1
codenerd/internal/core/virtual_store_actions.go:1096.47,1098.3 1 1
codenerd/internal/core/virtual_store_actions.go:1099.2,1099.16 1 1
codenerd/internal/core/virtual_store_actions.go:1099.16,1101.3 1 0
codenerd/internal/core/virtual_store_actions.go:1102.2,1102.16 1 1
codenerd/internal/core/virtual_store_actions.go:1102.16,1104.3 1 0
codenerd/internal/core/virtual_store_actions.go:1106.2,1107.34 2 1
codenerd/internal/core/virtual_store_actions.go:1107.34,1109.3 1 1
codenerd/internal/core/virtual_store_actions.go:1110.2,1116.4 2 1
codenerd/internal/core/virtual_store_actions.go:1120.100,1121.34 1 0
codenerd/internal/core/virtual_store_actions.go:1121.34,1123.3 1 0
codenerd/internal/core/virtual_store_actions.go:1124.2,1138.8 3 0
codenerd/internal/core/virtual_store_actions.go:1142.101,1143.34 1 0
codenerd/internal/core/virtual_store_actions.go:1143.34,1145.3 1 0
codenerd/internal/core/virtual_store_actions.go:1146.2,1156.8 2 0
codenerd/internal/core/virtual_store_actions.go:1163.53,1168.15 4 0
codenerd/internal/core/virtual_store_actions.go:1168.15,1170.3 1 0
codenerd/internal/core/virtual_store_actions.go:1173.2,1174.16 2 0
codenerd/internal/core/virtual_store_actions.go:1174.16,1176.3 1 0
codenerd/internal/core/virtual_store_actions.go:1178.2,1192.29 4 0
codenerd/internal/core/virtual_store_actions.go:1192.29,1195.35 2 0
codenerd/internal/core/virtual_store_actions.go:1195.35,1196.12 1 0
codenerd/internal/core/virtual_store_actions.go:1198.3,1198.40 1 0
codenerd/internal/core/virtual_store_actions.go:1198.40,1200.4 1 0
codenerd/internal/core/virtual_store_actions.go:1205.2,1206.16 2 0
codenerd/internal/core/virtual_store_actions.go:1206.16,1207.33 1 0
codenerd/internal/core/virtual_store_actions.go:1207.33,1209.30 1 0
codenerd/internal/core/virtual_store_actions.go:1209.30,1210.13 1 0
codenerd/internal/core/virtual_store_actions.go:1213.4,1213.56 1 0
codenerd/internal/core/virtual_store_actions.go:1213.56,1215.5 1 0
codenerd/internal/core/virtual_store_actions.go:1215.10,1215.58 1 0
codenerd/internal/core/virtual_store_actions.go:1215.58,1217.5 1 0
codenerd/internal/core/virtual_store_actions.go:1217.10,1217.61 1 0
codenerd/internal/core/virtual_store_actions.go:1217.61,1219.5 1 0
codenerd/internal/core/virtual_store_actions.go:1219.10,1219.61 1 0
codenerd/internal/core/virtual_store_actions.go:1219.61,1221.5 1 0
codenerd/internal/core/virtual_store_actions.go:1221.10,1221.61 1 0
codenerd/internal/core/virtual_store_actions.go:1221.61,1223.5 1 0
codenerd/internal/core/virtual_store_actions.go:1228.2,1228.35 1 0
codenerd/internal/core/virtual_store_actions.go:1228.35,1232.3 3 0
codenerd/internal/core/virtual_store_actions.go:1234.2,1234.39 1 0
codenerd/internal/core/virtual_store_actions.go:1234.39,1238.3 3 0
codenerd/internal/core/virtual_store_actions.go:1240.2,1240.41 1 0
codenerd/internal/core/virtual_store_actions.go:1240.41,1244.3 3 0
codenerd/internal/core/virtual_store_actions.go:1246.2,1246.38 1 0
codenerd/internal/core/virtual_store_actions.go:1246.38,1248.45 2 0
codenerd/internal/core/virtual_store_actions.go:1248.45,1252.4 3 0
codenerd/internal/core/virtual_store_actions.go:1253.3,1253.23 1 0
codenerd/internal/core/virtual_store_actions.go:1256.2,1256.36 1 0
codenerd/internal/core/virtual_store_actions.go:1256.36,1258.43 2 0
codenerd/internal/core/virtual_store_actions.go:1258.43,1262.4 3 0
codenerd/internal/core/virtual_store_actions.go:1263.3,1263.23 1 0
codenerd/internal/core/virtual_store_actions.go:1266.2,1266.39 1 0
codenerd/internal/core/virtual_store_actions.go:1266.39,1268.46 2 0
codenerd/internal/core/virtual_store_actions.go:1268.46,1272.4 3 0
codenerd/internal/core/virtual_store_actions.go:1273.3,1273.23 1 0
codenerd/internal/core/virtual_store_actions.go:1276.2,1276.39 1 0
codenerd/internal/core/virtual_store_actions.go:1276.39,1278.46 2 0
codenerd/internal/core/virtual_store_actions.go:1278.46,1282.4 3 0
codenerd/internal/core/virtual_store_actions.go:1285.2,1286.52 2 0
codenerd/internal/core/virtual_store_actions.go:1286.52,1288.3 1 0
codenerd/internal/core/virtual_store_actions.go:1290.2,1291.15 2 0
codenerd/internal/core/virtual_store_actions.go:1296.59,1308.35 4 1
codenerd/internal/core/virtual_store_actions.go:1308.35,1309.56 1 1
codenerd/internal/core/virtual_store_actions.go:1309.56,1312.17 3 0
codenerd/internal/core/virtual_store_actions.go:1312.17,1314.27 2 0
codenerd/internal/core/virtual_store_actions.go:1314.27,1316.6 1 0
codenerd/internal/core/virtual_store_actions.go:1322.2,1322.169 1 1
codenerd/internal/core/virtual_store_actions.go:1322.169,1326.46 4 0
codenerd/internal/core/virtual_store_actions.go:1326.46,1328.14 2 0
codenerd/internal/core/virtual_store_actions.go:1328.14,1330.13 2 0
codenerd/internal/core/virtual_store_actions.go:1332.4,1332.29 1 0
codenerd/internal/core/virtual_store_actions.go:1332.29,1334.13 2 0
codenerd/internal/core/virtual_store_actions.go:1336.4,1336.16 1 0
codenerd/internal/core/virtual_store_actions.go:1336.16,1338.13 2 0
codenerd/internal/core/virtual_store_actions.go:1340.4,1340.16 1 0
codenerd/internal/core/virtual_store_actions.go:1340.16,1341.13 1 0
codenerd/internal/core/virtual_store_actions.go:1343.4,1343.16 1 0
codenerd/internal/core/virtual_store_actions.go:1343.16,1345.5 1 0
codenerd/internal/core/virtual_store_actions.go:1345.10,1345.23 1 0
codenerd/internal/core/virtual_store_actions.go:1345.23,1347.19 2 0
codenerd/internal/core/virtual_store_actions.go:1347.19,1349.6 1 0
codenerd/internal/core/virtual_store_actions.go:1355.2,1355.18 1 1
codenerd/internal/core/virtual_store_actions.go:1355.18,1356.65 1 0
codenerd/internal/core/virtual_store_actions.go:1356.65,1358.4 1 0
codenerd/internal/core/virtual_store_actions.go:1362.2,1362.35 1 1
codenerd/internal/core/virtual_store_actions.go:1366.35,1367.13 1 1
codenerd/internal/core/virtual_store_actions.go:1368.12,1369.14 1 0
codenerd/internal/core/virtual_store_actions.go:1370.19,1371.22 1 0
codenerd/internal/core/virtual_store_actions.go:1372.19,1373.22 1 0
codenerd/internal/core/virtual_store_actions.go:1374.12,1375.18 1 0
codenerd/internal/core/virtual_store_actions.go:1376.12,1377.18 1 0
codenerd/internal/core/virtual_store_actions.go:1378.13,1379.15 1 0
codenerd/internal/core/virtual_store_actions.go:1380.21,1381.16 1 0
codenerd/internal/core/virtual_store_actions.go:1382.14,1383.16 1 0
codenerd/internal/core/virtual_store_actions.go:1384.12,1385.20 1 1
codenerd/internal/core/virtual_store_actions.go:1386.10,1387.13 1 1
codenerd/internal/core/virtual_store_codedom.go:22.101,23.34 1 1
codenerd/internal/core/virtual_store_codedom.go:23.34,25.3 1 1
codenerd/internal/core/virtual_store_codedom.go:27.2,31.18 4 1
codenerd/internal/core/virtual_store_codedom.go:31.18,33.3 1 1
codenerd/internal/core/virtual_store_codedom.go:35.2,36.41 2 1
codenerd/internal/core/virtual_store_codedom.go:36.41,44.3 1 1
codenerd/internal/core/virtual_store_codedom.go:47.2,61.8 4 1
codenerd/internal/core/virtual_store_codedom.go:65.104,66.34 1 1
codenerd/internal/core/virtual_store_codedom.go:66.34,68.3 1 1
codenerd/internal/core/virtual_store_codedom.go:70.2,74.18 4 1
codenerd/internal/core/virtual_store_codedom.go:74.18,76.3 1 1
codenerd/internal/core/virtual_store_codedom.go:79.2,80.22 2 1
codenerd/internal/core/virtual_store_codedom.go:80.22,83.3 2 1
codenerd/internal/core/virtual_store_codedom.go:83.8,85.48 1 1
codenerd/internal/core/virtual_store_codedom.go:85.48,87.4 1 1
codenerd/internal/core/virtual_store_codedom.go:91.2,91.72 1 1
codenerd/internal/core/virtual_store_codedom.go:91.72,93.30 2 1
codenerd/internal/core/virtual_store_codedom.go:93.30,94.26 1 1
codenerd/internal/core/virtual_store_codedom.go:94.26,96.5 1 1
codenerd/internal/core/virtual_store_codedom.go:98.3,98.22 1 1
codenerd/internal/core/virtual_store_codedom.go:101.2,108.8 2 1
codenerd/internal/core/virtual_store_codedom.go:112.103,113.34 1 1
codenerd/internal/core/virtual_store_codedom.go:113.34,115.3 1 1
codenerd/internal/core/virtual_store_codedom.go:117.2,121.18 4 1
codenerd/internal/core/virtual_store_codedom.go:121.18,123.3 1 1
codenerd/internal/core/virtual_store_codedom.go:125.2,127.17 3 1
codenerd/internal/core/virtual_store_codedom.go:127.17,132.3 1 1
codenerd/internal/core/virtual_store_codedom.go:135.2,136.36 2 1
codenerd/internal/core/virtual_store_codedom.go:136.36,138.3 1 1
codenerd/internal/core/virtual_store_codedom.go:140.2,151.8 2 1
codenerd/internal/core/virtual_store_codedom.go:155.104,156.34 1 1
codenerd/internal/core/virtual_store_codedom.go:156.34,158.3 1 1
codenerd/internal/core/virtual_store_codedom.go:160.2,165.18 5 1
codenerd/internal/core/virtual_store_codedom.go:165.18,167.3 1 1
codenerd/internal/core/virtual_store_codedom.go:168.2,168.19 1 1
codenerd/internal/core/virtual_store_codedom.go:168.19,170.3 1 1
codenerd/internal/core/virtual_store_codedom.go:172.2,174.9 3 1
codenerd/internal/core/virtual_store_codedom.go:174.9,176.3 1 1
codenerd/internal/core/virtual_store_codedom.go:178.2,179.17 2 1
codenerd/internal/core/virtual_store_codedom.go:179.17,184.3 1 1
codenerd/internal/core/virtual_store_codedom.go:187.2,188.20 2 1
codenerd/internal/core/virtual_store_codedom.go:188.20,196.3 1 1
codenerd/internal/core/virtual_store_codedom.go:197.2,197.16 1 1
codenerd/internal/core/virtual_store_codedom.go:197.16,199.51 1 1
codenerd/internal/core/virtual_store_codedom.go:199.51,208.4 1 1
codenerd/internal/core/virtual_store_codedom.go:210.3,211.18 2 1
codenerd/internal/core/virtual_store_codedom.go:211.18,219.4 1 1
codenerd/internal/core/virtual_store_codedom.go:223.2,224.16 2 1
codenerd/internal/core/virtual_store_codedom.go:224.16,229.3 1 1
codenerd/internal/core/virtual_store_codedom.go:231.2,239.50 4 1
codenerd/internal/core/virtual_store_codedom.go:239.50,244.3 1 1
codenerd/internal/core/virtual_store_codedom.go:244.8,248.3 2 1
codenerd/internal/core/virtual_store_codedom.go:250.2,259.8 1 1
codenerd/internal/core/virtual_store_codedom.go:263.105,264.34 1 1
codenerd/internal/core/virtual_store_codedom.go:264.34,266.3 1 1
codenerd/internal/core/virtual_store_codedom.go:267.2,273.18 5 1
codenerd/internal/core/virtual_store_codedom.go:273.18,275.3 1 1
codenerd/internal/core/virtual_store_codedom.go:277.2,277.40 1 1
codenerd/internal/core/virtual_store_codedom.go:277.40,282.3 1 1
codenerd/internal/core/virtual_store_codedom.go:285.2,293.8 3 1
codenerd/internal/core/virtual_store_codedom.go:297.103,298.34 1 1
codenerd/internal/core/virtual_store_codedom.go:298.34,300.3 1 1
codenerd/internal/core/virtual_store_codedom.go:301.2,307.18 5 1
codenerd/internal/core/virtual_store_codedom.go:307.18,309.3 1 1
codenerd/internal/core/virtual_store_codedom.go:311.2,320.8 3 1
codenerd/internal/core/virtual_store_codedom.go:324.102,325.34 1 1
codenerd/internal/core/virtual_store_codedom.go:325.34,327.3 1 1
codenerd/internal/core/virtual_store_codedom.go:329.2,334.19 5 1
codenerd/internal/core/virtual_store_codedom.go:334.19,336.3 1 1
codenerd/internal/core/virtual_store_codedom.go:338.2,344.36 5 1
codenerd/internal/core/virtual_store_codedom.go:344.36,346.3 1 1
codenerd/internal/core/virtual_store_codedom.go:349.2,350.22 2 1
codenerd/internal/core/virtual_store_codedom.go:350.22,352.3 1 1
codenerd/internal/core/virtual_store_codedom.go:354.2,355.16 2 1
codenerd/internal/core/virtual_store_codedom.go:355.16,360.3 1 1
codenerd/internal/core/virtual_store_codedom.go:362.2,366.43 3 1
codenerd/internal/core/virtual_store_codedom.go:366.43,367.51 1 1
codenerd/internal/core/virtual_store_codedom.go:367.51,372.4 1 1
codenerd/internal/core/virtual_store_codedom.go:372.9,376.4 2 1
codenerd/internal/core/virtual_store_codedom.go:379.2,389.8 1 1
codenerd/internal/core/virtual_store_codedom.go:393.104,394.34 1 1
codenerd/internal/core/virtual_store_codedom.go:394.34,396.3 1 1
codenerd/internal/core/virtual_store_codedom.go:398.2,403.19 5 1
codenerd/internal/core/virtual_store_codedom.go:403.19,405.3 1 1
codenerd/internal/core/virtual_store_codedom.go:407.2,412.19 4 1
codenerd/internal/core/virtual_store_codedom.go:412.19,414.3 1 1
codenerd/internal/core/virtual_store_codedom.go:416.2,419.16 3 1
codenerd/internal/core/virtual_store_codedom.go:419.16,424.3 1 1
codenerd/internal/core/virtual_store_codedom.go:426.2,430.43 3 1
codenerd/internal/core/virtual_store_codedom.go:430.43,431.51 1 1
codenerd/internal/core/virtual_store_codedom.go:431.51,436.4 1 1
codenerd/internal/core/virtual_store_codedom.go:436.9,440.4 2 1
codenerd/internal/core/virtual_store_codedom.go:443.2,452.8 1 1
codenerd/internal/core/virtual_store_codedom.go:456.104,457.34 1 1
codenerd/internal/core/virtual_store_codedom.go:457.34,459.3 1 1
codenerd/internal/core/virtual_store_codedom.go:461.2,466.19 5 1
codenerd/internal/core/virtual_store_codedom.go:466.19,468.3 1 1
codenerd/internal/core/virtual_store_codedom.go:470.2,475.36 4 1
codenerd/internal/core/virtual_store_codedom.go:475.36,477.3 1 1
codenerd/internal/core/virtual_store_codedom.go:479.2,480.16 2 1
codenerd/internal/core/virtual_store_codedom.go:480.16,485.3 1 1
codenerd/internal/core/virtual_store_codedom.go:487.2,491.43 3 1
codenerd/internal/core/virtual_store_codedom.go:491.43,492.51 1 1
codenerd/internal/core/virtual_store_codedom.go:492.51,497.4 1 1
codenerd/internal/core/virtual_store_codedom.go:497.9,501.4 2 1
codenerd/internal/core/virtual_store_codedom.go:504.2,514.8 1 1
codenerd/internal/core/virtual_store_codedom.go:522.101,526.34 3 1
codenerd/internal/core/virtual_store_codedom.go:526.34,528.3 1 1
codenerd/internal/core/virtual_store_codedom.go:530.2,535.21 5 1
codenerd/internal/core/virtual_store_codedom.go:535.21,544.3 2 1
codenerd/internal/core/virtual_store_codedom.go:546.2,553.21 5 1
codenerd/internal/core/virtual_store_codedom.go:553.21,555.3 1 1
codenerd/internal/core/virtual_store_codedom.go:558.2,559.13 2 1
codenerd/internal/core/virtual_store_codedom.go:559.13,568.3 2 1
codenerd/internal/core/virtual_store_codedom.go:571.2,574.46 2 1
codenerd/internal/core/virtual_store_codedom.go:574.46,576.3 1 1
codenerd/internal/core/virtual_store_codedom.go:578.2,578.16 1 1
codenerd/internal/core/virtual_store_codedom.go:578.16,588.3 2 1
codenerd/internal/core/virtual_store_codedom.go:590.2,596.27 2 1
codenerd/internal/core/virtual_store_codedom.go:596.27,599.3 2 1
codenerd/internal/core/virtual_store_codedom.go:601.2,610.8 2 1
codenerd/internal/core/virtual_store_codedom.go:623.88,625.2 1 1
codenerd/internal/core/virtual_store_codedom.go:627.76,629.2 1 1
codenerd/internal/core/virtual_store_codedom.go:631.101,633.2 1 1
codenerd/internal/core/virtual_store_codedom.go:635.100,637.16 2 1
codenerd/internal/core/virtual_store_codedom.go:637.16,639.3 1 0
codenerd/internal/core/virtual_store_codedom.go:640.2,640.37 1 1
codenerd/internal/core/virtual_store_codedom.go:643.127,645.16 2 1
codenerd/internal/core/virtual_store_codedom.go:645.16,647.3 1 0
codenerd/internal/core/virtual_store_codedom.go:648.2,648.37 1 1
codenerd/internal/core/virtual_store_codedom.go:651.120,653.16 2 1
codenerd/internal/core/virtual_store_codedom.go:653.16,655.3 1 0
codenerd/internal/core/virtual_store_codedom.go:656.2,656.37 1 1
codenerd/internal/core/virtual_store_codedom.go:659.110,661.16 2 1
codenerd/internal/core/virtual_store_codedom.go:661.16,663.3 1 0
codenerd/internal/core/virtual_store_codedom.go:664.2,664.37 1 1
codenerd/internal/core/virtual_store_codedom.go:667.132,669.16 2 1
codenerd/internal/core/virtual_store_codedom.go:669.16,671.3 1 0
codenerd/internal/core/virtual_store_codedom.go:672.2,672.37 1 1
codenerd/internal/core/virtual_store_codedom.go:675.112,676.21 1 1
codenerd/internal/core/virtual_store_codedom.go:676.21,678.3 1 1
codenerd/internal/core/virtual_store_codedom.go:679.2,679.37 1 1
codenerd/internal/core/virtual_store_codedom.go:682.89,683.14 1 1
codenerd/internal/core/virtual_store_codedom.go:683.14,685.3 1 0
codenerd/internal/core/virtual_store_codedom.go:687.2,688.28 2 1
codenerd/internal/core/virtual_store_codedom.go:688.28,693.3 1 1
codenerd/internal/core/virtual_store_codedom.go:694.2,705.3 1 1
codenerd/internal/core/virtual_store_graph.go:14.59,19.2 4 1
codenerd/internal/core/virtual_store_graph.go:22.79,23.26 1 1
codenerd/internal/core/virtual_store_graph.go:23.26,25.3 1 1
codenerd/internal/core/virtual_store_graph.go:27.2,31.15 4 1
codenerd/internal/core/virtual_store_graph.go:31.15,33.3 1 1
codenerd/internal/core/virtual_store_graph.go:36.2,37.9 2 1
codenerd/internal/core/virtual_store_graph.go:37.9,39.3 1 0
codenerd/internal/core/virtual_store_graph.go:40.2,49.16 5 1
codenerd/internal/core/virtual_store_graph.go:49.16,52.3 2 1
codenerd/internal/core/virtual_store_graph.go:56.2,57.16 2 1
codenerd/internal/core/virtual_store_graph.go:57.16,59.3 1 0
codenerd/internal/core/virtual_store_graph.go:62.2,62.91 1 1
codenerd/internal/core/virtual_store_graph.go:66.41,70.2 3 1
codenerd/internal/core/virtual_store_graph.go:73.60,74.25 1 1
codenerd/internal/core/virtual_store_graph.go:75.14,76.28 1 0
codenerd/internal/core/virtual_store_graph.go:77.11,78.35 1 1
codenerd/internal/core/virtual_store_graph.go:79.13,80.28 1 0
codenerd/internal/core/virtual_store_graph.go:81.15,82.38 1 1
codenerd/internal/core/virtual_store_graph.go:83.15,84.29 1 0
codenerd/internal/core/virtual_store_graph.go:85.12,86.8 1 1
codenerd/internal/core/virtual_store_graph.go:86.8,88.4 1 1
codenerd/internal/core/virtual_store_graph.go:89.3,89.32 1 1
codenerd/internal/core/virtual_store_graph.go:90.16,92.23 2 1
codenerd/internal/core/virtual_store_graph.go:92.23,94.4 1 1
codenerd/internal/core/virtual_store_graph.go:95.3,95.29 1 1
codenerd/internal/core/virtual_store_graph.go:96.10,97.47 1 0
codenerd/internal/core/virtual_store_predicates.go:24.71,31.15 5 1
codenerd/internal/core/virtual_store_predicates.go:31.15,34.3 2 1
codenerd/internal/core/virtual_store_predicates.go:36.2,37.16 2 1
codenerd/internal/core/virtual_store_predicates.go:37.16,40.3 2 0
codenerd/internal/core/virtual_store_predicates.go:42.2,43.33 2 1
codenerd/internal/core/virtual_store_predicates.go:43.33,48.3 1 1
codenerd/internal/core/virtual_store_predicates.go:50.2,51.19 2 1
codenerd/internal/core/virtual_store_predicates.go:56.73,63.15 5 1
codenerd/internal/core/virtual_store_predicates.go:63.15,65.3 1 1
codenerd/internal/core/virtual_store_predicates.go:67.2,68.16 2 1
codenerd/internal/core/virtual_store_predicates.go:68.16,71.3 2 0
codenerd/internal/core/virtual_store_predicates.go:73.2,74.33 2 1
codenerd/internal/core/virtual_store_predicates.go:74.33,79.3 1 1
codenerd/internal/core/virtual_store_predicates.go:81.2,82.19 2 1
codenerd/internal/core/virtual_store_predicates.go:88.99,95.15 5 1
codenerd/internal/core/virtual_store_predicates.go:95.15,98.3 2 1
codenerd/internal/core/virtual_store_predicates.go:99.2,99.20 1 1
codenerd/internal/core/virtual_store_predicates.go:99.20,101.3 1 0
codenerd/internal/core/virtual_store_predicates.go:102.2,102.19 1 1
codenerd/internal/core/virtual_store_predicates.go:102.19,104.3 1 0
codenerd/internal/core/virtual_store_predicates.go:106.2,106.26 1 1
codenerd/internal/core/virtual_store_predicates.go:106.26,107.79 1 1
codenerd/internal/core/virtual_store_predicates.go:107.79,110.4 2 0
codenerd/internal/core/virtual_store_predicates.go:113.2,114.12 2 1
codenerd/internal/core/virtual_store_predicates.go:118.122,125.15 5 1
codenerd/internal/core/virtual_store_predicates.go:125.15,127.3 1 1
codenerd/internal/core/virtual_store_predicates.go:128.2,128.17 1 1
codenerd/internal/core/virtual_store_predicates.go:128.17,130.3 1 0
codenerd/internal/core/virtual_store_predicates.go:132.2,132.79 1 1
codenerd/internal/core/virtual_store_predicates.go:132.79,135.3 2 0
codenerd/internal/core/virtual_store_predicates.go:137.2,137.12 1 1
codenerd/internal/core/virtual_store_predicates.go:142.86,147.15 4 1
codenerd/internal/core/virtual_store_predicates.go:147.15,149.3 1 1
codenerd/internal/core/virtual_store_predicates.go:151.2,152.16 2 1
codenerd/internal/core/virtual_store_predicates.go:152.16,154.3 1 0
codenerd/internal/core/virtual_store_predicates.go:156.2,157.29 2 1
codenerd/internal/core/virtual_store_predicates.go:157.29,162.3 1 1
codenerd/internal/core/virtual_store_predicates.go:163.2,163.19 1 1
codenerd/internal/core/virtual_store_predicates.go:168.86,173.15 4 1
codenerd/internal/core/virtual_store_predicates.go:173.15,175.3 1 1
codenerd/internal/core/virtual_store_predicates.go:177.2,178.16 2 1
codenerd/internal/core/virtual_store_predicates.go:178.16,180.3 1 0
codenerd/internal/core/virtual_store_predicates.go:182.2,183.41 2 1
codenerd/internal/core/virtual_store_predicates.go:183.41,188.3 1 1
codenerd/internal/core/virtual_store_predicates.go:189.2,189.19 1 1
codenerd/internal/core/virtual_store_predicates.go:194.78,199.15 4 1
codenerd/internal/core/virtual_store_predicates.go:199.15,201.3 1 1
codenerd/internal/core/virtual_store_predicates.go:203.2,204.16 2 1
codenerd/internal/core/virtual_store_predicates.go:204.16,206.3 1 0
codenerd/internal/core/virtual_store_predicates.go:208.2,209.32 2 1
codenerd/internal/core/virtual_store_predicates.go:209.32,214.3 1 1
codenerd/internal/core/virtual_store_predicates.go:215.2,215.19 1 1
codenerd/internal/core/virtual_store_predicates.go:220.82,225.15 4 1
codenerd/internal/core/virtual_store_predicates.go:225.15,227.3 1 1
codenerd/internal/core/virtual_store_predicates.go:229.2,230.16 2 1
codenerd/internal/core/virtual_store_predicates.go:230.16,232.3 1 0
codenerd/internal/core/virtual_store_predicates.go:234.2,235.31 2 1
codenerd/internal/core/virtual_store_predicates.go:235.31,243.3 4 1
codenerd/internal/core/virtual_store_predicates.go:244.2,244.19 1 1
codenerd/internal/core/virtual_store_predicates.go:249.67,251.16 2 1
codenerd/internal/core/virtual_store_predicates.go:251.16,253.3 1 0
codenerd/internal/core/virtual_store_predicates.go:254.2,254.28 1 1
codenerd/internal/core/virtual_store_predicates.go:259.81,269.15 7 1
codenerd/internal/core/virtual_store_predicates.go:269.15,272.3 2 1
codenerd/internal/core/virtual_store_predicates.go:274.2,274.16 1 1
codenerd/internal/core/virtual_store_predicates.go:274.16,276.3 1 0
codenerd/internal/core/virtual_store_predicates.go:278.2,279.16 2 1
codenerd/internal/core/virtual_store_predicates.go:279.16,282.3 2 0
codenerd/internal/core/virtual_store_predicates.go:284.2,285.31 2 1
codenerd/internal/core/virtual_store_predicates.go:285.31,287.60 2 1
codenerd/internal/core/virtual_store_predicates.go:287.60,289.4 1 1
codenerd/internal/core/virtual_store_predicates.go:290.3,291.66 2 1
codenerd/internal/core/virtual_store_predicates.go:291.66,293.4 1 1
codenerd/internal/core/virtual_store_predicates.go:295.3,305.5 1 1
codenerd/internal/core/virtual_store_predicates.go:308.2,309.19 2 1
codenerd/internal/core/virtual_store_predicates.go:314.74,324.15 7 1
codenerd/internal/core/virtual_store_predicates.go:324.15,327.3 2 1
codenerd/internal/core/virtual_store_predicates.go:329.2,330.16 2 1
codenerd/internal/core/virtual_store_predicates.go:330.16,333.3 2 0
codenerd/internal/core/virtual_store_predicates.go:336.2,343.24 6 1
codenerd/internal/core/virtual_store_predicates.go:343.24,344.46 1 1
codenerd/internal/core/virtual_store_predicates.go:344.46,346.4 1 1
codenerd/internal/core/virtual_store_predicates.go:348.2,348.30 1 1
codenerd/internal/core/virtual_store_predicates.go:348.30,349.51 1 1
codenerd/internal/core/virtual_store_predicates.go:349.51,351.4 1 0
codenerd/internal/core/virtual_store_predicates.go:353.2,353.58 1 1
codenerd/internal/core/virtual_store_predicates.go:353.58,355.3 1 1
codenerd/internal/core/virtual_store_predicates.go:358.2,375.19 5 1
codenerd/internal/core/virtual_store_predicates.go:379.48,380.58 1 1
codenerd/internal/core/virtual_store_predicates.go:380.58,382.3 1 1
codenerd/internal/core/virtual_store_predicates.go:383.2,383.10 1 1
codenerd/internal/core/virtual_store_predicates.go:389.80,400.15 8 1
codenerd/internal/core/virtual_store_predicates.go:400.15,403.3 2 1
codenerd/internal/core/virtual_store_predicates.go:404.2,404.19 1 1
codenerd/internal/core/virtual_store_predicates.go:404.19,407.3 2 0
codenerd/internal/core/virtual_store_predicates.go:410.2,410.65 1 1
codenerd/internal/core/virtual_store_predicates.go:410.65,413.28 2 1
codenerd/internal/core/virtual_store_predicates.go:413.28,415.4 1 1
codenerd/internal/core/virtual_store_predicates.go:416.3,419.5 1 1
codenerd/internal/core/virtual_store_predicates.go:423.2,424.16 2 1
codenerd/internal/core/virtual_store_predicates.go:424.16,427.3 2 0
codenerd/internal/core/virtual_store_predicates.go:429.2,430.19 2 1
codenerd/internal/core/virtual_store_predicates.go:435.75,446.15 8 1
codenerd/internal/core/virtual_store_predicates.go:446.15,449.3 2 1
codenerd/internal/core/virtual_store_predicates.go:450.2,450.19 1 1
codenerd/internal/core/virtual_store_predicates.go:450.19,453.3 2 0
codenerd/internal/core/virtual_store_predicates.go:455.2,458.58 2 1
codenerd/internal/core/virtual_store_predicates.go:458.58,461.33 2 1
codenerd/internal/core/virtual_store_predicates.go:461.33,463.4 1 1
codenerd/internal/core/virtual_store_predicates.go:466.3,471.5 2 1
codenerd/internal/core/virtual_store_predicates.go:475.2,476.16 2 1
codenerd/internal/core/virtual_store_predicates.go:476.16,477.36 1 1
codenerd/internal/core/virtual_store_predicates.go:477.36,478.68 1 1
codenerd/internal/core/virtual_store_predicates.go:478.68,480.5 1 1
codenerd/internal/core/virtual_store_predicates.go:485.2,486.16 2 1
codenerd/internal/core/virtual_store_predicates.go:486.16,487.34 1 1
codenerd/internal/core/virtual_store_predicates.go:487.34,488.62 1 0
codenerd/internal/core/virtual_store_predicates.go:488.62,490.5 1 0
codenerd/internal/core/virtual_store_predicates.go:495.2,496.16 2 1
codenerd/internal/core/virtual_store_predicates.go:496.16,497.36 1 1
codenerd/internal/core/virtual_store_predicates.go:497.36,498.68 1 0
codenerd/internal/core/virtual_store_predicates.go:498.68,500.5 1 0
codenerd/internal/core/virtual_store_predicates.go:505.2,506.16 2 1
codenerd/internal/core/virtual_store_predicates.go:506.16,508.3 1 1
codenerd/internal/core/virtual_store_predicates.go:511.2,512.16 2 1
codenerd/internal/core/virtual_store_predicates.go:512.16,513.36 1 1
codenerd/internal/core/virtual_store_predicates.go:513.36,516.34 2 1
codenerd/internal/core/virtual_store_predicates.go:516.34,518.5 1 1
codenerd/internal/core/virtual_store_predicates.go:519.4,522.19 1 1
codenerd/internal/core/virtual_store_predicates.go:522.19,524.5 1 1
codenerd/internal/core/virtual_store_predicates.go:528.2,529.19 2 1
codenerd/internal/core/virtual_store_predicates.go:534.126,543.15 7 1
codenerd/internal/core/virtual_store_predicates.go:543.15,546.3 2 1
codenerd/internal/core/virtual_store_predicates.go:547.2,547.19 1 1
codenerd/internal/core/virtual_store_predicates.go:547.19,550.3 2 0
codenerd/internal/core/virtual_store_predicates.go:552.2,557.40 3 1
codenerd/internal/core/virtual_store_predicates.go:557.40,558.97 1 1
codenerd/internal/core/virtual_store_predicates.go:558.97,561.4 2 1
codenerd/internal/core/virtual_store_predicates.go:561.9,561.24 1 0
codenerd/internal/core/virtual_store_predicates.go:561.24,563.4 1 0
codenerd/internal/core/virtual_store_predicates.go:566.2,566.36 1 1
codenerd/internal/core/virtual_store_predicates.go:566.36,567.96 1 1
codenerd/internal/core/virtual_store_predicates.go:567.96,570.4 2 1
codenerd/internal/core/virtual_store_predicates.go:570.9,570.24 1 0
codenerd/internal/core/virtual_store_predicates.go:570.24,572.4 1 0
codenerd/internal/core/virtual_store_predicates.go:575.2,575.39 1 1
codenerd/internal/core/virtual_store_predicates.go:575.39,577.23 2 1
codenerd/internal/core/virtual_store_predicates.go:577.23,578.12 1 0
codenerd/internal/core/virtual_store_predicates.go:580.3,580.97 1 1
codenerd/internal/core/virtual_store_predicates.go:580.97,583.4 2 1
codenerd/internal/core/virtual_store_predicates.go:583.9,583.24 1 0
codenerd/internal/core/virtual_store_predicates.go:583.24,585.4 1 0
codenerd/internal/core/virtual_store_predicates.go:589.2,594.36 6 1
codenerd/internal/core/virtual_store_predicates.go:594.36,596.3 1 0
codenerd/internal/core/virtual_store_predicates.go:598.2,599.19 2 1
codenerd/internal/core/virtual_store_predicates.go:614.81,616.8 2 1
codenerd/internal/core/virtual_store_predicates.go:616.8,618.17 2 1
codenerd/internal/core/virtual_store_predicates.go:618.17,620.4 1 0
codenerd/internal/core/virtual_store_predicates.go:621.3,622.27 2 1
codenerd/internal/core/virtual_store_predicates.go:622.27,624.4 1 1
codenerd/internal/core/virtual_store_predicates.go:625.3,625.20 1 1
codenerd/internal/core/virtual_store_predicates.go:628.2,629.16 2 1
codenerd/internal/core/virtual_store_predicates.go:629.16,631.3 1 0
codenerd/internal/core/virtual_store_predicates.go:632.2,633.26 2 1
codenerd/internal/core/virtual_store_predicates.go:633.26,635.3 1 1
codenerd/internal/core/virtual_store_predicates.go:636.2,636.19 1 1
codenerd/internal/core/virtual_store_predicates.go:639.79,641.8 2 1
codenerd/internal/core/virtual_store_predicates.go:641.8,643.17 2 1
codenerd/internal/core/virtual_store_predicates.go:643.17,645.4 1 0
codenerd/internal/core/virtual_store_predicates.go:646.3,646.15 1 1
codenerd/internal/core/virtual_store_predicates.go:646.15,648.4 1 0
codenerd/internal/core/virtual_store_predicates.go:649.3,651.20 3 1
codenerd/internal/core/virtual_store_predicates.go:654.2,655.16 2 1
codenerd/internal/core/virtual_store_predicates.go:655.16,657.3 1 0
codenerd/internal/core/virtual_store_predicates.go:658.2,660.26 3 1
codenerd/internal/core/virtual_store_predicates.go:660.26,661.45 1 1
codenerd/internal/core/virtual_store_predicates.go:661.45,662.12 1 0
codenerd/internal/core/virtual_store_predicates.go:664.3,665.56 2 1
codenerd/internal/core/virtual_store_predicates.go:667.2,667.19 1 1
codenerd/internal/core/virtual_store_predicates.go:670.81,672.9 2 1
codenerd/internal/core/virtual_store_predicates.go:672.9,674.3 1 1
codenerd/internal/core/virtual_store_predicates.go:676.2,677.64 2 1
codenerd/internal/core/virtual_store_predicates.go:677.64,679.3 1 0
codenerd/internal/core/virtual_store_predicates.go:681.2,682.16 2 1
codenerd/internal/core/virtual_store_predicates.go:682.16,684.3 1 0
codenerd/internal/core/virtual_store_predicates.go:686.2,687.26 2 1
codenerd/internal/core/virtual_store_predicates.go:687.26,688.22 1 1
codenerd/internal/core/virtual_store_predicates.go:688.22,689.12 1 0
codenerd/internal/core/virtual_store_predicates.go:691.3,691.79 1 1
codenerd/internal/core/virtual_store_predicates.go:693.2,693.19 1 1
codenerd/internal/core/virtual_store_predicates.go:696.82,698.9 2 1
codenerd/internal/core/virtual_store_predicates.go:698.9,700.3 1 1
codenerd/internal/core/virtual_store_predicates.go:702.2,703.70 2 1
codenerd/internal/core/virtual_store_predicates.go:703.70,705.3 1 1
codenerd/internal/core/virtual_store_predicates.go:707.2,708.16 2 1
codenerd/internal/core/virtual_store_predicates.go:708.16,710.3 1 0
codenerd/internal/core/virtual_store_predicates.go:712.2,713.26 2 1
codenerd/internal/core/virtual_store_predicates.go:713.26,714.22 1 1
codenerd/internal/core/virtual_store_predicates.go:714.22,715.12 1 0
codenerd/internal/core/virtual_store_predicates.go:717.3,717.73 1 1
codenerd/internal/core/virtual_store_predicates.go:719.2,719.19 1 1
codenerd/internal/core/virtual_store_predicates.go:722.88,724.9 2 1
codenerd/internal/core/virtual_store_predicates.go:724.9,726.3 1 1
codenerd/internal/core/virtual_store_predicates.go:728.2,729.16 2 1
codenerd/internal/core/virtual_store_predicates.go:729.16,731.3 1 0
codenerd/internal/core/virtual_store_predicates.go:733.2,734.26 2 1
codenerd/internal/core/virtual_store_predicates.go:734.26,735.22 1 1
codenerd/internal/core/virtual_store_predicates.go:735.22,736.12 1 0
codenerd/internal/core/virtual_store_predicates.go:738.3,739.55 2 1
codenerd/internal/core/virtual_store_predicates.go:739.55,741.4 1 1
codenerd/internal/core/virtual_store_predicates.go:742.3,742.86 1 1
codenerd/internal/core/virtual_store_predicates.go:744.2,744.19 1 1
codenerd/internal/core/virtual_store_predicates.go:747.85,748.25 1 1
codenerd/internal/core/virtual_store_predicates.go:748.25,750.3 1 0
codenerd/internal/core/virtual_store_predicates.go:751.2,752.16 2 1
codenerd/internal/core/virtual_store_predicates.go:752.16,754.3 1 0
codenerd/internal/core/virtual_store_predicates.go:756.2,757.26 2 1
codenerd/internal/core/virtual_store_predicates.go:757.26,758.22 1 1
codenerd/internal/core/virtual_store_predicates.go:758.22,759.12 1 0
codenerd/internal/core/virtual_store_predicates.go:761.3,761.60 1 1
codenerd/internal/core/virtual_store_predicates.go:763.2,763.19 1 1
codenerd/internal/core/virtual_store_predicates.go:766.80,768.9 2 1
codenerd/internal/core/virtual_store_predicates.go:768.9,770.3 1 1
codenerd/internal/core/virtual_store_predicates.go:772.2,773.70 2 1
codenerd/internal/core/virtual_store_predicates.go:773.70,775.3 1 1
codenerd/internal/core/virtual_store_predicates.go:777.2,778.16 2 1
codenerd/internal/core/virtual_store_predicates.go:778.16,780.3 1 0
codenerd/internal/core/virtual_store_predicates.go:782.2,783.26 2 1
codenerd/internal/core/virtual_store_predicates.go:783.26,784.22 1 1
codenerd/internal/core/virtual_store_predicates.go:784.22,785.12 1 0
codenerd/internal/core/virtual_store_predicates.go:787.3,791.21 5 1
codenerd/internal/core/virtual_store_predicates.go:791.21,793.32 2 1
codenerd/internal/core/virtual_store_predicates.go:793.32,795.5 1 1
codenerd/internal/core/virtual_store_predicates.go:797.3,797.89 1 1
codenerd/internal/core/virtual_store_predicates.go:799.2,799.19 1 1
codenerd/internal/core/virtual_store_predicates.go:802.84,804.9 2 1
codenerd/internal/core/virtual_store_predicates.go:804.9,806.3 1 1
codenerd/internal/core/virtual_store_predicates.go:808.2,809.16 2 1
codenerd/internal/core/virtual_store_predicates.go:809.16,811.3 1 0
codenerd/internal/core/virtual_store_predicates.go:813.2,814.26 2 1
codenerd/internal/core/virtual_store_predicates.go:814.26,815.22 1 1
codenerd/internal/core/virtual_store_predicates.go:815.22,816.12 1 0
codenerd/internal/core/virtual_store_predicates.go:818.3,819.56 2 1
codenerd/internal/core/virtual_store_predicates.go:819.56,821.4 1 1
codenerd/internal/core/virtual_store_predicates.go:822.3,822.92 1 1
codenerd/internal/core/virtual_store_predicates.go:824.2,824.19 1 1
codenerd/internal/core/virtual_store_predicates.go:850.72,852.9 2 1
codenerd/internal/core/virtual_store_predicates.go:852.9,854.3 1 1
codenerd/internal/core/virtual_store_predicates.go:855.2,855.48 1 1
codenerd/internal/core/virtual_store_predicates.go:858.69,859.33 1 1
codenerd/internal/core/virtual_store_predicates.go:859.33,861.3 1 0
codenerd/internal/core/virtual_store_predicates.go:862.2,864.9 3 1
codenerd/internal/core/virtual_store_predicates.go:864.9,866.3 1 0
codenerd/internal/core/virtual_store_predicates.go:867.2,868.42 2 1
codenerd/internal/core/virtual_store_predicates.go:868.42,870.3 1 1
codenerd/internal/core/virtual_store_predicates.go:871.2,871.16 1 1
codenerd/internal/core/virtual_store_predicates.go:874.60,875.33 1 1
codenerd/internal/core/virtual_store_predicates.go:875.33,877.3 1 1
codenerd/internal/core/virtual_store_predicates.go:878.2,879.27 2 1
codenerd/internal/core/virtual_store_predicates.go:880.11,881.17 1 0
codenerd/internal/core/virtual_store_predicates.go:882.13,883.22 1 1
codenerd/internal/core/virtual_store_predicates.go:884.15,885.22 1 1
codenerd/internal/core/virtual_store_predicates.go:886.14,888.43 2 1
codenerd/internal/core/virtual_store_predicates.go:888.43,890.4 1 1
codenerd/internal/core/virtual_store_predicates.go:891.3,892.17 2 1
codenerd/internal/core/virtual_store_predicates.go:892.17,894.4 1 1
codenerd/internal/core/virtual_store_predicates.go:895.3,895.22 1 1
codenerd/internal/core/virtual_store_predicates.go:896.10,897.18 1 0
codenerd/internal/core/virtual_store_predicates.go:901.85,903.16 2 1
codenerd/internal/core/virtual_store_predicates.go:903.16,906.3 2 0
codenerd/internal/core/virtual_store_predicates.go:907.2,907.28 1 1
codenerd/internal/core/virtual_store_predicates.go:918.81,925.15 5 1
codenerd/internal/core/virtual_store_predicates.go:925.15,928.3 2 1
codenerd/internal/core/virtual_store_predicates.go:931.2,932.41 2 1
codenerd/internal/core/virtual_store_predicates.go:932.41,934.3 1 1
codenerd/internal/core/virtual_store_predicates.go:934.8,936.3 1 1
codenerd/internal/core/virtual_store_predicates.go:938.2,939.16 2 1
codenerd/internal/core/virtual_store_predicates.go:939.16,942.3 2 0
codenerd/internal/core/virtual_store_predicates.go:944.2,945.29 2 1
codenerd/internal/core/virtual_store_predicates.go:945.29,952.3 2 1
codenerd/internal/core/virtual_store_predicates.go:954.2,955.19 2 1
codenerd/internal/core/virtual_store_predicates.go:962.83,966.8 2 1
codenerd/internal/core/virtual_store_predicates.go:966.8,969.17 2 1
codenerd/internal/core/virtual_store_predicates.go:969.17,971.4 1 0
codenerd/internal/core/virtual_store_predicates.go:972.3,973.27 2 1
codenerd/internal/core/virtual_store_predicates.go:973.27,974.24 1 1
codenerd/internal/core/virtual_store_predicates.go:974.24,976.5 1 1
codenerd/internal/core/virtual_store_predicates.go:978.3,978.20 1 1
codenerd/internal/core/virtual_store_predicates.go:982.2,983.16 2 1
codenerd/internal/core/virtual_store_predicates.go:983.16,985.3 1 0
codenerd/internal/core/virtual_store_predicates.go:986.2,987.26 2 1
codenerd/internal/core/virtual_store_predicates.go:987.26,988.23 1 1
codenerd/internal/core/virtual_store_predicates.go:988.23,990.4 1 1
codenerd/internal/core/virtual_store_predicates.go:992.2,992.19 1 1
codenerd/internal/core/virtual_store_python.go:18.107,19.34 1 1
codenerd/internal/core/virtual_store_python.go:19.34,21.3 1 1
codenerd/internal/core/virtual_store_python.go:23.2,28.39 5 1
codenerd/internal/core/virtual_store_python.go:28.39,33.3 1 1
codenerd/internal/core/virtual_store_python.go:35.2,41.18 3 1
codenerd/internal/core/virtual_store_python.go:41.18,46.3 1 1
codenerd/internal/core/virtual_store_python.go:48.2,58.8 1 1
codenerd/internal/core/virtual_store_python.go:63.106,64.34 1 1
codenerd/internal/core/virtual_store_python.go:64.34,66.3 1 1
codenerd/internal/core/virtual_store_python.go:68.2,71.40 3 1
codenerd/internal/core/virtual_store_python.go:71.40,76.3 1 1
codenerd/internal/core/virtual_store_python.go:78.2,90.8 2 1
codenerd/internal/core/virtual_store_python.go:95.108,96.34 1 1
codenerd/internal/core/virtual_store_python.go:96.34,98.3 1 1
codenerd/internal/core/virtual_store_python.go:100.2,101.23 2 1
codenerd/internal/core/virtual_store_python.go:101.23,106.3 1 1
codenerd/internal/core/virtual_store_python.go:109.2,110.62 2 1
codenerd/internal/core/virtual_store_python.go:110.62,111.26 1 1
codenerd/internal/core/virtual_store_python.go:111.26,112.31 1 1
codenerd/internal/core/virtual_store_python.go:112.31,114.5 1 1
codenerd/internal/core/virtual_store_python.go:118.2,133.8 3 1
codenerd/internal/core/virtual_store_python.go:138.109,139.34 1 1
codenerd/internal/core/virtual_store_python.go:139.34,141.3 1 1
codenerd/internal/core/virtual_store_python.go:143.2,146.38 3 1
codenerd/internal/core/virtual_store_python.go:146.38,151.3 1 1
codenerd/internal/core/virtual_store_python.go:153.2,168.8 3 1
codenerd/internal/core/virtual_store_python.go:173.107,174.34 1 1
codenerd/internal/core/virtual_store_python.go:174.34,176.3 1 1
codenerd/internal/core/virtual_store_python.go:178.2,181.23 3 1
codenerd/internal/core/virtual_store_python.go:181.23,186.3 1 1
codenerd/internal/core/virtual_store_python.go:188.2,188.24 1 1
codenerd/internal/core/virtual_store_python.go:188.24,190.3 1 1
codenerd/internal/core/virtual_store_python.go:192.2,204.8 2 1
codenerd/internal/core/virtual_store_python.go:209.106,210.34 1 1
codenerd/internal/core/virtual_store_python.go:210.34,212.3 1 1
codenerd/internal/core/virtual_store_python.go:214.2,217.45 3 1
codenerd/internal/core/virtual_store_python.go:217.45,222.3 1 1
codenerd/internal/core/virtual_store_python.go:224.2,237.8 2 1
codenerd/internal/core/virtual_store_python.go:242.107,243.34 1 1
codenerd/internal/core/virtual_store_python.go:243.34,245.3 1 1
codenerd/internal/core/virtual_store_python.go:247.2,248.23 2 1
codenerd/internal/core/virtual_store_python.go:248.23,253.3 1 1
codenerd/internal/core/virtual_store_python.go:255.2,267.8 2 1
codenerd/internal/core/virtual_store_python.go:277.106,278.34 1 1
codenerd/internal/core/virtual_store_python.go:278.34,280.3 1 1
codenerd/internal/core/virtual_store_python.go:282.2,283.22 2 1
codenerd/internal/core/virtual_store_python.go:283.22,288.3 1 1
codenerd/internal/core/virtual_store_python.go:290.2,299.64 6 1
codenerd/internal/core/virtual_store_python.go:299.64,300.25 1 1
codenerd/internal/core/virtual_store_python.go:300.25,301.31 1 1
codenerd/internal/core/virtual_store_python.go:301.31,303.5 1 1
codenerd/internal/core/virtual_store_python.go:306.2,306.64 1 1
codenerd/internal/core/virtual_store_python.go:306.64,307.25 1 1
codenerd/internal/core/virtual_store_python.go:307.25,308.31 1 1
codenerd/internal/core/virtual_store_python.go:308.31,310.5 1 1
codenerd/internal/core/virtual_store_python.go:315.2,321.34 2 1
codenerd/internal/core/virtual_store_python.go:321.34,326.3 1 1
codenerd/internal/core/virtual_store_python.go:327.2,327.34 1 1
codenerd/internal/core/virtual_store_python.go:327.34,332.3 1 1
codenerd/internal/core/virtual_store_python.go:334.2,346.8 1 1
codenerd/internal/core/virtual_store_python.go:351.111,352.34 1 1
codenerd/internal/core/virtual_store_python.go:352.34,354.3 1 1
codenerd/internal/core/virtual_store_python.go:356.2,359.37 3 1
codenerd/internal/core/virtual_store_python.go:359.37,364.3 1 1
codenerd/internal/core/virtual_store_python.go:366.2,382.8 3 1
codenerd/internal/core/virtual_store_python.go:387.109,388.34 1 1
codenerd/internal/core/virtual_store_python.go:388.34,390.3 1 1
codenerd/internal/core/virtual_store_python.go:392.2,393.22 2 1
codenerd/internal/core/virtual_store_python.go:393.22,398.3 1 1
codenerd/internal/core/virtual_store_python.go:401.2,402.61 2 1
codenerd/internal/core/virtual_store_python.go:402.61,403.24 1 1
codenerd/internal/core/virtual_store_python.go:403.24,404.31 1 1
codenerd/internal/core/virtual_store_python.go:404.31,406.5 1 1
codenerd/internal/core/virtual_store_python.go:410.2,424.8 3 1
codenerd/internal/core/virtual_store_python.go:429.109,430.34 1 1
codenerd/internal/core/virtual_store_python.go:430.34,432.3 1 1
codenerd/internal/core/virtual_store_python.go:434.2,437.22 3 1
codenerd/internal/core/virtual_store_python.go:437.22,442.3 1 1
codenerd/internal/core/virtual_store_python.go:444.2,444.24 1 1
codenerd/internal/core/virtual_store_python.go:444.24,446.3 1 1
codenerd/internal/core/virtual_store_python.go:448.2,462.8 3 1
codenerd/internal/core/virtual_store_python.go:467.108,468.34 1 1
codenerd/internal/core/virtual_store_python.go:468.34,470.3 1 1
codenerd/internal/core/virtual_store_python.go:472.2,475.44 3 1
codenerd/internal/core/virtual_store_python.go:475.44,480.3 1 1
codenerd/internal/core/virtual_store_python.go:482.2,497.8 3 1
codenerd/internal/core/virtual_store_python.go:502.109,503.34 1 1
codenerd/internal/core/virtual_store_python.go:503.34,505.3 1 1
codenerd/internal/core/virtual_store_python.go:507.2,511.22 4 1
codenerd/internal/core/virtual_store_python.go:511.22,516.3 1 1
codenerd/internal/core/virtual_store_python.go:518.2,518.21 1 1
codenerd/internal/core/virtual_store_python.go:518.21,520.3 1 1
codenerd/internal/core/virtual_store_python.go:522.2,540.8 3 1
codenerd/internal/core/virtual_store_python.go:545.109,546.34 1 1
codenerd/internal/core/virtual_store_python.go:546.34,548.3 1 1
codenerd/internal/core/virtual_store_python.go:550.2,551.22 2 1
codenerd/internal/core/virtual_store_python.go:551.22,556.3 1 1
codenerd/internal/core/virtual_store_python.go:558.2,572.8 3 1
codenerd/internal/core/virtual_store_workflows.go:20.105,21.34 1 1
codenerd/internal/core/virtual_store_workflows.go:21.34,23.3 1 1
codenerd/internal/core/virtual_store_workflows.go:25.2,29.19 3 1
codenerd/internal/core/virtual_store_workflows.go:29.19,31.3 1 1
codenerd/internal/core/virtual_store_workflows.go:34.2,37.17 3 1
codenerd/internal/core/virtual_store_workflows.go:38.14,39.69 1 1
codenerd/internal/core/virtual_store_workflows.go:40.15,41.70 1 1
codenerd/internal/core/virtual_store_workflows.go:42.10,43.35 1 1
codenerd/internal/core/virtual_store_workflows.go:46.2,47.16 2 1
codenerd/internal/core/virtual_store_workflows.go:47.16,56.3 1 1
codenerd/internal/core/virtual_store_workflows.go:57.2,72.8 2 1
codenerd/internal/core/virtual_store_workflows.go:76.109,77.34 1 1
codenerd/internal/core/virtual_store_workflows.go:77.34,79.3 1 1
codenerd/internal/core/virtual_store_workflows.go:81.2,86.24 3 1
codenerd/internal/core/virtual_store_workflows.go:86.24,88.3 1 1
codenerd/internal/core/virtual_store_workflows.go:90.2,97.8 1 1
codenerd/internal/core/virtual_store_workflows.go:101.106,102.34 1 1
codenerd/internal/core/virtual_store_workflows.go:102.34,104.3 1 1
codenerd/internal/core/virtual_store_workflows.go:106.2,119.8 4 1
codenerd/internal/core/virtual_store_workflows.go:123.107,124.34 1 1
codenerd/internal/core/virtual_store_workflows.go:124.34,126.3 1 1
codenerd/internal/core/virtual_store_workflows.go:128.2,139.8 3 1
codenerd/internal/core/virtual_store_workflows.go:143.101,144.34 1 1
codenerd/internal/core/virtual_store_workflows.go:144.34,146.3 1 1
codenerd/internal/core/virtual_store_workflows.go:148.2,157.8 4 1
codenerd/internal/core/virtual_store_workflows.go:160.62,165.19 2 1
codenerd/internal/core/virtual_store_workflows.go:165.19,170.3 1 1
codenerd/internal/core/virtual_store_workflows.go:171.2,171.14 1 1
codenerd/internal/core/virtual_store_workflows.go:175.106,176.34 1 1
codenerd/internal/core/virtual_store_workflows.go:176.34,178.3 1 1
codenerd/internal/core/virtual_store_workflows.go:180.2,198.8 4 1
codenerd/internal/core/virtual_store_workflows.go:202.103,203.34 1 1
codenerd/internal/core/virtual_store_workflows.go:203.34,205.3 1 1
codenerd/internal/core/virtual_store_workflows.go:207.2,217.8 3 1
codenerd/internal/core/virtual_store_workflows.go:222.112,223.34 1 1
codenerd/internal/core/virtual_store_workflows.go:223.34,225.3 1 1
codenerd/internal/core/virtual_store_workflows.go:227.2,231.14 4 1
codenerd/internal/core/virtual_store_workflows.go:231.14,233.3 1 1
codenerd/internal/core/virtual_store_workflows.go:235.2,236.16 2 1
codenerd/internal/core/virtual_store_workflows.go:236.16,238.3 1 1
codenerd/internal/core/virtual_store_workflows.go:240.2,245.26 5 1
codenerd/internal/core/virtual_store_workflows.go:245.26,246.22 1 1
codenerd/internal/core/virtual_store_workflows.go:246.22,247.12 1 0
codenerd/internal/core/virtual_store_workflows.go:249.3,251.50 3 1
codenerd/internal/core/virtual_store_workflows.go:251.50,252.12 1 1
codenerd/internal/core/virtual_store_workflows.go:254.3,258.14 2 1
codenerd/internal/core/virtual_store_workflows.go:261.2,262.23 2 1
codenerd/internal/core/virtual_store_workflows.go:262.23,264.3 1 1
codenerd/internal/core/virtual_store_workflows.go:265.2,265.20 1 1
codenerd/internal/core/virtual_store_workflows.go:265.20,267.24 2 1
codenerd/internal/core/virtual_store_workflows.go:267.24,269.4 1 1
codenerd/internal/core/virtual_store_workflows.go:272.2,276.8 1 1
codenerd/internal/core/virtual_store_workflows.go:284.105,285.34 1 1
codenerd/internal/core/virtual_store_workflows.go:285.34,287.3 1 1
codenerd/internal/core/virtual_store_workflows.go:289.2,293.22 4 1
codenerd/internal/core/virtual_store_workflows.go:293.22,301.3 1 1
codenerd/internal/core/virtual_store_workflows.go:303.2,310.21 7 1
codenerd/internal/core/virtual_store_workflows.go:310.21,312.3 1 0
codenerd/internal/core/virtual_store_workflows.go:313.2,313.19 1 1
codenerd/internal/core/virtual_store_workflows.go:313.19,315.3 1 0
codenerd/internal/core/virtual_store_workflows.go:317.2,323.14 3 1
codenerd/internal/core/virtual_store_workflows.go:323.14,331.3 1 1
codenerd/internal/core/virtual_store_workflows.go:333.2,346.8 2 1
codenerd/internal/core/virtual_store_workflows.go:350.108,351.34 1 1
codenerd/internal/core/virtual_store_workflows.go:351.34,353.3 1 1
codenerd/internal/core/virtual_store_workflows.go:355.2,367.8 3 1
codenerd/internal/core/virtual_store_workflows.go:371.110,372.34 1 1
codenerd/internal/core/virtual_store_workflows.go:372.34,374.3 1 1
codenerd/internal/core/virtual_store_workflows.go:376.2,386.8 3 1
codenerd/internal/core/virtual_store_workflows.go:390.109,391.34 1 1
codenerd/internal/core/virtual_store_workflows.go:391.34,393.3 1 1
codenerd/internal/core/virtual_store_workflows.go:395.2,411.67 6 1
codenerd/internal/core/virtual_store_workflows.go:415.110,416.34 1 1
codenerd/internal/core/virtual_store_workflows.go:416.34,418.3 1 1
codenerd/internal/core/virtual_store_workflows.go:420.2,426.25 5 1
codenerd/internal/core/virtual_store_workflows.go:426.25,428.3 1 1
codenerd/internal/core/virtual_store_workflows.go:430.2,430.76 1 1
codenerd/internal/core/virtual_store_workflows.go:430.76,438.3 1 1
codenerd/internal/core/virtual_store_workflows.go:440.2,450.8 2 1
codenerd/internal/core/virtual_store_workflows.go:454.103,455.34 1 1
codenerd/internal/core/virtual_store_workflows.go:455.34,457.3 1 1
codenerd/internal/core/virtual_store_workflows.go:459.2,471.8 4 1
codenerd/internal/core/virtual_store_workflows.go:479.108,480.34 1 1
codenerd/internal/core/virtual_store_workflows.go:480.34,482.3 1 1
codenerd/internal/core/virtual_store_workflows.go:484.2,500.8 4 1
codenerd/internal/core/virtual_store_workflows.go:504.111,507.2 1 1
codenerd/internal/core/virtual_store_workflows.go:510.111,513.2 1 1
codenerd/internal/core/virtual_store_workflows.go:516.110,517.34 1 1
codenerd/internal/core/virtual_store_workflows.go:517.34,519.3 1 1
codenerd/internal/core/virtual_store_workflows.go:522.2,523.16 2 1
codenerd/internal/core/virtual_store_workflows.go:523.16,525.3 1 0
codenerd/internal/core/virtual_store_workflows.go:527.2,527.20 1 1
codenerd/internal/core/virtual_store_workflows.go:527.20,532.3 1 1
codenerd/internal/core/virtual_store_workflows.go:534.2,534.20 1 1
codenerd/internal/core/virtual_store_workflows.go:538.108,541.2 1 1
codenerd/internal/core/virtual_store_workflows.go:544.109,547.2 1 1
codenerd/internal/core/virtual_store_workflows.go:550.107,551.34 1 1
codenerd/internal/core/virtual_store_workflows.go:551.34,553.3 1 1
codenerd/internal/core/virtual_store_workflows.go:555.2,567.8 4 1
codenerd/internal/core/virtual_store_workflows.go:571.109,572.34 1 1
codenerd/internal/core/virtual_store_workflows.go:572.34,574.3 1 1
codenerd/internal/core/virtual_store_workflows.go:576.2,582.19 4 1
codenerd/internal/core/virtual_store_workflows.go:582.19,585.3 2 1
codenerd/internal/core/virtual_store_workflows.go:587.2,594.8 1 1
codenerd/internal/core/virtual_store_workflows.go:598.109,599.34 1 1
codenerd/internal/core/virtual_store_workflows.go:599.34,601.3 1 1
codenerd/internal/core/virtual_store_workflows.go:603.2,615.8 4 1
codenerd/internal/core/virtual_store_workflows.go:619.110,620.34 1 1
codenerd/internal/core/virtual_store_workflows.go:620.34,622.3 1 1
codenerd/internal/core/virtual_store_workflows.go:624.2,636.8 4 1
codenerd/internal/core/virtual_store_workflows.go:640.109,641.34 1 1
codenerd/internal/core/virtual_store_workflows.go:641.34,643.3 1 1
codenerd/internal/core/virtual_store_workflows.go:645.2,657.8 4 1
codenerd/internal/core/virtual_store_workflows.go:661.112,662.34 1 1
codenerd/internal/core/virtual_store_workflows.go:662.34,664.3 1 1
codenerd/internal/core/virtual_store_workflows.go:666.2,677.8 3 1
codenerd/internal/core/virtual_store_workflows.go:681.108,682.34 1 1
codenerd/internal/core/virtual_store_workflows.go:682.34,684.3 1 1
codenerd/internal/core/virtual_store_workflows.go:686.2,697.8 3 1
codenerd/internal/core/virtual_store_workflows.go:701.108,702.34 1 1
codenerd/internal/core/virtual_store_workflows.go:702.34,704.3 1 1
codenerd/internal/core/virtual_store_workflows.go:706.2,716.8 3 1
codenerd/internal/core/virtual_store_workflows.go:720.111,721.34 1 1
codenerd/internal/core/virtual_store_workflows.go:721.34,723.3 1 1
codenerd/internal/core/virtual_store_workflows.go:725.2,735.8 3 1
codenerd/internal/core/virtual_store_workflows.go:739.113,740.34 1 1
codenerd/internal/core/virtual_store_workflows.go:740.34,742.3 1 1
codenerd/internal/core/virtual_store_workflows.go:744.2,754.8 3 1
codenerd/internal/core/virtual_store_workflows.go:758.113,759.34 1 1
codenerd/internal/core/virtual_store_workflows.go:759.34,761.3 1 1
codenerd/internal/core/virtual_store_workflows.go:763.2,775.8 4 1
codenerd/internal/core/virtual_store_workflows.go:779.111,780.34 1 1
codenerd/internal/core/virtual_store_workflows.go:780.34,782.3 1 1
codenerd/internal/core/virtual_store_workflows.go:784.2,795.8 4 1
codenerd/internal/core/virtual_store_workflows.go:799.107,800.34 1 1
codenerd/internal/core/virtual_store_workflows.go:800.34,802.3 1 1
codenerd/internal/core/virtual_store_workflows.go:804.2,816.8 4 1
codenerd/internal/core/virtual_store_workflows.go:824.108,825.34 1 1
codenerd/internal/core/virtual_store_workflows.go:825.34,827.3 1 1
codenerd/internal/core/virtual_store_workflows.go:829.2,831.22 3 1
codenerd/internal/core/virtual_store_workflows.go:831.22,833.3 1 1
codenerd/internal/core/virtual_store_workflows.go:835.2,844.8 2 1
codenerd/internal/core/virtual_store_workflows.go:848.110,849.34 1 1
codenerd/internal/core/virtual_store_workflows.go:849.34,851.3 1 1
codenerd/internal/core/virtual_store_workflows.go:853.2,862.8 2 1
codenerd/internal/core/virtual_store_workflows.go:866.109,867.34 1 1
codenerd/internal/core/virtual_store_workflows.go:867.34,869.3 1 1
codenerd/internal/core/virtual_store_workflows.go:871.2,872.26 2 1
codenerd/internal/core/virtual_store_workflows.go:872.26,874.3 1 1
codenerd/internal/core/virtual_store_workflows.go:876.2,888.8 2 1
codenerd/internal/core/virtual_store_workflows.go:896.111,897.34 1 1
codenerd/internal/core/virtual_store_workflows.go:897.34,899.3 1 1
codenerd/internal/core/virtual_store_workflows.go:901.2,903.20 3 1
codenerd/internal/core/virtual_store_workflows.go:903.20,905.3 1 1
codenerd/internal/core/virtual_store_workflows.go:907.2,916.8 2 1
codenerd/internal/core/virtual_store_workflows.go:920.112,921.34 1 1
codenerd/internal/core/virtual_store_workflows.go:921.34,923.3 1 1
codenerd/internal/core/virtual_store_workflows.go:925.2,936.8 3 1
codenerd/internal/core/virtual_store_workflows.go:940.109,941.34 1 1
codenerd/internal/core/virtual_store_workflows.go:941.34,943.3 1 1
codenerd/internal/core/virtual_store_workflows.go:945.2,956.8 4 1
codenerd/internal/core/virtual_store_workflows.go:964.111,965.34 1 1
codenerd/internal/core/virtual_store_workflows.go:965.34,967.3 1 1
codenerd/internal/core/virtual_store_workflows.go:969.2,977.20 5 1
codenerd/internal/core/virtual_store_workflows.go:977.20,979.3 1 1
codenerd/internal/core/virtual_store_workflows.go:981.2,988.8 1 1
codenerd/internal/core/virtual_store_workflows.go:992.107,993.34 1 1
codenerd/internal/core/virtual_store_workflows.go:993.34,995.3 1 1
codenerd/internal/core/virtual_store_workflows.go:997.2,1008.8 3 1
codenerd/internal/core/virtual_store_workflows.go:1012.112,1013.34 1 1
codenerd/internal/core/virtual_store_workflows.go:1013.34,1015.3 1 1
codenerd/internal/core/virtual_store_workflows.go:1017.2,1028.8 3 1
