2026/05/19 15:33:39.488628 [INFO] Initializing VirtualStore with workingDir=C:\CodeProjects\codeNERD
2026/05/19 15:33:39.488628 [DEBUG] Config: allowedEnvVars=[PATH HOME GOPATH GOROOT], allowedBinaries=22
2026/05/19 15:33:39.488628 [DEBUG] Initializing modern executor with audit logging
2026/05/19 15:33:44.497571 [DEBUG] Modern executor initialized, audit logging enabled
2026/05/19 15:33:44.497571 [DEBUG] Initializing post-action validator registry
2026/05/19 15:33:44.497571 [DEBUG] Validator registry initialized with 13 validators
2026/05/19 15:33:44.497571 [INFO] VirtualStore initialized successfully
2026/05/19 15:33:44.498079 [DEBUG] NewVirtualStoreWithConfig completed in 5.0100276s
2026/05/19 15:33:44.498079 [INFO] Kernel attached to VirtualStore
2026/05/19 15:33:44.498079 [INFO] Permission cache built: 93 safe_action entries
2026/05/19 15:33:44.498079 [DEBUG] Tool registry kernel reference updated
2026/05/19 15:33:44.498079 [INFO] Boot guard disabled: action routing now enabled
2026/05/19 15:33:44.498079 [DEBUG] LocalDB (knowledge.db) attached for memory store queries
2026/05/19 15:33:44.498079 [DEBUG] LearningStore attached for autopoiesis persistence
2026/05/19 15:33:44.498079 [INFO] Hydrating modular tools
2026/05/19 15:33:44.499135 [INFO] Modular tools hydrated: 35 tools in registry, 35 tools in global
2026/05/19 15:33:44.499135 [DEBUG] HydrateModularTools completed in 1.0564ms
2026/05/19 15:33:44.499663 [DEBUG] CodeScope attached for Code DOM operations
2026/05/19 15:33:44.499663 [DEBUG] FileEditor attached for line-based file operations
2026/05/19 15:33:44.499663 [DEBUG] ShardManager attached to VirtualStore
2026/05/19 15:33:44.570930 [DEBUG] Built 10 external predicate callbacks
2026/05/19 15:33:45.853471 [DEBUG] ToolGenerator attached for Ouroboros tool generation
2026/05/19 15:33:45.996805 [DEBUG] TaskDelegator attached to VirtualStore
2026/05/19 15:33:46.006669 [DEBUG] ToolExecutor attached for Ouroboros tool execution
2026/05/19 15:33:46.006669 [DEBUG] ToolGenerator attached for Ouroboros tool generation
2026/05/19 15:33:46.014912 [DEBUG] Built 10 external predicate callbacks
2026/05/19 15:33:47.318380 [DEBUG] Built 10 external predicate callbacks
2026/05/19 15:33:48.616283 [DEBUG] Built 10 external predicate callbacks
2026/05/19 15:33:50.054927 [DEBUG] Built 10 external predicate callbacks
2026/05/19 15:33:51.413792 [DEBUG] Built 10 external predicate callbacks
2026/05/19 15:33:52.741058 [DEBUG] Built 10 external predicate callbacks
2026/05/19 15:33:54.066609 [DEBUG] Built 10 external predicate callbacks
2026/05/19 15:33:55.361442 [DEBUG] Built 10 external predicate callbacks
2026/05/19 15:33:56.621802 [DEBUG] Built 10 external predicate callbacks
2026/05/19 15:33:57.871242 [DEBUG] Built 10 external predicate callbacks
2026/05/19 15:33:59.192759 [DEBUG] Built 10 external predicate callbacks
2026/05/19 15:34:00.474366 [DEBUG] Built 10 external predicate callbacks
2026/05/19 15:34:01.774783 [DEBUG] Built 10 external predicate callbacks
2026/05/19 15:34:03.074958 [DEBUG] Built 10 external predicate callbacks
2026/05/19 15:34:04.428062 [DEBUG] Built 10 external predicate callbacks
2026/05/19 15:34:05.734086 [DEBUG] Built 10 external predicate callbacks
2026/05/19 15:34:07.020779 [DEBUG] Built 10 external predicate callbacks
2026/05/19 15:34:08.344037 [DEBUG] Built 10 external predicate callbacks
2026/05/19 15:34:09.607065 [DEBUG] Built 10 external predicate callbacks
2026/05/19 15:34:10.889241 [DEBUG] Built 10 external predicate callbacks
2026/05/19 15:34:10.905773 [INFO] Hydrating modular tools
2026/05/19 15:34:10.905773 [ERROR] Failed to register core tools: tool already registered: read_file
2026/05/19 15:34:10.905773 [DEBUG] HydrateModularTools completed in 0s
2026/05/19 15:34:10.906773 [INFO] Hydrating 6 static tool definitions
2026/05/19 15:34:12.138735 [DEBUG] Built 10 external predicate callbacks
2026/05/19 15:34:13.409987 [DEBUG] Built 10 external predicate callbacks
2026/05/19 15:34:14.686748 [DEBUG] Built 10 external predicate callbacks
2026/05/19 15:34:15.957980 [DEBUG] Built 10 external predicate callbacks
2026/05/19 15:34:17.214439 [DEBUG] Static tools hydrated successfully
2026/05/19 15:34:17.214946 [DEBUG] HydrateStaticTools completed in 6.3081736s
2026/05/19 15:34:17.214946 [INFO] Hydrating tools from disk: C:\CodeProjects\codeNERD\.nerd
2026/05/19 15:34:17.216954 [DEBUG] Built 10 external predicate callbacks
2026/05/19 15:34:18.490181 [DEBUG] Built 10 external predicate callbacks
2026/05/19 15:34:19.844948 [DEBUG] Built 10 external predicate callbacks
2026/05/19 15:34:21.128280 [DEBUG] Tools restored from compiled directory
2026/05/19 15:34:21.130790 [DEBUG] Built 10 external predicate callbacks
2026/05/19 15:34:22.420356 [DEBUG] Tools synced from Ouroboros executor
2026/05/19 15:34:22.420356 [DEBUG] HydrateToolsFromDisk completed in 5.20541s
2026/05/19 15:34:22.427688 [DEBUG] Built 10 external predicate callbacks
2026/05/19 15:34:23.700400 [DEBUG] Built 10 external predicate callbacks
2026/05/19 15:34:24.972396 [DEBUG] Built 10 external predicate callbacks
2026/05/19 15:34:26.246025 [DEBUG] Built 10 external predicate callbacks
2026/05/19 15:34:27.498251 [DEBUG] Built 10 external predicate callbacks
2026/05/19 15:34:28.799739 [DEBUG] Built 10 external predicate callbacks
2026/05/19 15:34:30.085800 [DEBUG] Built 10 external predicate callbacks
2026/05/19 15:34:31.380514 [DEBUG] Built 10 external predicate callbacks
2026/05/19 15:34:32.673598 [DEBUG] Built 10 external predicate callbacks
2026/05/19 15:34:34.052469 [DEBUG] Built 10 external predicate callbacks
2026/05/19 15:34:35.392209 [DEBUG] Built 10 external predicate callbacks
2026/05/19 15:34:36.690460 [DEBUG] Built 10 external predicate callbacks
2026/05/19 15:34:38.088485 [DEBUG] Built 10 external predicate callbacks
2026/05/19 15:34:39.370336 [DEBUG] Built 10 external predicate callbacks
2026/05/19 15:34:40.677209 [DEBUG] Built 10 external predicate callbacks
2026/05/19 15:34:41.948042 [DEBUG] Built 10 external predicate callbacks
2026/05/19 15:34:43.226758 [DEBUG] Built 10 external predicate callbacks
2026/05/19 15:34:44.528427 [DEBUG] Built 10 external predicate callbacks
2026/05/19 15:34:45.839351 [DEBUG] PersistFactsToKnowledge: 233 facts, type=fact, priority=5
2026/05/19 15:34:45.842552 [DEBUG] Built 10 external predicate callbacks
2026/05/19 15:34:45.881187 [DEBUG] PersistFactsToKnowledge: persisted 233 facts
2026/05/19 15:34:45.881187 [DEBUG] PersistLink: struct:ProviderConfig -[defined_in]-> C:\CodeProjects\codeNERD\internal\perception\client_factory.go (weight=1.00)
2026/05/19 15:34:45.881721 [DEBUG] PersistLink: func:DefaultConfigPath -[defined_in]-> C:\CodeProjects\codeNERD\internal\perception\client_factory.go (weight=1.00)
2026/05/19 15:34:45.881721 [DEBUG] PersistLink: func:LoadConfigJSON -[defined_in]-> C:\CodeProjects\codeNERD\internal\perception\client_factory.go (weight=1.00)
2026/05/19 15:34:45.882244 [DEBUG] PersistLink: func:DetectProvider -[defined_in]-> C:\CodeProjects\codeNERD\internal\perception\client_factory.go (weight=1.00)
2026/05/19 15:34:45.882244 [DEBUG] PersistLink: func:NewClientFromEnv -[defined_in]-> C:\CodeProjects\codeNERD\internal\perception\client_factory.go (weight=1.00)
2026/05/19 15:34:45.882768 [DEBUG] PersistLink: func:NewClassificationClientFromConfig -[defined_in]-> C:\CodeProjects\codeNERD\internal\perception\client_factory.go (weight=1.00)
2026/05/19 15:34:45.882768 [DEBUG] PersistLink: func:NewClientFromConfig -[defined_in]-> C:\CodeProjects\codeNERD\internal\perception\client_factory.go (weight=1.00)
2026/05/19 15:34:45.882768 [DEBUG] PersistLink: struct:GeminiClient -[defined_in]-> C:\CodeProjects\codeNERD\internal\perception\client_gemini.go (weight=1.00)
2026/05/19 15:34:45.883816 [DEBUG] PersistLink: struct:geminiToolCall -[defined_in]-> C:\CodeProjects\codeNERD\internal\perception\client_gemini.go (weight=1.00)
2026/05/19 15:34:45.884353 [DEBUG] PersistLink: func:DefaultGeminiConfig -[defined_in]-> C:\CodeProjects\codeNERD\internal\perception\client_gemini.go (weight=1.00)
2026/05/19 15:34:45.884353 [DEBUG] PersistLink: func:NewGeminiClient -[defined_in]-> C:\CodeProjects\codeNERD\internal\perception\client_gemini.go (weight=1.00)
2026/05/19 15:34:45.893075 [DEBUG] PersistLink: func:NewGeminiClientWithConfig -[defined_in]-> C:\CodeProjects\codeNERD\internal\perception\client_gemini.go (weight=1.00)
2026/05/19 15:34:45.893075 [DEBUG] PersistLink: func:isGemini3Model -[defined_in]-> C:\CodeProjects\codeNERD\internal\perception\client_gemini.go (weight=1.00)
2026/05/19 15:34:45.894586 [DEBUG] PersistLink: func:defaultMaxOutputTokensForModel -[defined_in]-> C:\CodeProjects\codeNERD\internal\perception\client_gemini.go (weight=1.00)
2026/05/19 15:34:45.894586 [DEBUG] PersistLink: method:(c *GeminiClient).buildThinkingConfig -[defined_in]-> C:\CodeProjects\codeNERD\internal\perception\client_gemini.go (weight=1.00)
2026/05/19 15:34:45.895591 [DEBUG] PersistLink: method:(c *GeminiClient).captureThoughtSignature -[defined_in]-> C:\CodeProjects\codeNERD\internal\perception\client_gemini.go (weight=1.00)
2026/05/19 15:34:45.895591 [DEBUG] PersistLink: method:(c *GeminiClient).extractToolCalls -[defined_in]-> C:\CodeProjects\codeNERD\internal\perception\client_gemini.go (weight=1.00)
2026/05/19 15:34:45.896095 [DEBUG] PersistLink: method:(c *GeminiClient).buildBuiltInTools -[defined_in]-> C:\CodeProjects\codeNERD\internal\perception\client_gemini.go (weight=1.00)
2026/05/19 15:34:45.896095 [DEBUG] PersistLink: method:(c *GeminiClient).SetURLContextURLs -[defined_in]-> C:\CodeProjects\codeNERD\internal\perception\client_gemini.go (weight=1.00)
2026/05/19 15:34:45.896095 [DEBUG] PersistLink: method:(c *GeminiClient).SetEnableGoogleSearch -[defined_in]-> C:\CodeProjects\codeNERD\internal\perception\client_gemini.go (weight=1.00)
2026/05/19 15:34:45.896599 [DEBUG] PersistLink: method:(c *GeminiClient).SetEnableURLContext -[defined_in]-> C:\CodeProjects\codeNERD\internal\perception\client_gemini.go (weight=1.00)
2026/05/19 15:34:45.896599 [DEBUG] PersistLink: method:(c *GeminiClient).IsGoogleSearchEnabled -[defined_in]-> C:\CodeProjects\codeNERD\internal\perception\client_gemini.go (weight=1.00)
2026/05/19 15:34:45.897109 [DEBUG] PersistLink: method:(c *GeminiClient).IsURLContextEnabled -[defined_in]-> C:\CodeProjects\codeNERD\internal\perception\client_gemini.go (weight=1.00)
2026/05/19 15:34:45.897109 [DEBUG] PersistLink: method:(c *GeminiClient).GetLastGroundingSources -[defined_in]-> C:\CodeProjects\codeNERD\internal\perception\client_gemini.go (weight=1.00)
2026/05/19 15:34:45.897640 [DEBUG] PersistLink: method:(c *GeminiClient).ShouldUsePiggybackTools -[defined_in]-> C:\CodeProjects\codeNERD\internal\perception\client_gemini.go (weight=1.00)
2026/05/19 15:34:45.898160 [DEBUG] PersistLink: method:(c *GeminiClient).GetLastThoughtSignature -[defined_in]-> C:\CodeProjects\codeNERD\internal\perception\client_gemini.go (weight=1.00)
2026/05/19 15:34:45.898160 [DEBUG] PersistLink: method:(c *GeminiClient).GetLastThoughtSummary -[defined_in]-> C:\CodeProjects\codeNERD\internal\perception\client_gemini.go (weight=1.00)
2026/05/19 15:34:45.898725 [DEBUG] PersistLink: method:(c *GeminiClient).GetLastThinkingTokens -[defined_in]-> C:\CodeProjects\codeNERD\internal\perception\client_gemini.go (weight=1.00)
2026/05/19 15:34:45.898725 [DEBUG] PersistLink: method:(c *GeminiClient).IsThinkingEnabled -[defined_in]-> C:\CodeProjects\codeNERD\internal\perception\client_gemini.go (weight=1.00)
2026/05/19 15:34:45.898725 [DEBUG] PersistLink: method:(c *GeminiClient).GetThinkingLevel -[defined_in]-> C:\CodeProjects\codeNERD\internal\perception\client_gemini.go (weight=1.00)
2026/05/19 15:34:45.899238 [DEBUG] PersistLink: method:(c *GeminiClient).SetCachedContent -[defined_in]-> C:\CodeProjects\codeNERD\internal\perception\client_gemini.go (weight=1.00)
2026/05/19 15:34:45.899238 [DEBUG] PersistLink: method:(c *GeminiClient).rateLimit -[defined_in]-> C:\CodeProjects\codeNERD\internal\perception\client_gemini.go (weight=1.00)
2026/05/19 15:34:45.899238 [DEBUG] PersistLink: func:extractResponseText -[defined_in]-> C:\CodeProjects\codeNERD\internal\perception\client_gemini.go (weight=1.00)
2026/05/19 15:34:45.899759 [DEBUG] PersistLink: method:(c *GeminiClient).captureGroundingSources -[defined_in]-> C:\CodeProjects\codeNERD\internal\perception\client_gemini.go (weight=1.00)
2026/05/19 15:34:45.899759 [DEBUG] PersistLink: method:(c *GeminiClient).Complete -[defined_in]-> C:\CodeProjects\codeNERD\internal\perception\client_gemini.go (weight=1.00)
2026/05/19 15:34:45.900274 [DEBUG] PersistLink: method:(c *GeminiClient).CompleteWithSystem -[defined_in]-> C:\CodeProjects\codeNERD\internal\perception\client_gemini.go (weight=1.00)
2026/05/19 15:34:45.900274 [DEBUG] PersistLink: func:schemaMaxDepth -[defined_in]-> C:\CodeProjects\codeNERD\internal\perception\client_gemini.go (weight=1.00)
2026/05/19 15:34:45.900274 [DEBUG] PersistLink: func:shallowSchema -[defined_in]-> C:\CodeProjects\codeNERD\internal\perception\client_gemini.go (weight=1.00)
2026/05/19 15:34:45.900274 [DEBUG] PersistLink: func:shallowSchemaProperty -[defined_in]-> C:\CodeProjects\codeNERD\internal\perception\client_gemini.go (weight=1.00)
2026/05/19 15:34:45.900793 [DEBUG] PersistLink: method:(c *GeminiClient).SchemaCapable -[defined_in]-> C:\CodeProjects\codeNERD\internal\perception\client_gemini.go (weight=1.00)
2026/05/19 15:34:45.900793 [DEBUG] PersistLink: method:(c *GeminiClient).CompleteWithSchema -[defined_in]-> C:\CodeProjects\codeNERD\internal\perception\client_gemini.go (weight=1.00)
2026/05/19 15:34:45.900793 [DEBUG] PersistLink: method:(c *GeminiClient).CompleteWithStreaming -[defined_in]-> C:\CodeProjects\codeNERD\internal\perception\client_gemini.go (weight=1.00)
2026/05/19 15:34:45.900793 [DEBUG] PersistLink: method:(c *GeminiClient).SetModel -[defined_in]-> C:\CodeProjects\codeNERD\internal\perception\client_gemini.go (weight=1.00)
2026/05/19 15:34:45.901324 [DEBUG] PersistLink: method:(c *GeminiClient).GetModel -[defined_in]-> C:\CodeProjects\codeNERD\internal\perception\client_gemini.go (weight=1.00)
2026/05/19 15:34:45.901324 [DEBUG] PersistLink: method:(c *GeminiClient).CompleteWithTools -[defined_in]-> C:\CodeProjects\codeNERD\internal\perception\client_gemini.go (weight=1.00)
2026/05/19 15:34:45.901858 [DEBUG] PersistLink: method:(c *GeminiClient).CompleteWithToolResults -[defined_in]-> C:\CodeProjects\codeNERD\internal\perception\client_gemini.go (weight=1.00)
2026/05/19 15:34:47.085925 [DEBUG] Built 10 external predicate callbacks
2026/05/19 15:34:48.345656 [DEBUG] Built 10 external predicate callbacks
2026/05/19 15:34:49.648699 [DEBUG] Built 10 external predicate callbacks
2026/05/19 15:34:50.951515 [DEBUG] Built 10 external predicate callbacks
2026/05/19 15:34:52.199745 [DEBUG] Built 10 external predicate callbacks
2026/05/19 15:34:53.454644 [DEBUG] Built 10 external predicate callbacks
2026/05/19 15:34:54.836678 [DEBUG] Built 10 external predicate callbacks
2026/05/19 15:34:56.244090 [DEBUG] Built 10 external predicate callbacks
2026/05/19 15:34:57.652216 [DEBUG] Built 10 external predicate callbacks
2026/05/19 15:34:59.057844 [DEBUG] Built 10 external predicate callbacks
2026/05/19 15:35:00.511894 [DEBUG] Built 10 external predicate callbacks
2026/05/19 15:35:02.079240 [DEBUG] Built 10 external predicate callbacks
2026/05/19 15:35:03.535212 [DEBUG] Built 10 external predicate callbacks
2026/05/19 15:35:05.041805 [DEBUG] Built 10 external predicate callbacks
2026/05/19 15:35:06.457834 [DEBUG] Built 10 external predicate callbacks
2026/05/19 15:35:07.956899 [DEBUG] Built 10 external predicate callbacks
2026/05/19 15:35:09.363995 [DEBUG] Built 10 external predicate callbacks
2026/05/19 15:35:10.840835 [DEBUG] Built 10 external predicate callbacks
2026/05/19 15:35:12.165123 [DEBUG] Built 10 external predicate callbacks
2026/05/19 15:35:13.609994 [DEBUG] Built 10 external predicate callbacks
2026/05/19 15:35:15.006187 [DEBUG] Built 10 external predicate callbacks
2026/05/19 15:35:16.242727 [DEBUG] Built 10 external predicate callbacks
2026/05/19 15:35:17.457615 [DEBUG] Built 10 external predicate callbacks
2026/05/19 15:35:18.725574 [DEBUG] Built 10 external predicate callbacks
2026/05/19 15:35:20.026047 [DEBUG] Built 10 external predicate callbacks
2026/05/19 15:35:21.301162 [DEBUG] Built 10 external predicate callbacks
2026/05/19 15:35:22.525144 [DEBUG] Built 10 external predicate callbacks
2026/05/19 15:35:23.779052 [DEBUG] Built 10 external predicate callbacks
2026/05/19 15:35:25.024336 [DEBUG] Built 10 external predicate callbacks
2026/05/19 15:35:26.256916 [DEBUG] Built 10 external predicate callbacks
2026/05/19 15:35:27.496717 [DEBUG] Built 10 external predicate callbacks
2026/05/19 15:35:28.780248 [DEBUG] Built 10 external predicate callbacks
2026/05/19 15:35:30.067107 [DEBUG] Built 10 external predicate callbacks
2026/05/19 15:35:31.386011 [DEBUG] Built 10 external predicate callbacks
2026/05/19 15:35:32.717842 [DEBUG] Built 10 external predicate callbacks
2026/05/19 15:35:34.084478 [DEBUG] Built 10 external predicate callbacks
2026/05/19 15:35:35.367128 [DEBUG] Built 10 external predicate callbacks
2026/05/19 15:35:36.610677 [DEBUG] Built 10 external predicate callbacks
2026/05/19 15:35:37.942662 [DEBUG] Built 10 external predicate callbacks
2026/05/19 15:35:39.251922 [DEBUG] Built 10 external predicate callbacks
2026/05/19 15:35:40.479501 [DEBUG] Built 10 external predicate callbacks
2026/05/19 15:35:41.774732 [DEBUG] Built 10 external predicate callbacks
2026/05/19 15:35:43.034141 [DEBUG] Built 10 external predicate callbacks
2026/05/19 15:35:44.294958 [DEBUG] Built 10 external predicate callbacks
2026/05/19 15:35:45.552277 [DEBUG] Built 10 external predicate callbacks
2026/05/19 15:35:46.832623 [DEBUG] Built 10 external predicate callbacks
2026/05/19 15:35:48.139512 [DEBUG] Built 10 external predicate callbacks
2026/05/19 15:35:49.430278 [DEBUG] Built 10 external predicate callbacks
2026/05/19 15:35:50.712782 [DEBUG] Built 10 external predicate callbacks
2026/05/19 15:35:51.967730 [DEBUG] Built 10 external predicate callbacks
2026/05/19 15:35:53.213319 [DEBUG] Built 10 external predicate callbacks
2026/05/19 15:35:54.448248 [DEBUG] Built 10 external predicate callbacks
2026/05/19 15:35:55.669172 [DEBUG] Built 10 external predicate callbacks
2026/05/19 15:35:56.963583 [DEBUG] Built 10 external predicate callbacks
2026/05/19 15:35:58.200735 [DEBUG] Built 10 external predicate callbacks
2026/05/19 15:35:59.460799 [DEBUG] Built 10 external predicate callbacks
2026/05/19 15:36:00.727420 [DEBUG] Built 10 external predicate callbacks
2026/05/19 15:36:01.996813 [DEBUG] Built 10 external predicate callbacks
2026/05/19 15:36:03.335846 [DEBUG] Built 10 external predicate callbacks
2026/05/19 15:36:04.695473 [DEBUG] Built 10 external predicate callbacks
2026/05/19 15:36:05.974999 [DEBUG] Built 10 external predicate callbacks
2026/05/19 15:36:07.235101 [DEBUG] Built 10 external predicate callbacks
2026/05/19 15:36:08.482607 [DEBUG] Built 10 external predicate callbacks
2026/05/19 15:36:09.741095 [DEBUG] Built 10 external predicate callbacks
2026/05/19 15:36:11.024451 [DEBUG] Built 10 external predicate callbacks
2026/05/19 15:36:12.343915 [DEBUG] Built 10 external predicate callbacks
2026/05/19 15:36:13.646286 [DEBUG] Built 10 external predicate callbacks
2026/05/19 15:36:14.902682 [DEBUG] Built 10 external predicate callbacks
2026/05/19 15:36:16.137437 [DEBUG] Built 10 external predicate callbacks
2026/05/19 15:36:17.340874 [DEBUG] Built 10 external predicate callbacks
2026/05/19 15:36:18.615413 [DEBUG] Built 10 external predicate callbacks
2026/05/19 15:36:19.940422 [DEBUG] Built 10 external predicate callbacks
2026/05/19 15:36:21.236271 [DEBUG] Built 10 external predicate callbacks
2026/05/19 15:36:22.480044 [DEBUG] Built 10 external predicate callbacks
2026/05/19 15:36:23.707406 [DEBUG] Built 10 external predicate callbacks
2026/05/19 15:36:24.956738 [DEBUG] Built 10 external predicate callbacks
2026/05/19 15:36:26.207388 [DEBUG] Built 10 external predicate callbacks
2026/05/19 15:36:27.450395 [DEBUG] Built 10 external predicate callbacks
2026/05/19 15:36:28.687062 [DEBUG] Built 10 external predicate callbacks
2026/05/19 15:36:29.959204 [DEBUG] Built 10 external predicate callbacks
2026/05/19 15:36:31.265755 [DEBUG] Built 10 external predicate callbacks
2026/05/19 15:36:32.526930 [DEBUG] Built 10 external predicate callbacks
2026/05/19 15:36:33.868900 [DEBUG] Built 10 external predicate callbacks
2026/05/19 15:36:35.236905 [DEBUG] Built 10 external predicate callbacks
2026/05/19 15:36:36.649095 [DEBUG] Built 10 external predicate callbacks
2026/05/19 15:36:38.456145 [DEBUG] Built 10 external predicate callbacks
2026/05/19 15:36:39.957362 [DEBUG] Built 10 external predicate callbacks
2026/05/19 15:36:41.417415 [DEBUG] Built 10 external predicate callbacks
2026/05/19 15:36:42.890239 [DEBUG] Built 10 external predicate callbacks
2026/05/19 15:36:44.541004 [DEBUG] Built 10 external predicate callbacks
2026/05/19 15:36:46.084698 [DEBUG] Built 10 external predicate callbacks
2026/05/19 15:36:47.572266 [DEBUG] Built 10 external predicate callbacks
2026/05/19 15:36:49.121405 [DEBUG] Built 10 external predicate callbacks
2026/05/19 15:36:50.643912 [DEBUG] Built 10 external predicate callbacks
2026/05/19 15:36:52.115910 [DEBUG] Built 10 external predicate callbacks
2026/05/19 15:36:53.705745 [DEBUG] Built 10 external predicate callbacks
2026/05/19 15:36:55.344316 [DEBUG] Built 10 external predicate callbacks
2026/05/19 15:36:56.992321 [DEBUG] Built 10 external predicate callbacks
2026/05/19 15:36:58.581818 [DEBUG] Built 10 external predicate callbacks
2026/05/19 15:37:00.125036 [DEBUG] Built 10 external predicate callbacks
2026/05/19 15:37:01.747648 [DEBUG] Built 10 external predicate callbacks
2026/05/19 15:37:03.444087 [DEBUG] Built 10 external predicate callbacks
2026/05/19 15:37:05.187713 [DEBUG] Built 10 external predicate callbacks
2026/05/19 15:37:06.761025 [DEBUG] Built 10 external predicate callbacks
2026/05/19 15:37:08.462871 [DEBUG] Built 10 external predicate callbacks
2026/05/19 15:37:10.040684 [DEBUG] Built 10 external predicate callbacks
2026/05/19 15:37:11.634939 [DEBUG] Built 10 external predicate callbacks
2026/05/19 15:37:13.359671 [DEBUG] Built 10 external predicate callbacks
2026/05/19 15:37:15.107829 [DEBUG] Built 10 external predicate callbacks
2026/05/19 15:37:16.690569 [DEBUG] Built 10 external predicate callbacks
2026/05/19 15:37:18.305375 [DEBUG] Built 10 external predicate callbacks
2026/05/19 15:37:19.925408 [DEBUG] Built 10 external predicate callbacks
2026/05/19 15:37:21.533966 [DEBUG] Built 10 external predicate callbacks
2026/05/19 15:37:23.136532 [DEBUG] Built 10 external predicate callbacks
2026/05/19 15:37:24.716368 [DEBUG] Built 10 external predicate callbacks
2026/05/19 15:37:26.385403 [DEBUG] Built 10 external predicate callbacks
2026/05/19 15:37:27.994860 [DEBUG] Built 10 external predicate callbacks
2026/05/19 15:37:29.555255 [DEBUG] Built 10 external predicate callbacks
2026/05/19 15:37:31.110456 [DEBUG] Built 10 external predicate callbacks
2026/05/19 15:37:32.753150 [DEBUG] Built 10 external predicate callbacks
2026/05/19 15:37:34.408709 [DEBUG] Built 10 external predicate callbacks
2026/05/19 15:37:36.035425 [DEBUG] Built 10 external predicate callbacks
2026/05/19 15:37:37.690794 [DEBUG] Built 10 external predicate callbacks
2026/05/19 15:37:39.275091 [DEBUG] Built 10 external predicate callbacks
2026/05/19 15:37:40.868054 [DEBUG] Built 10 external predicate callbacks
2026/05/19 15:37:42.436432 [DEBUG] Built 10 external predicate callbacks
2026/05/19 15:37:44.150654 [DEBUG] Built 10 external predicate callbacks
2026/05/19 15:37:45.754705 [DEBUG] Built 10 external predicate callbacks
2026/05/19 15:37:47.299471 [DEBUG] Built 10 external predicate callbacks
2026/05/19 15:37:48.922869 [DEBUG] Built 10 external predicate callbacks
2026/05/19 15:37:50.533148 [DEBUG] Built 10 external predicate callbacks
2026/05/19 15:37:52.157070 [DEBUG] Built 10 external predicate callbacks
2026/05/19 15:37:53.720865 [DEBUG] Built 10 external predicate callbacks
2026/05/19 15:37:55.268528 [DEBUG] Built 10 external predicate callbacks
2026/05/19 15:37:56.918571 [DEBUG] Built 10 external predicate callbacks
2026/05/19 15:37:58.444520 [DEBUG] Built 10 external predicate callbacks
2026/05/19 15:37:59.950247 [DEBUG] Built 10 external predicate callbacks
2026/05/19 15:38:01.351504 [DEBUG] Built 10 external predicate callbacks
2026/05/19 15:38:02.746512 [DEBUG] Built 10 external predicate callbacks
2026/05/19 15:38:04.202235 [DEBUG] Built 10 external predicate callbacks
2026/05/19 15:38:05.655945 [DEBUG] Built 10 external predicate callbacks
2026/05/19 15:38:07.060682 [DEBUG] Built 10 external predicate callbacks
2026/05/19 15:38:08.441595 [DEBUG] Built 10 external predicate callbacks
2026/05/19 15:38:10.028512 [DEBUG] Built 10 external predicate callbacks
2026/05/19 15:38:11.624786 [DEBUG] Built 10 external predicate callbacks
2026/05/19 15:38:13.218192 [DEBUG] Built 10 external predicate callbacks
2026/05/19 15:38:14.774933 [DEBUG] Built 10 external predicate callbacks
2026/05/19 15:38:16.301117 [DEBUG] Built 10 external predicate callbacks
2026/05/19 15:38:17.933812 [DEBUG] Built 10 external predicate callbacks
2026/05/19 15:38:19.605255 [DEBUG] Built 10 external predicate callbacks
2026/05/19 15:38:21.211751 [DEBUG] Built 10 external predicate callbacks
2026/05/19 15:38:22.797387 [DEBUG] Built 10 external predicate callbacks
2026/05/19 15:38:24.337349 [DEBUG] Built 10 external predicate callbacks
2026/05/19 15:38:25.827743 [DEBUG] Built 10 external predicate callbacks
2026/05/19 15:38:27.490746 [DEBUG] Built 10 external predicate callbacks
2026/05/19 15:38:29.079192 [DEBUG] Built 10 external predicate callbacks
2026/05/19 15:38:30.680554 [DEBUG] Built 10 external predicate callbacks
2026/05/19 15:38:32.355885 [DEBUG] Built 10 external predicate callbacks
2026/05/19 15:38:34.032232 [DEBUG] Built 10 external predicate callbacks
2026/05/19 15:38:35.636418 [DEBUG] Built 10 external predicate callbacks
2026/05/19 15:38:37.264299 [DEBUG] Built 10 external predicate callbacks
2026/05/19 15:38:38.962682 [DEBUG] Built 10 external predicate callbacks
2026/05/19 15:38:40.463253 [DEBUG] Built 10 external predicate callbacks
2026/05/19 15:38:41.874966 [DEBUG] Built 10 external predicate callbacks
2026/05/19 15:38:43.301188 [DEBUG] Built 10 external predicate callbacks
2026/05/19 15:38:44.752338 [DEBUG] Built 10 external predicate callbacks
2026/05/19 15:38:46.146728 [DEBUG] Built 10 external predicate callbacks
2026/05/19 15:38:47.566037 [DEBUG] Built 10 external predicate callbacks
2026/05/19 15:38:49.061731 [DEBUG] Built 10 external predicate callbacks
2026/05/19 15:38:50.658582 [DEBUG] Built 10 external predicate callbacks
2026/05/19 15:38:52.133133 [DEBUG] Built 10 external predicate callbacks
2026/05/19 15:38:53.541402 [DEBUG] Built 10 external predicate callbacks
2026/05/19 15:38:54.920453 [DEBUG] Built 10 external predicate callbacks
2026/05/19 15:38:56.322104 [DEBUG] Built 10 external predicate callbacks
2026/05/19 15:38:57.727466 [DEBUG] Built 10 external predicate callbacks
2026/05/19 15:38:59.113999 [DEBUG] Built 10 external predicate callbacks
2026/05/19 15:39:00.468435 [DEBUG] Built 10 external predicate callbacks
2026/05/19 15:39:01.936392 [DEBUG] Built 10 external predicate callbacks
2026/05/19 15:39:03.395449 [DEBUG] Built 10 external predicate callbacks
2026/05/19 15:39:04.827003 [DEBUG] Built 10 external predicate callbacks
2026/05/19 15:39:06.239278 [DEBUG] Built 10 external predicate callbacks
2026/05/19 15:39:07.617236 [DEBUG] Built 10 external predicate callbacks
2026/05/19 15:39:08.980312 [DEBUG] Built 10 external predicate callbacks
2026/05/19 15:39:10.343741 [DEBUG] Built 10 external predicate callbacks
2026/05/19 15:39:11.759647 [DEBUG] Built 10 external predicate callbacks
2026/05/19 15:39:13.191011 [DEBUG] Built 10 external predicate callbacks
2026/05/19 15:39:14.592647 [DEBUG] Built 10 external predicate callbacks
2026/05/19 15:39:15.972498 [DEBUG] Built 10 external predicate callbacks
2026/05/19 15:39:17.334079 [DEBUG] Built 10 external predicate callbacks
2026/05/19 15:39:18.724189 [DEBUG] Built 10 external predicate callbacks
2026/05/19 15:39:20.150942 [DEBUG] Built 10 external predicate callbacks
2026/05/19 15:39:21.547290 [DEBUG] Built 10 external predicate callbacks
2026/05/19 15:39:22.986079 [DEBUG] Built 10 external predicate callbacks
2026/05/19 15:39:24.439551 [DEBUG] Built 10 external predicate callbacks
2026/05/19 15:39:26.025572 [DEBUG] Built 10 external predicate callbacks
2026/05/19 15:39:27.517229 [DEBUG] Built 10 external predicate callbacks
2026/05/19 15:39:29.042829 [DEBUG] Built 10 external predicate callbacks
2026/05/19 15:39:30.562213 [DEBUG] Built 10 external predicate callbacks
2026/05/19 15:39:32.074218 [DEBUG] Built 10 external predicate callbacks
2026/05/19 15:39:33.689210 [DEBUG] Built 10 external predicate callbacks
2026/05/19 15:39:35.279027 [DEBUG] Built 10 external predicate callbacks
2026/05/19 15:39:36.837000 [DEBUG] Built 10 external predicate callbacks
2026/05/19 15:39:38.466286 [DEBUG] Built 10 external predicate callbacks
2026/05/19 15:39:40.107084 [DEBUG] Built 10 external predicate callbacks
2026/05/19 15:39:41.860939 [DEBUG] Built 10 external predicate callbacks
2026/05/19 15:39:43.549983 [DEBUG] Built 10 external predicate callbacks
2026/05/19 15:39:45.295847 [DEBUG] Built 10 external predicate callbacks
2026/05/19 15:39:46.924530 [DEBUG] Built 10 external predicate callbacks
2026/05/19 15:39:48.658428 [DEBUG] Built 10 external predicate callbacks
2026/05/19 15:39:50.311900 [DEBUG] Built 10 external predicate callbacks
2026/05/19 15:39:52.139298 [DEBUG] Built 10 external predicate callbacks
2026/05/19 15:39:53.854545 [DEBUG] Built 10 external predicate callbacks
2026/05/19 15:39:55.554371 [DEBUG] Built 10 external predicate callbacks
2026/05/19 15:39:57.271863 [DEBUG] Built 10 external predicate callbacks
2026/05/19 15:39:58.915589 [DEBUG] Built 10 external predicate callbacks
2026/05/19 15:40:00.627205 [DEBUG] Built 10 external predicate callbacks
2026/05/19 15:40:02.467347 [DEBUG] Built 10 external predicate callbacks
2026/05/19 15:40:04.253964 [DEBUG] Built 10 external predicate callbacks
2026/05/19 15:40:06.167326 [DEBUG] Built 10 external predicate callbacks
2026/05/19 15:40:07.968951 [DEBUG] Built 10 external predicate callbacks
2026/05/19 15:40:09.737240 [DEBUG] Built 10 external predicate callbacks
2026/05/19 15:40:11.511465 [DEBUG] Built 10 external predicate callbacks
2026/05/19 15:40:13.304215 [DEBUG] Built 10 external predicate callbacks
2026/05/19 15:40:15.023621 [DEBUG] Built 10 external predicate callbacks
2026/05/19 15:40:16.766881 [DEBUG] Built 10 external predicate callbacks
2026/05/19 15:40:18.616788 [DEBUG] Built 10 external predicate callbacks
2026/05/19 15:40:20.402980 [DEBUG] Built 10 external predicate callbacks
2026/05/19 15:40:22.216539 [DEBUG] Built 10 external predicate callbacks
2026/05/19 15:40:23.939043 [DEBUG] Built 10 external predicate callbacks
2026/05/19 15:40:25.741501 [DEBUG] Built 10 external predicate callbacks
2026/05/19 15:40:27.185892 [DEBUG] Built 10 external predicate callbacks
2026/05/19 15:40:28.577335 [DEBUG] Built 10 external predicate callbacks
2026/05/19 15:40:29.969951 [DEBUG] Built 10 external predicate callbacks
2026/05/19 15:40:31.682494 [DEBUG] Built 10 external predicate callbacks
2026/05/19 15:40:33.524022 [DEBUG] Built 10 external predicate callbacks
2026/05/19 15:40:35.204316 [DEBUG] Built 10 external predicate callbacks
2026/05/19 15:40:36.861529 [DEBUG] Built 10 external predicate callbacks
2026/05/19 15:40:38.504811 [DEBUG] Built 10 external predicate callbacks
2026/05/19 15:40:40.090282 [DEBUG] Built 10 external predicate callbacks
2026/05/19 15:40:41.621594 [DEBUG] Built 10 external predicate callbacks
2026/05/19 15:40:43.192716 [DEBUG] Built 10 external predicate callbacks
2026/05/19 15:40:44.857331 [DEBUG] Built 10 external predicate callbacks
2026/05/19 15:40:46.371223 [DEBUG] Built 10 external predicate callbacks
2026/05/19 15:40:47.889138 [DEBUG] Built 10 external predicate callbacks
2026/05/19 15:40:49.467214 [DEBUG] Built 10 external predicate callbacks
2026/05/19 15:40:51.039348 [DEBUG] Built 10 external predicate callbacks
2026/05/19 15:40:52.596928 [DEBUG] Built 10 external predicate callbacks
2026/05/19 15:40:54.012581 [DEBUG] Built 10 external predicate callbacks
2026/05/19 15:40:55.354951 [DEBUG] Built 10 external predicate callbacks
2026/05/19 15:40:56.714482 [DEBUG] Built 10 external predicate callbacks
2026/05/19 15:40:58.275967 [DEBUG] Built 10 external predicate callbacks
2026/05/19 15:40:59.832378 [DEBUG] Built 10 external predicate callbacks
2026/05/19 15:41:01.406190 [DEBUG] Built 10 external predicate callbacks
2026/05/19 15:41:02.900184 [DEBUG] Built 10 external predicate callbacks
2026/05/19 15:41:04.359998 [DEBUG] Built 10 external predicate callbacks
2026/05/19 15:41:05.743968 [DEBUG] Built 10 external predicate callbacks
2026/05/19 15:41:07.352898 [DEBUG] Built 10 external predicate callbacks
2026/05/19 15:41:08.940713 [DEBUG] Built 10 external predicate callbacks
2026/05/19 15:41:10.483954 [DEBUG] Built 10 external predicate callbacks
2026/05/19 15:41:11.880755 [DEBUG] Built 10 external predicate callbacks
2026/05/19 15:41:13.271689 [DEBUG] Built 10 external predicate callbacks
2026/05/19 15:41:14.661402 [DEBUG] Built 10 external predicate callbacks
2026/05/19 15:41:16.008666 [DEBUG] Built 10 external predicate callbacks
2026/05/19 15:41:17.324699 [DEBUG] Built 10 external predicate callbacks
2026/05/19 15:41:18.694483 [DEBUG] Built 10 external predicate callbacks
2026/05/19 15:41:20.105936 [DEBUG] Built 10 external predicate callbacks
2026/05/19 15:41:21.458202 [DEBUG] Built 10 external predicate callbacks
2026/05/19 15:41:22.826752 [DEBUG] Built 10 external predicate callbacks
2026/05/19 15:41:24.175171 [DEBUG] Built 10 external predicate callbacks
2026/05/19 15:41:25.548045 [DEBUG] Built 10 external predicate callbacks
2026/05/19 15:41:26.891418 [DEBUG] Built 10 external predicate callbacks
2026/05/19 15:41:28.221137 [DEBUG] Built 10 external predicate callbacks
2026/05/19 15:41:29.537000 [DEBUG] Built 10 external predicate callbacks
2026/05/19 15:41:30.919513 [DEBUG] Built 10 external predicate callbacks
2026/05/19 15:41:32.275813 [DEBUG] Built 10 external predicate callbacks
2026/05/19 15:41:33.656111 [DEBUG] Built 10 external predicate callbacks
2026/05/19 15:41:35.082521 [DEBUG] Built 10 external predicate callbacks
2026/05/19 15:41:36.426950 [DEBUG] Built 10 external predicate callbacks
2026/05/19 15:41:37.808087 [DEBUG] Built 10 external predicate callbacks
2026/05/19 15:41:39.174356 [DEBUG] Built 10 external predicate callbacks
2026/05/19 15:41:40.523645 [DEBUG] Built 10 external predicate callbacks
2026/05/19 15:41:42.056825 [DEBUG] Built 10 external predicate callbacks
2026/05/19 15:41:43.700554 [DEBUG] Built 10 external predicate callbacks
2026/05/19 15:41:45.326392 [DEBUG] Built 10 external predicate callbacks
2026/05/19 15:41:46.857204 [DEBUG] Built 10 external predicate callbacks
2026/05/19 15:41:48.396048 [DEBUG] Built 10 external predicate callbacks
2026/05/19 15:41:50.015492 [DEBUG] Built 10 external predicate callbacks
2026/05/19 15:41:51.557388 [DEBUG] Built 10 external predicate callbacks
2026/05/19 15:41:53.091827 [DEBUG] Built 10 external predicate callbacks
2026/05/19 15:41:54.563159 [DEBUG] Built 10 external predicate callbacks
2026/05/19 15:41:56.225928 [DEBUG] Built 10 external predicate callbacks
2026/05/19 15:41:57.777330 [DEBUG] Built 10 external predicate callbacks
2026/05/19 15:41:59.235144 [DEBUG] Built 10 external predicate callbacks
2026/05/19 15:42:00.782007 [DEBUG] Built 10 external predicate callbacks
2026/05/19 15:42:02.308197 [DEBUG] Built 10 external predicate callbacks
2026/05/19 15:42:03.908315 [DEBUG] Built 10 external predicate callbacks
2026/05/19 15:42:05.680496 [DEBUG] Built 10 external predicate callbacks
2026/05/19 15:42:07.375867 [DEBUG] Built 10 external predicate callbacks
2026/05/19 15:42:08.970973 [DEBUG] Built 10 external predicate callbacks
2026/05/19 15:42:10.486291 [DEBUG] Built 10 external predicate callbacks
2026/05/19 15:42:12.085686 [DEBUG] Built 10 external predicate callbacks
2026/05/19 15:42:13.664796 [DEBUG] Built 10 external predicate callbacks
2026/05/19 15:42:15.210001 [DEBUG] Built 10 external predicate callbacks
2026/05/19 15:42:16.859404 [DEBUG] Built 10 external predicate callbacks
2026/05/19 15:42:18.514495 [DEBUG] Built 10 external predicate callbacks
2026/05/19 15:42:20.219478 [DEBUG] Built 10 external predicate callbacks
2026/05/19 15:42:21.813592 [DEBUG] Built 10 external predicate callbacks
2026/05/19 15:42:23.351701 [DEBUG] Built 10 external predicate callbacks
2026/05/19 15:42:24.943150 [DEBUG] Built 10 external predicate callbacks
2026/05/19 15:42:26.592760 [DEBUG] Built 10 external predicate callbacks
2026/05/19 15:42:28.250919 [DEBUG] Built 10 external predicate callbacks
2026/05/19 15:42:29.666101 [DEBUG] Built 10 external predicate callbacks
2026/05/19 15:42:31.098215 [DEBUG] Built 10 external predicate callbacks
2026/05/19 15:42:32.670989 [DEBUG] Built 10 external predicate callbacks
2026/05/19 15:42:34.299835 [DEBUG] Built 10 external predicate callbacks
2026/05/19 15:42:35.879129 [DEBUG] Built 10 external predicate callbacks
2026/05/19 15:42:37.591974 [DEBUG] Built 10 external predicate callbacks
2026/05/19 15:42:39.174164 [DEBUG] Built 10 external predicate callbacks
2026/05/19 15:42:40.825695 [DEBUG] Built 10 external predicate callbacks
2026/05/19 15:42:42.345632 [DEBUG] Built 10 external predicate callbacks
2026/05/19 15:42:44.225440 [DEBUG] Built 10 external predicate callbacks
2026/05/19 15:42:46.074428 [DEBUG] Built 10 external predicate callbacks
2026/05/19 15:42:47.771599 [DEBUG] Built 10 external predicate callbacks
2026/05/19 15:42:49.496907 [DEBUG] Built 10 external predicate callbacks
2026/05/19 15:42:51.182788 [DEBUG] Built 10 external predicate callbacks
2026/05/19 15:42:53.027800 [DEBUG] Built 10 external predicate callbacks
2026/05/19 15:42:54.573132 [DEBUG] Built 10 external predicate callbacks
2026/05/19 15:42:56.239279 [DEBUG] Built 10 external predicate callbacks
2026/05/19 15:42:57.962129 [DEBUG] Built 10 external predicate callbacks
2026/05/19 15:42:59.522657 [DEBUG] Built 10 external predicate callbacks
2026/05/19 15:43:01.106025 [DEBUG] Built 10 external predicate callbacks
2026/05/19 15:43:02.718978 [DEBUG] Built 10 external predicate callbacks
2026/05/19 15:43:04.372014 [DEBUG] Built 10 external predicate callbacks
2026/05/19 15:43:06.007392 [DEBUG] Built 10 external predicate callbacks
2026/05/19 15:43:07.662880 [DEBUG] Built 10 external predicate callbacks
2026/05/19 15:43:09.281660 [DEBUG] Built 10 external predicate callbacks
2026/05/19 15:43:10.903470 [DEBUG] Built 10 external predicate callbacks
2026/05/19 15:43:12.492235 [DEBUG] Built 10 external predicate callbacks
2026/05/19 15:43:14.147603 [DEBUG] Built 10 external predicate callbacks
2026/05/19 15:43:15.811138 [DEBUG] Built 10 external predicate callbacks
2026/05/19 15:43:17.383909 [DEBUG] Built 10 external predicate callbacks
2026/05/19 15:43:19.162164 [DEBUG] Built 10 external predicate callbacks
2026/05/19 15:43:20.808703 [DEBUG] Built 10 external predicate callbacks
2026/05/19 15:43:22.476205 [DEBUG] Built 10 external predicate callbacks
2026/05/19 15:43:24.069597 [DEBUG] Built 10 external predicate callbacks
2026/05/19 15:43:25.626670 [DEBUG] Built 10 external predicate callbacks
2026/05/19 15:43:27.267526 [DEBUG] Built 10 external predicate callbacks
2026/05/19 15:43:28.661724 [DEBUG] Built 10 external predicate callbacks
2026/05/19 15:43:30.067429 [DEBUG] Built 10 external predicate callbacks
2026/05/19 15:43:31.558033 [DEBUG] Built 10 external predicate callbacks
2026/05/19 15:43:32.992534 [DEBUG] Built 10 external predicate callbacks
2026/05/19 15:43:34.428021 [DEBUG] Built 10 external predicate callbacks
2026/05/19 15:43:35.829094 [DEBUG] Built 10 external predicate callbacks
2026/05/19 15:43:37.255334 [DEBUG] Built 10 external predicate callbacks
2026/05/19 15:43:38.750680 [DEBUG] Built 10 external predicate callbacks
2026/05/19 15:43:40.220395 [DEBUG] Built 10 external predicate callbacks
2026/05/19 15:43:41.658657 [DEBUG] Built 10 external predicate callbacks
2026/05/19 15:43:43.077091 [DEBUG] Built 10 external predicate callbacks
2026/05/19 15:43:44.484622 [DEBUG] Built 10 external predicate callbacks
2026/05/19 15:43:45.867658 [DEBUG] Built 10 external predicate callbacks
2026/05/19 15:43:47.243528 [DEBUG] Built 10 external predicate callbacks
2026/05/19 15:43:48.672552 [DEBUG] Built 10 external predicate callbacks
2026/05/19 15:43:50.166188 [DEBUG] Built 10 external predicate callbacks
2026/05/19 15:43:51.574697 [DEBUG] Built 10 external predicate callbacks
2026/05/19 15:43:52.956224 [DEBUG] Built 10 external predicate callbacks
2026/05/19 15:43:54.384557 [DEBUG] Built 10 external predicate callbacks
2026/05/19 15:43:55.762889 [DEBUG] Built 10 external predicate callbacks
2026/05/19 15:43:57.147037 [DEBUG] Built 10 external predicate callbacks
2026/05/19 15:43:58.532288 [DEBUG] Built 10 external predicate callbacks
2026/05/19 15:43:59.925860 [DEBUG] Built 10 external predicate callbacks
2026/05/19 15:44:01.332725 [DEBUG] Built 10 external predicate callbacks
2026/05/19 15:44:02.702188 [DEBUG] Built 10 external predicate callbacks
2026/05/19 15:44:04.239031 [DEBUG] Built 10 external predicate callbacks
2026/05/19 15:44:05.684234 [DEBUG] Built 10 external predicate callbacks
2026/05/19 15:44:07.232613 [DEBUG] Built 10 external predicate callbacks
2026/05/19 15:44:08.914348 [DEBUG] Built 10 external predicate callbacks
2026/05/19 15:44:10.618786 [DEBUG] Built 10 external predicate callbacks
2026/05/19 15:44:12.373278 [DEBUG] Built 10 external predicate callbacks
2026/05/19 15:44:14.041337 [DEBUG] Built 10 external predicate callbacks
2026/05/19 15:44:15.609513 [DEBUG] Built 10 external predicate callbacks
2026/05/19 15:44:17.276651 [DEBUG] Built 10 external predicate callbacks
2026/05/19 15:44:18.982408 [DEBUG] Built 10 external predicate callbacks
2026/05/19 15:44:20.646912 [DEBUG] Built 10 external predicate callbacks
2026/05/19 15:44:22.350412 [DEBUG] Built 10 external predicate callbacks
2026/05/19 15:44:23.775611 [DEBUG] Built 10 external predicate callbacks
2026/05/19 15:44:25.171472 [DEBUG] Built 10 external predicate callbacks
2026/05/19 15:44:26.826803 [DEBUG] Built 10 external predicate callbacks
2026/05/19 15:44:28.424169 [DEBUG] Built 10 external predicate callbacks
2026/05/19 15:44:29.965532 [DEBUG] Built 10 external predicate callbacks
2026/05/19 15:44:31.622704 [DEBUG] Built 10 external predicate callbacks
2026/05/19 15:44:33.301896 [DEBUG] Built 10 external predicate callbacks
2026/05/19 15:44:34.959892 [DEBUG] Built 10 external predicate callbacks
2026/05/19 15:44:36.532245 [DEBUG] Built 10 external predicate callbacks
2026/05/19 15:44:38.302894 [DEBUG] Built 10 external predicate callbacks
2026/05/19 15:44:39.961238 [DEBUG] Built 10 external predicate callbacks
2026/05/19 15:44:41.515828 [DEBUG] Built 10 external predicate callbacks
2026/05/19 15:44:43.144212 [DEBUG] Built 10 external predicate callbacks
2026/05/19 15:44:44.940971 [DEBUG] Built 10 external predicate callbacks
2026/05/19 15:44:46.481777 [DEBUG] Built 10 external predicate callbacks
2026/05/19 15:44:48.130896 [DEBUG] Built 10 external predicate callbacks
2026/05/19 15:44:49.904684 [DEBUG] Built 10 external predicate callbacks
2026/05/19 15:44:51.455019 [DEBUG] Built 10 external predicate callbacks
2026/05/19 15:44:52.904321 [DEBUG] Built 10 external predicate callbacks
2026/05/19 15:44:54.284060 [DEBUG] Built 10 external predicate callbacks
2026/05/19 15:44:55.666200 [DEBUG] Built 10 external predicate callbacks
2026/05/19 15:44:57.037532 [DEBUG] Built 10 external predicate callbacks
2026/05/19 15:44:58.420478 [DEBUG] Built 10 external predicate callbacks
2026/05/19 15:44:59.848795 [DEBUG] Built 10 external predicate callbacks
2026/05/19 15:45:01.245817 [DEBUG] Built 10 external predicate callbacks
2026/05/19 15:45:02.630497 [DEBUG] Built 10 external predicate callbacks
2026/05/19 15:45:04.060700 [DEBUG] Built 10 external predicate callbacks
2026/05/19 15:45:05.481939 [DEBUG] Built 10 external predicate callbacks
2026/05/19 15:45:06.900087 [DEBUG] Built 10 external predicate callbacks
2026/05/19 15:45:08.435780 [DEBUG] Built 10 external predicate callbacks
2026/05/19 15:45:09.847146 [DEBUG] Built 10 external predicate callbacks
2026/05/19 15:45:11.251412 [DEBUG] Built 10 external predicate callbacks
2026/05/19 15:45:12.635182 [DEBUG] Built 10 external predicate callbacks
2026/05/19 15:45:14.051762 [INFO] Hydrating learnings from knowledge.db
2026/05/19 15:45:14.051762 [DEBUG] QueryAllLearned: factType=preference
2026/05/19 15:45:14.051762 [DEBUG] QueryAllLearned: found 0 facts of type preference
2026/05/19 15:45:14.051762 [DEBUG] QueryAllLearned: factType=user_fact
2026/05/19 15:45:14.051762 [DEBUG] QueryAllLearned: found 0 facts of type user_fact
2026/05/19 15:45:14.051762 [DEBUG] QueryAllLearned: factType=constraint
2026/05/19 15:45:14.051762 [DEBUG] QueryAllLearned: found 0 facts of type constraint
2026/05/19 15:45:14.051762 [DEBUG] HydrateKnowledgeGraph: starting
2026/05/19 15:45:14.056391 [DEBUG] Built 10 external predicate callbacks
2026/05/19 15:45:15.448205 [DEBUG] Built 10 external predicate callbacks
2026/05/19 15:45:16.851271 [DEBUG] Built 10 external predicate callbacks
2026/05/19 15:45:18.287760 [DEBUG] Built 10 external predicate callbacks
2026/05/19 15:45:19.697901 [DEBUG] Built 10 external predicate callbacks
2026/05/19 15:45:21.139488 [DEBUG] Built 10 external predicate callbacks
2026/05/19 15:45:22.539314 [DEBUG] Built 10 external predicate callbacks
2026/05/19 15:45:23.948511 [DEBUG] Built 10 external predicate callbacks
2026/05/19 15:45:25.339070 [DEBUG] Built 10 external predicate callbacks
2026/05/19 15:45:26.729067 [DEBUG] Built 10 external predicate callbacks
2026/05/19 15:45:28.135290 [DEBUG] Built 10 external predicate callbacks
2026/05/19 15:45:29.585413 [DEBUG] Built 10 external predicate callbacks
2026/05/19 15:45:31.245988 [DEBUG] Built 10 external predicate callbacks
2026/05/19 15:45:32.924191 [DEBUG] Built 10 external predicate callbacks
2026/05/19 15:45:34.646180 [DEBUG] Built 10 external predicate callbacks
2026/05/19 15:45:36.274091 [DEBUG] Built 10 external predicate callbacks
2026/05/19 15:45:37.980148 [DEBUG] Built 10 external predicate callbacks
2026/05/19 15:45:39.586040 [DEBUG] Built 10 external predicate callbacks
2026/05/19 15:45:41.171580 [DEBUG] Built 10 external predicate callbacks
2026/05/19 15:45:42.758277 [DEBUG] Built 10 external predicate callbacks
2026/05/19 15:45:44.489130 [DEBUG] Built 10 external predicate callbacks
2026/05/19 15:45:46.184657 [DEBUG] Built 10 external predicate callbacks
2026/05/19 15:45:47.744099 [DEBUG] Built 10 external predicate callbacks
2026/05/19 15:45:49.360934 [DEBUG] Built 10 external predicate callbacks
2026/05/19 15:45:51.013455 [DEBUG] Built 10 external predicate callbacks
2026/05/19 15:45:52.579270 [DEBUG] Built 10 external predicate callbacks
2026/05/19 15:45:54.142510 [DEBUG] Built 10 external predicate callbacks
2026/05/19 15:45:55.761962 [DEBUG] Built 10 external predicate callbacks
2026/05/19 15:45:57.380657 [DEBUG] Built 10 external predicate callbacks
2026/05/19 15:45:58.937532 [DEBUG] Built 10 external predicate callbacks
2026/05/19 15:46:00.493189 [DEBUG] Built 10 external predicate callbacks
2026/05/19 15:46:02.152065 [DEBUG] Built 10 external predicate callbacks
2026/05/19 15:46:03.830177 [DEBUG] Built 10 external predicate callbacks
2026/05/19 15:46:05.515199 [DEBUG] Built 10 external predicate callbacks
2026/05/19 15:46:07.263516 [DEBUG] Built 10 external predicate callbacks
2026/05/19 15:46:08.935634 [DEBUG] Built 10 external predicate callbacks
2026/05/19 15:46:10.512680 [DEBUG] Built 10 external predicate callbacks
2026/05/19 15:46:12.158515 [DEBUG] Built 10 external predicate callbacks
2026/05/19 15:46:13.653928 [DEBUG] Built 10 external predicate callbacks
2026/05/19 15:46:15.281872 [DEBUG] Built 10 external predicate callbacks
2026/05/19 15:46:16.790980 [DEBUG] Built 10 external predicate callbacks
2026/05/19 15:46:18.389211 [DEBUG] Built 10 external predicate callbacks
2026/05/19 15:46:20.015482 [DEBUG] Built 10 external predicate callbacks
2026/05/19 15:46:21.567873 [DEBUG] Built 10 external predicate callbacks
2026/05/19 15:46:23.190713 [DEBUG] Built 10 external predicate callbacks
2026/05/19 15:46:24.870666 [DEBUG] Built 10 external predicate callbacks
2026/05/19 15:46:26.509534 [DEBUG] Built 10 external predicate callbacks
2026/05/19 15:46:28.088942 [DEBUG] Built 10 external predicate callbacks
2026/05/19 15:46:29.676198 [DEBUG] Built 10 external predicate callbacks
2026/05/19 15:46:31.454722 [DEBUG] Built 10 external predicate callbacks
2026/05/19 15:46:33.088880 [DEBUG] Built 10 external predicate callbacks
2026/05/19 15:46:34.755005 [DEBUG] Built 10 external predicate callbacks
2026/05/19 15:46:36.438229 [DEBUG] Built 10 external predicate callbacks
2026/05/19 15:46:38.193282 [DEBUG] Built 10 external predicate callbacks
2026/05/19 15:46:39.901857 [DEBUG] Built 10 external predicate callbacks
2026/05/19 15:46:41.549297 [DEBUG] Built 10 external predicate callbacks
2026/05/19 15:46:43.167762 [DEBUG] Built 10 external predicate callbacks
2026/05/19 15:46:45.011244 [DEBUG] Built 10 external predicate callbacks
2026/05/19 15:46:46.641810 [DEBUG] Built 10 external predicate callbacks
2026/05/19 15:46:48.288816 [DEBUG] Built 10 external predicate callbacks
2026/05/19 15:46:49.990660 [DEBUG] Built 10 external predicate callbacks
2026/05/19 15:46:51.679564 [DEBUG] Built 10 external predicate callbacks
2026/05/19 15:46:53.280570 [DEBUG] Built 10 external predicate callbacks
2026/05/19 15:46:54.941562 [DEBUG] Built 10 external predicate callbacks
2026/05/19 15:46:56.501912 [DEBUG] Built 10 external predicate callbacks
2026/05/19 15:46:58.148852 [DEBUG] Built 10 external predicate callbacks
2026/05/19 15:46:59.673489 [DEBUG] Built 10 external predicate callbacks
2026/05/19 15:47:01.273788 [DEBUG] Built 10 external predicate callbacks
2026/05/19 15:47:02.877012 [DEBUG] Built 10 external predicate callbacks
2026/05/19 15:47:04.494454 [DEBUG] Built 10 external predicate callbacks
2026/05/19 15:47:06.165258 [DEBUG] Built 10 external predicate callbacks
2026/05/19 15:47:07.961621 [DEBUG] Built 10 external predicate callbacks
2026/05/19 15:47:09.575202 [DEBUG] Built 10 external predicate callbacks
2026/05/19 15:47:11.213308 [DEBUG] Built 10 external predicate callbacks
2026/05/19 15:47:12.777085 [DEBUG] Built 10 external predicate callbacks
2026/05/19 15:47:14.309751 [DEBUG] Built 10 external predicate callbacks
2026/05/19 15:47:15.932435 [DEBUG] Built 10 external predicate callbacks
2026/05/19 15:47:17.539053 [DEBUG] Built 10 external predicate callbacks
2026/05/19 15:47:19.236200 [DEBUG] Built 10 external predicate callbacks
2026/05/19 15:47:20.805188 [DEBUG] Built 10 external predicate callbacks
2026/05/19 15:47:22.365610 [DEBUG] Built 10 external predicate callbacks
2026/05/19 15:47:23.915393 [DEBUG] Built 10 external predicate callbacks
2026/05/19 15:47:25.441283 [DEBUG] Built 10 external predicate callbacks
2026/05/19 15:47:26.976692 [DEBUG] Built 10 external predicate callbacks
2026/05/19 15:47:28.540362 [DEBUG] Built 10 external predicate callbacks
2026/05/19 15:47:30.092284 [DEBUG] Built 10 external predicate callbacks
2026/05/19 15:47:31.593334 [DEBUG] Built 10 external predicate callbacks
2026/05/19 15:47:33.144272 [DEBUG] Built 10 external predicate callbacks
2026/05/19 15:47:34.752247 [DEBUG] Built 10 external predicate callbacks
2026/05/19 15:47:36.336687 [DEBUG] Built 10 external predicate callbacks
2026/05/19 15:47:38.081710 [DEBUG] Built 10 external predicate callbacks
2026/05/19 15:47:39.636879 [DEBUG] Built 10 external predicate callbacks
2026/05/19 15:47:41.237787 [DEBUG] Built 10 external predicate callbacks
2026/05/19 15:47:42.778596 [DEBUG] Built 10 external predicate callbacks
2026/05/19 15:47:44.430553 [DEBUG] Built 10 external predicate callbacks
2026/05/19 15:47:45.986155 [DEBUG] Built 10 external predicate callbacks
2026/05/19 15:47:47.460480 [DEBUG] Built 10 external predicate callbacks
2026/05/19 15:47:49.073611 [DEBUG] Built 10 external predicate callbacks
2026/05/19 15:47:50.639700 [DEBUG] Built 10 external predicate callbacks
2026/05/19 15:47:52.219565 [DEBUG] Built 10 external predicate callbacks
2026/05/19 15:47:53.703114 [DEBUG] Built 10 external predicate callbacks
2026/05/19 15:47:55.255982 [DEBUG] Built 10 external predicate callbacks
2026/05/19 15:47:56.781263 [DEBUG] Built 10 external predicate callbacks
2026/05/19 15:47:58.329724 [DEBUG] Built 10 external predicate callbacks
2026/05/19 15:47:59.884747 [DEBUG] Built 10 external predicate callbacks
2026/05/19 15:48:01.411927 [DEBUG] Built 10 external predicate callbacks
2026/05/19 15:48:03.005549 [DEBUG] Built 10 external predicate callbacks
2026/05/19 15:48:04.562292 [DEBUG] Built 10 external predicate callbacks
2026/05/19 15:48:06.295560 [DEBUG] Built 10 external predicate callbacks
2026/05/19 15:48:07.990615 [DEBUG] Built 10 external predicate callbacks
2026/05/19 15:48:09.508005 [DEBUG] Built 10 external predicate callbacks
2026/05/19 15:48:11.091220 [DEBUG] Built 10 external predicate callbacks
2026/05/19 15:48:12.647553 [DEBUG] Built 10 external predicate callbacks
2026/05/19 15:48:14.182047 [DEBUG] Built 10 external predicate callbacks
2026/05/19 15:48:15.723903 [DEBUG] Built 10 external predicate callbacks
2026/05/19 15:48:17.278827 [DEBUG] Built 10 external predicate callbacks
2026/05/19 15:48:18.859431 [DEBUG] Built 10 external predicate callbacks
2026/05/19 15:48:20.503973 [DEBUG] Built 10 external predicate callbacks
2026/05/19 15:48:22.089342 [DEBUG] Built 10 external predicate callbacks
2026/05/19 15:48:23.617784 [DEBUG] Built 10 external predicate callbacks
2026/05/19 15:48:25.131802 [DEBUG] Built 10 external predicate callbacks
2026/05/19 15:48:26.654016 [DEBUG] Built 10 external predicate callbacks
2026/05/19 15:48:28.189446 [DEBUG] Built 10 external predicate callbacks
2026/05/19 15:48:29.692247 [DEBUG] Built 10 external predicate callbacks
2026/05/19 15:48:31.339251 [DEBUG] Built 10 external predicate callbacks
2026/05/19 15:48:32.909193 [DEBUG] Built 10 external predicate callbacks
2026/05/19 15:48:34.545383 [DEBUG] Built 10 external predicate callbacks
2026/05/19 15:48:36.099545 [DEBUG] Built 10 external predicate callbacks
2026/05/19 15:48:37.746019 [DEBUG] Built 10 external predicate callbacks
2026/05/19 15:48:39.360642 [DEBUG] Built 10 external predicate callbacks
2026/05/19 15:48:41.066837 [DEBUG] Built 10 external predicate callbacks
2026/05/19 15:48:42.790675 [DEBUG] Built 10 external predicate callbacks
2026/05/19 15:48:44.660530 [DEBUG] Built 10 external predicate callbacks
2026/05/19 15:48:46.310211 [DEBUG] Built 10 external predicate callbacks
2026/05/19 15:48:47.952956 [DEBUG] Built 10 external predicate callbacks
2026/05/19 15:48:49.635141 [DEBUG] Built 10 external predicate callbacks
2026/05/19 15:48:51.396623 [DEBUG] Built 10 external predicate callbacks
2026/05/19 15:48:53.027974 [DEBUG] Built 10 external predicate callbacks
2026/05/19 15:48:54.636569 [DEBUG] Built 10 external predicate callbacks
2026/05/19 15:48:56.374342 [DEBUG] Built 10 external predicate callbacks
2026/05/19 15:48:58.058607 [DEBUG] Built 10 external predicate callbacks
2026/05/19 15:48:59.812536 [DEBUG] Built 10 external predicate callbacks
2026/05/19 15:49:01.566297 [DEBUG] Built 10 external predicate callbacks
2026/05/19 15:49:03.259931 [DEBUG] Built 10 external predicate callbacks
2026/05/19 15:49:05.062976 [DEBUG] Built 10 external predicate callbacks
2026/05/19 15:49:06.717337 [DEBUG] Built 10 external predicate callbacks
2026/05/19 15:49:08.484153 [DEBUG] Built 10 external predicate callbacks
2026/05/19 15:49:10.311110 [DEBUG] Built 10 external predicate callbacks
2026/05/19 15:49:12.068399 [DEBUG] Built 10 external predicate callbacks
2026/05/19 15:49:13.757258 [DEBUG] Built 10 external predicate callbacks
2026/05/19 15:49:15.596298 [DEBUG] Built 10 external predicate callbacks
2026/05/19 15:49:17.447492 [DEBUG] Built 10 external predicate callbacks
2026/05/19 15:49:19.296945 [DEBUG] Built 10 external predicate callbacks
2026/05/19 15:49:21.149554 [DEBUG] Built 10 external predicate callbacks
2026/05/19 15:49:22.986176 [DEBUG] Built 10 external predicate callbacks
2026/05/19 15:49:24.743344 [DEBUG] Built 10 external predicate callbacks
2026/05/19 15:49:26.498864 [DEBUG] Built 10 external predicate callbacks
2026/05/19 15:49:28.300184 [DEBUG] Built 10 external predicate callbacks
2026/05/19 15:49:30.129213 [DEBUG] Built 10 external predicate callbacks
2026/05/19 15:49:31.979985 [DEBUG] Built 10 external predicate callbacks
2026/05/19 15:49:33.738204 [DEBUG] Built 10 external predicate callbacks
2026/05/19 15:49:35.450495 [DEBUG] Built 10 external predicate callbacks
2026/05/19 15:49:37.033946 [DEBUG] Built 10 external predicate callbacks
2026/05/19 15:49:38.754179 [DEBUG] Built 10 external predicate callbacks
2026/05/19 15:49:40.375543 [DEBUG] Built 10 external predicate callbacks
2026/05/19 15:49:41.978892 [DEBUG] Built 10 external predicate callbacks
2026/05/19 15:49:43.661102 [DEBUG] Built 10 external predicate callbacks
2026/05/19 15:49:45.280924 [DEBUG] Built 10 external predicate callbacks
2026/05/19 15:49:46.935933 [DEBUG] Built 10 external predicate callbacks
2026/05/19 15:49:48.598155 [DEBUG] Built 10 external predicate callbacks
2026/05/19 15:49:50.228463 [DEBUG] Built 10 external predicate callbacks
2026/05/19 15:49:51.805906 [DEBUG] Built 10 external predicate callbacks
2026/05/19 15:49:53.579547 [DEBUG] Built 10 external predicate callbacks
2026/05/19 15:49:55.199992 [DEBUG] Built 10 external predicate callbacks
2026/05/19 15:49:56.806253 [DEBUG] Built 10 external predicate callbacks
2026/05/19 15:49:58.379978 [DEBUG] Built 10 external predicate callbacks
2026/05/19 15:49:59.958405 [DEBUG] Built 10 external predicate callbacks
2026/05/19 15:50:01.507560 [DEBUG] Built 10 external predicate callbacks
2026/05/19 15:50:03.091885 [DEBUG] Built 10 external predicate callbacks
2026/05/19 15:50:04.731275 [DEBUG] Built 10 external predicate callbacks
2026/05/19 15:50:06.609049 [DEBUG] Built 10 external predicate callbacks
2026/05/19 15:50:08.380473 [DEBUG] Built 10 external predicate callbacks
2026/05/19 15:50:10.013792 [DEBUG] Built 10 external predicate callbacks
2026/05/19 15:50:11.575711 [DEBUG] Built 10 external predicate callbacks
2026/05/19 15:50:13.173203 [DEBUG] Built 10 external predicate callbacks
2026/05/19 15:50:14.758777 [DEBUG] Built 10 external predicate callbacks
2026/05/19 15:50:16.307647 [DEBUG] Built 10 external predicate callbacks
2026/05/19 15:50:17.895474 [DEBUG] Built 10 external predicate callbacks
2026/05/19 15:50:19.589968 [DEBUG] Built 10 external predicate callbacks
2026/05/19 15:50:21.196568 [DEBUG] Built 10 external predicate callbacks
2026/05/19 15:50:22.730726 [DEBUG] Built 10 external predicate callbacks
2026/05/19 15:50:24.347888 [DEBUG] Built 10 external predicate callbacks
2026/05/19 15:50:25.884087 [DEBUG] Built 10 external predicate callbacks
2026/05/19 15:50:27.454161 [DEBUG] Built 10 external predicate callbacks
2026/05/19 15:50:29.009927 [DEBUG] Built 10 external predicate callbacks
2026/05/19 15:50:30.542409 [DEBUG] Built 10 external predicate callbacks
2026/05/19 15:50:32.190432 [DEBUG] Built 10 external predicate callbacks
2026/05/19 15:50:33.827538 [DEBUG] Built 10 external predicate callbacks
2026/05/19 15:50:35.400910 [DEBUG] Built 10 external predicate callbacks
2026/05/19 15:50:36.796527 [DEBUG] Built 10 external predicate callbacks
2026/05/19 15:50:38.209306 [DEBUG] Built 10 external predicate callbacks
2026/05/19 15:50:39.601612 [DEBUG] Built 10 external predicate callbacks
2026/05/19 15:50:41.022417 [DEBUG] Built 10 external predicate callbacks
2026/05/19 15:50:42.398417 [DEBUG] Built 10 external predicate callbacks
2026/05/19 15:50:43.857574 [DEBUG] Built 10 external predicate callbacks
2026/05/19 15:50:45.329252 [DEBUG] Built 10 external predicate callbacks
2026/05/19 15:50:46.801918 [DEBUG] Built 10 external predicate callbacks
2026/05/19 15:50:48.236276 [DEBUG] Built 10 external predicate callbacks
2026/05/19 15:50:49.654328 [DEBUG] Built 10 external predicate callbacks
2026/05/19 15:50:51.065464 [DEBUG] Built 10 external predicate callbacks
2026/05/19 15:50:52.480314 [DEBUG] Built 10 external predicate callbacks
2026/05/19 15:50:53.885876 [DEBUG] Built 10 external predicate callbacks
2026/05/19 15:50:55.260161 [DEBUG] Built 10 external predicate callbacks
2026/05/19 15:50:56.645834 [DEBUG] Built 10 external predicate callbacks
2026/05/19 15:50:58.031815 [DEBUG] Built 10 external predicate callbacks
2026/05/19 15:50:59.456878 [DEBUG] Built 10 external predicate callbacks
2026/05/19 15:51:00.848687 [DEBUG] Built 10 external predicate callbacks
2026/05/19 15:51:02.252145 [DEBUG] Built 10 external predicate callbacks
2026/05/19 15:51:03.650528 [DEBUG] Built 10 external predicate callbacks
2026/05/19 15:51:05.088320 [DEBUG] Built 10 external predicate callbacks
2026/05/19 15:51:06.467231 [DEBUG] Built 10 external predicate callbacks
2026/05/19 15:51:07.947340 [DEBUG] Built 10 external predicate callbacks
2026/05/19 15:51:09.403947 [DEBUG] Built 10 external predicate callbacks
2026/05/19 15:51:10.812394 [DEBUG] Built 10 external predicate callbacks
2026/05/19 15:51:12.235266 [DEBUG] Built 10 external predicate callbacks
2026/05/19 15:51:13.634822 [DEBUG] Built 10 external predicate callbacks
2026/05/19 15:51:15.010218 [DEBUG] Built 10 external predicate callbacks
2026/05/19 15:51:16.405984 [DEBUG] Built 10 external predicate callbacks
2026/05/19 15:51:17.833381 [DEBUG] Built 10 external predicate callbacks
2026/05/19 15:51:19.315143 [DEBUG] Built 10 external predicate callbacks
2026/05/19 15:51:20.720416 [DEBUG] Built 10 external predicate callbacks
2026/05/19 15:51:22.118124 [DEBUG] Built 10 external predicate callbacks
2026/05/19 15:51:23.484852 [DEBUG] Built 10 external predicate callbacks
2026/05/19 15:51:24.867382 [DEBUG] Built 10 external predicate callbacks
2026/05/19 15:51:26.265295 [DEBUG] Built 10 external predicate callbacks
2026/05/19 15:51:27.644513 [DEBUG] Built 10 external predicate callbacks
2026/05/19 15:51:29.023474 [DEBUG] Built 10 external predicate callbacks
2026/05/19 15:51:30.388289 [DEBUG] Built 10 external predicate callbacks
2026/05/19 15:51:31.762090 [DEBUG] Built 10 external predicate callbacks
2026/05/19 15:51:33.154733 [DEBUG] Built 10 external predicate callbacks
2026/05/19 15:51:34.574034 [DEBUG] Built 10 external predicate callbacks
2026/05/19 15:51:36.045609 [DEBUG] Built 10 external predicate callbacks
2026/05/19 15:51:37.473241 [DEBUG] Built 10 external predicate callbacks
2026/05/19 15:51:38.862143 [DEBUG] Built 10 external predicate callbacks
2026/05/19 15:51:40.234973 [DEBUG] Built 10 external predicate callbacks
2026/05/19 15:51:41.619715 [DEBUG] Built 10 external predicate callbacks
2026/05/19 15:51:43.023095 [DEBUG] Built 10 external predicate callbacks
2026/05/19 15:51:44.433492 [DEBUG] Built 10 external predicate callbacks
2026/05/19 15:51:45.786208 [DEBUG] Built 10 external predicate callbacks
2026/05/19 15:51:47.173209 [DEBUG] Built 10 external predicate callbacks
2026/05/19 15:51:48.627540 [DEBUG] Built 10 external predicate callbacks
2026/05/19 15:51:50.224425 [DEBUG] Built 10 external predicate callbacks
2026/05/19 15:51:51.662217 [DEBUG] Built 10 external predicate callbacks
2026/05/19 15:51:53.082622 [DEBUG] Built 10 external predicate callbacks
2026/05/19 15:51:54.497027 [DEBUG] Built 10 external predicate callbacks
2026/05/19 15:51:55.883070 [DEBUG] Built 10 external predicate callbacks
2026/05/19 15:51:57.280309 [DEBUG] Built 10 external predicate callbacks
2026/05/19 15:51:58.709826 [DEBUG] Built 10 external predicate callbacks
2026/05/19 15:52:00.202830 [DEBUG] Built 10 external predicate callbacks
2026/05/19 15:52:01.731333 [DEBUG] Built 10 external predicate callbacks
2026/05/19 15:52:03.273244 [DEBUG] Built 10 external predicate callbacks
2026/05/19 15:52:04.686985 [DEBUG] Built 10 external predicate callbacks
2026/05/19 15:52:06.096364 [DEBUG] Built 10 external predicate callbacks
2026/05/19 15:52:07.506357 [DEBUG] Built 10 external predicate callbacks
2026/05/19 15:52:08.931238 [DEBUG] Built 10 external predicate callbacks
2026/05/19 15:52:10.345039 [DEBUG] Built 10 external predicate callbacks
2026/05/19 15:52:11.739798 [DEBUG] Built 10 external predicate callbacks
2026/05/19 15:52:13.103803 [DEBUG] Built 10 external predicate callbacks
2026/05/19 15:52:14.458635 [DEBUG] Built 10 external predicate callbacks
2026/05/19 15:52:15.821884 [DEBUG] Built 10 external predicate callbacks
2026/05/19 15:52:17.492094 [DEBUG] Built 10 external predicate callbacks
2026/05/19 15:52:19.249575 [DEBUG] Built 10 external predicate callbacks
2026/05/19 15:52:20.851132 [DEBUG] Built 10 external predicate callbacks
2026/05/19 15:52:22.557081 [DEBUG] Built 10 external predicate callbacks
2026/05/19 15:52:24.254721 [DEBUG] Built 10 external predicate callbacks
2026/05/19 15:52:25.910332 [DEBUG] Built 10 external predicate callbacks
2026/05/19 15:52:27.498289 [DEBUG] Built 10 external predicate callbacks
2026/05/19 15:52:29.131585 [DEBUG] Built 10 external predicate callbacks
2026/05/19 15:52:30.796158 [DEBUG] Built 10 external predicate callbacks
2026/05/19 15:52:32.412221 [DEBUG] Built 10 external predicate callbacks
2026/05/19 15:52:34.077577 [DEBUG] Built 10 external predicate callbacks
2026/05/19 15:52:35.659879 [DEBUG] Built 10 external predicate callbacks
2026/05/19 15:52:37.327598 [DEBUG] Built 10 external predicate callbacks
2026/05/19 15:52:39.104191 [DEBUG] Built 10 external predicate callbacks
2026/05/19 15:52:40.544176 [DEBUG] Built 10 external predicate callbacks
2026/05/19 15:52:41.984414 [DEBUG] Built 10 external predicate callbacks
2026/05/19 15:52:43.414669 [DEBUG] Built 10 external predicate callbacks
2026/05/19 15:52:44.874207 [DEBUG] Built 10 external predicate callbacks
2026/05/19 15:52:46.299554 [DEBUG] Built 10 external predicate callbacks
2026/05/19 15:52:47.669275 [DEBUG] Built 10 external predicate callbacks
2026/05/19 15:52:49.128012 [DEBUG] Built 10 external predicate callbacks
2026/05/19 15:52:50.599188 [DEBUG] Built 10 external predicate callbacks
2026/05/19 15:52:51.999369 [DEBUG] Built 10 external predicate callbacks
2026/05/19 15:52:53.412846 [DEBUG] Built 10 external predicate callbacks
2026/05/19 15:52:54.801626 [DEBUG] Built 10 external predicate callbacks
2026/05/19 15:52:56.220800 [DEBUG] Built 10 external predicate callbacks
2026/05/19 15:52:57.629640 [DEBUG] Built 10 external predicate callbacks
2026/05/19 15:52:59.012560 [DEBUG] Built 10 external predicate callbacks
2026/05/19 15:53:00.386291 [DEBUG] Built 10 external predicate callbacks
2026/05/19 15:53:01.794187 [DEBUG] Built 10 external predicate callbacks
2026/05/19 15:53:03.239950 [DEBUG] Built 10 external predicate callbacks
2026/05/19 15:53:04.739328 [DEBUG] Built 10 external predicate callbacks
2026/05/19 15:53:06.207073 [DEBUG] Built 10 external predicate callbacks
2026/05/19 15:53:07.619321 [DEBUG] Built 10 external predicate callbacks
2026/05/19 15:53:09.110364 [DEBUG] Built 10 external predicate callbacks
2026/05/19 15:53:10.585481 [DEBUG] Built 10 external predicate callbacks
2026/05/19 15:53:12.102228 [DEBUG] Built 10 external predicate callbacks
2026/05/19 15:53:13.556702 [DEBUG] Built 10 external predicate callbacks
2026/05/19 15:53:15.054788 [DEBUG] Built 10 external predicate callbacks
2026/05/19 15:53:16.539065 [DEBUG] Built 10 external predicate callbacks
2026/05/19 15:53:18.003571 [DEBUG] Built 10 external predicate callbacks
2026/05/19 15:53:19.473867 [DEBUG] Built 10 external predicate callbacks
2026/05/19 15:53:20.952303 [DEBUG] Built 10 external predicate callbacks
2026/05/19 15:53:22.461458 [DEBUG] Built 10 external predicate callbacks
2026/05/19 15:53:23.852506 [DEBUG] Built 10 external predicate callbacks
2026/05/19 15:53:25.254344 [DEBUG] Built 10 external predicate callbacks
2026/05/19 15:53:26.682605 [DEBUG] Built 10 external predicate callbacks
2026/05/19 15:53:28.150400 [DEBUG] Built 10 external predicate callbacks
2026/05/19 15:53:29.578202 [DEBUG] Built 10 external predicate callbacks
2026/05/19 15:53:31.123204 [DEBUG] Built 10 external predicate callbacks
2026/05/19 15:53:32.646270 [DEBUG] Built 10 external predicate callbacks
2026/05/19 15:53:34.130419 [DEBUG] Built 10 external predicate callbacks
2026/05/19 15:53:35.554636 [DEBUG] Built 10 external predicate callbacks
2026/05/19 15:53:36.960678 [DEBUG] Built 10 external predicate callbacks
2026/05/19 15:53:38.378303 [DEBUG] Built 10 external predicate callbacks
2026/05/19 15:53:39.793313 [DEBUG] Built 10 external predicate callbacks
2026/05/19 15:53:41.260193 [DEBUG] Built 10 external predicate callbacks
2026/05/19 15:53:42.662049 [DEBUG] Built 10 external predicate callbacks
2026/05/19 15:53:44.113650 [DEBUG] Built 10 external predicate callbacks
2026/05/19 15:53:45.483623 [DEBUG] Built 10 external predicate callbacks
2026/05/19 15:53:46.877563 [DEBUG] Built 10 external predicate callbacks
2026/05/19 15:53:48.290554 [DEBUG] Built 10 external predicate callbacks
2026/05/19 15:53:49.707091 [DEBUG] Built 10 external predicate callbacks
2026/05/19 15:53:51.136395 [DEBUG] Built 10 external predicate callbacks
2026/05/19 15:53:52.502258 [DEBUG] Built 10 external predicate callbacks
2026/05/19 15:53:53.894189 [DEBUG] Built 10 external predicate callbacks
2026/05/19 15:53:55.296365 [DEBUG] Built 10 external predicate callbacks
2026/05/19 15:53:56.674738 [DEBUG] Built 10 external predicate callbacks
2026/05/19 15:53:58.056757 [DEBUG] Built 10 external predicate callbacks
2026/05/19 15:53:59.456897 [DEBUG] Built 10 external predicate callbacks
2026/05/19 15:54:00.830023 [DEBUG] Built 10 external predicate callbacks
2026/05/19 15:54:02.219466 [DEBUG] Built 10 external predicate callbacks
2026/05/19 15:54:03.665553 [DEBUG] Built 10 external predicate callbacks
2026/05/19 15:54:05.143780 [DEBUG] Built 10 external predicate callbacks
2026/05/19 15:54:06.514360 [DEBUG] Built 10 external predicate callbacks
2026/05/19 15:54:07.943923 [DEBUG] Built 10 external predicate callbacks
2026/05/19 15:54:09.340569 [DEBUG] Built 10 external predicate callbacks
2026/05/19 15:54:10.817174 [DEBUG] Built 10 external predicate callbacks
2026/05/19 15:54:12.284238 [DEBUG] Built 10 external predicate callbacks
2026/05/19 15:54:13.699741 [DEBUG] Built 10 external predicate callbacks
2026/05/19 15:54:15.187190 [DEBUG] Built 10 external predicate callbacks
2026/05/19 15:54:16.568600 [DEBUG] Built 10 external predicate callbacks
2026/05/19 15:54:17.976705 [DEBUG] Built 10 external predicate callbacks
2026/05/19 15:54:19.435444 [DEBUG] Built 10 external predicate callbacks
2026/05/19 15:54:20.859063 [DEBUG] Built 10 external predicate callbacks
2026/05/19 15:54:22.265529 [DEBUG] Built 10 external predicate callbacks
2026/05/19 15:54:23.652735 [DEBUG] Built 10 external predicate callbacks
2026/05/19 15:54:25.046673 [DEBUG] Built 10 external predicate callbacks
2026/05/19 15:54:26.446413 [DEBUG] Built 10 external predicate callbacks
2026/05/19 15:54:27.836041 [DEBUG] Built 10 external predicate callbacks
2026/05/19 15:54:29.241925 [DEBUG] Built 10 external predicate callbacks
2026/05/19 15:54:30.612434 [DEBUG] Built 10 external predicate callbacks
2026/05/19 15:54:31.995412 [DEBUG] Built 10 external predicate callbacks
2026/05/19 15:54:33.559408 [DEBUG] Built 10 external predicate callbacks
2026/05/19 15:54:35.339520 [DEBUG] Built 10 external predicate callbacks
2026/05/19 15:54:36.892111 [DEBUG] Built 10 external predicate callbacks
2026/05/19 15:54:38.629460 [DEBUG] Built 10 external predicate callbacks
2026/05/19 15:54:40.286765 [DEBUG] Built 10 external predicate callbacks
2026/05/19 15:54:41.876982 [DEBUG] Built 10 external predicate callbacks
2026/05/19 15:54:43.515571 [DEBUG] Built 10 external predicate callbacks
2026/05/19 15:54:45.329296 [DEBUG] Built 10 external predicate callbacks
2026/05/19 15:54:46.890518 [DEBUG] Built 10 external predicate callbacks
2026/05/19 15:54:48.519751 [DEBUG] Built 10 external predicate callbacks
2026/05/19 15:54:50.184138 [DEBUG] Built 10 external predicate callbacks
2026/05/19 15:54:51.761095 [DEBUG] Built 10 external predicate callbacks
2026/05/19 15:54:53.384443 [DEBUG] Built 10 external predicate callbacks
2026/05/19 15:54:54.965807 [DEBUG] Built 10 external predicate callbacks
2026/05/19 15:54:56.631992 [DEBUG] Built 10 external predicate callbacks
2026/05/19 15:54:58.252514 [DEBUG] Built 10 external predicate callbacks
2026/05/19 15:54:59.831063 [DEBUG] Built 10 external predicate callbacks
2026/05/19 15:55:01.449920 [DEBUG] Built 10 external predicate callbacks
2026/05/19 15:55:03.071984 [DEBUG] Built 10 external predicate callbacks
2026/05/19 15:55:04.727704 [DEBUG] Built 10 external predicate callbacks
2026/05/19 15:55:06.430543 [DEBUG] Built 10 external predicate callbacks
2026/05/19 15:55:08.156048 [DEBUG] Built 10 external predicate callbacks
2026/05/19 15:55:09.724063 [DEBUG] Built 10 external predicate callbacks
2026/05/19 15:55:11.309761 [DEBUG] Built 10 external predicate callbacks
2026/05/19 15:55:12.897224 [DEBUG] Built 10 external predicate callbacks
2026/05/19 15:55:14.486999 [DEBUG] Built 10 external predicate callbacks
2026/05/19 15:55:16.103771 [DEBUG] Built 10 external predicate callbacks
2026/05/19 15:55:17.756055 [DEBUG] Built 10 external predicate callbacks
2026/05/19 15:55:19.486933 [DEBUG] Built 10 external predicate callbacks
2026/05/19 15:55:21.188180 [DEBUG] Built 10 external predicate callbacks
2026/05/19 15:55:22.803258 [DEBUG] Built 10 external predicate callbacks
2026/05/19 15:55:24.402709 [DEBUG] Built 10 external predicate callbacks
2026/05/19 15:55:25.926961 [DEBUG] Built 10 external predicate callbacks
2026/05/19 15:55:27.601794 [DEBUG] Built 10 external predicate callbacks
2026/05/19 15:55:29.172759 [DEBUG] Built 10 external predicate callbacks
2026/05/19 15:55:30.711014 [DEBUG] Built 10 external predicate callbacks
2026/05/19 15:55:32.342554 [DEBUG] Built 10 external predicate callbacks
2026/05/19 15:55:33.955848 [DEBUG] Built 10 external predicate callbacks
2026/05/19 15:55:35.606762 [DEBUG] Built 10 external predicate callbacks
2026/05/19 15:55:37.308944 [DEBUG] Built 10 external predicate callbacks
2026/05/19 15:55:38.961148 [DEBUG] Built 10 external predicate callbacks
2026/05/19 15:55:40.577679 [DEBUG] Built 10 external predicate callbacks
2026/05/19 15:55:42.184735 [DEBUG] Built 10 external predicate callbacks
2026/05/19 15:55:43.844161 [DEBUG] Built 10 external predicate callbacks
2026/05/19 15:55:45.320402 [DEBUG] Built 10 external predicate callbacks
2026/05/19 15:55:46.698774 [DEBUG] Built 10 external predicate callbacks
2026/05/19 15:55:48.130915 [DEBUG] Built 10 external predicate callbacks
2026/05/19 15:55:49.562519 [DEBUG] Built 10 external predicate callbacks
2026/05/19 15:55:50.991252 [DEBUG] Built 10 external predicate callbacks
2026/05/19 15:55:52.382787 [DEBUG] Built 10 external predicate callbacks
2026/05/19 15:55:53.740924 [DEBUG] Built 10 external predicate callbacks
2026/05/19 15:55:55.131065 [DEBUG] Built 10 external predicate callbacks
2026/05/19 15:55:56.486822 [DEBUG] Built 10 external predicate callbacks
2026/05/19 15:55:57.884031 [DEBUG] Built 10 external predicate callbacks
2026/05/19 15:55:59.287733 [DEBUG] Built 10 external predicate callbacks
2026/05/19 15:56:00.696913 [DEBUG] Built 10 external predicate callbacks
2026/05/19 15:56:02.114002 [DEBUG] Built 10 external predicate callbacks
2026/05/19 15:56:03.600363 [DEBUG] Built 10 external predicate callbacks
2026/05/19 15:56:05.052221 [DEBUG] Built 10 external predicate callbacks
2026/05/19 15:56:06.548146 [DEBUG] Built 10 external predicate callbacks
2026/05/19 15:56:08.131371 [DEBUG] Built 10 external predicate callbacks
2026/05/19 15:56:09.552657 [DEBUG] Built 10 external predicate callbacks
2026/05/19 15:56:10.943857 [DEBUG] Built 10 external predicate callbacks
2026/05/19 15:56:12.352914 [DEBUG] Built 10 external predicate callbacks
2026/05/19 15:56:13.727834 [DEBUG] Built 10 external predicate callbacks
2026/05/19 15:56:15.112684 [DEBUG] Built 10 external predicate callbacks
2026/05/19 15:56:16.485721 [DEBUG] Built 10 external predicate callbacks
2026/05/19 15:56:17.867001 [DEBUG] Built 10 external predicate callbacks
2026/05/19 15:56:19.305975 [DEBUG] Built 10 external predicate callbacks
2026/05/19 15:56:20.732411 [DEBUG] Built 10 external predicate callbacks
2026/05/19 15:56:22.161861 [DEBUG] Built 10 external predicate callbacks
2026/05/19 15:56:23.571247 [DEBUG] Built 10 external predicate callbacks
2026/05/19 15:56:24.980909 [DEBUG] Built 10 external predicate callbacks
2026/05/19 15:56:26.386373 [DEBUG] Built 10 external predicate callbacks
2026/05/19 15:56:27.713871 [DEBUG] Built 10 external predicate callbacks
2026/05/19 15:56:29.110511 [DEBUG] Built 10 external predicate callbacks
2026/05/19 15:56:30.482823 [DEBUG] Built 10 external predicate callbacks
2026/05/19 15:56:31.877920 [DEBUG] Built 10 external predicate callbacks
2026/05/19 15:56:33.282401 [DEBUG] Built 10 external predicate callbacks
2026/05/19 15:56:34.698079 [DEBUG] Built 10 external predicate callbacks
2026/05/19 15:56:36.081136 [DEBUG] Built 10 external predicate callbacks
2026/05/19 15:56:37.485555 [DEBUG] Built 10 external predicate callbacks
2026/05/19 15:56:39.022972 [DEBUG] Built 10 external predicate callbacks
2026/05/19 15:56:40.646745 [DEBUG] Built 10 external predicate callbacks
2026/05/19 15:56:42.248790 [DEBUG] Built 10 external predicate callbacks
2026/05/19 15:56:43.961382 [DEBUG] Built 10 external predicate callbacks
2026/05/19 15:56:45.612173 [DEBUG] Built 10 external predicate callbacks
2026/05/19 15:56:47.194116 [DEBUG] Built 10 external predicate callbacks
2026/05/19 15:56:48.797904 [DEBUG] Built 10 external predicate callbacks
2026/05/19 15:56:50.481993 [DEBUG] Built 10 external predicate callbacks
2026/05/19 15:56:52.060695 [DEBUG] Built 10 external predicate callbacks
2026/05/19 15:56:53.617688 [DEBUG] Built 10 external predicate callbacks
2026/05/19 15:56:55.245363 [DEBUG] Built 10 external predicate callbacks
2026/05/19 15:56:56.783883 [DEBUG] Built 10 external predicate callbacks
2026/05/19 15:56:58.355198 [DEBUG] Built 10 external predicate callbacks
2026/05/19 15:56:59.898360 [DEBUG] Built 10 external predicate callbacks
2026/05/19 15:57:01.579864 [DEBUG] Built 10 external predicate callbacks
2026/05/19 15:57:03.190278 [DEBUG] Built 10 external predicate callbacks
2026/05/19 15:57:04.855985 [DEBUG] Built 10 external predicate callbacks
2026/05/19 15:57:06.536224 [DEBUG] Built 10 external predicate callbacks
2026/05/19 15:57:08.308636 [DEBUG] Built 10 external predicate callbacks
2026/05/19 15:57:09.831980 [DEBUG] Built 10 external predicate callbacks
2026/05/19 15:57:11.526700 [DEBUG] Built 10 external predicate callbacks
2026/05/19 15:57:13.079828 [DEBUG] Built 10 external predicate callbacks
2026/05/19 15:57:14.648939 [DEBUG] Built 10 external predicate callbacks
2026/05/19 15:57:16.218377 [DEBUG] Built 10 external predicate callbacks
2026/05/19 15:57:17.799501 [DEBUG] Built 10 external predicate callbacks
2026/05/19 15:57:19.493077 [DEBUG] Built 10 external predicate callbacks
2026/05/19 15:57:21.071721 [DEBUG] Built 10 external predicate callbacks
2026/05/19 15:57:22.718451 [DEBUG] Built 10 external predicate callbacks
2026/05/19 15:57:24.330546 [DEBUG] Built 10 external predicate callbacks
2026/05/19 15:57:25.730015 [DEBUG] Built 10 external predicate callbacks
2026/05/19 15:57:27.139150 [DEBUG] Built 10 external predicate callbacks
2026/05/19 15:57:28.671804 [DEBUG] Built 10 external predicate callbacks
2026/05/19 15:57:30.181364 [DEBUG] Built 10 external predicate callbacks
2026/05/19 15:57:31.608793 [DEBUG] Built 10 external predicate callbacks
2026/05/19 15:57:33.028108 [DEBUG] Built 10 external predicate callbacks
2026/05/19 15:57:34.473412 [DEBUG] Built 10 external predicate callbacks
2026/05/19 15:57:35.856560 [DEBUG] Built 10 external predicate callbacks
2026/05/19 15:57:37.248225 [DEBUG] Built 10 external predicate callbacks
2026/05/19 15:57:38.625174 [DEBUG] Built 10 external predicate callbacks
2026/05/19 15:57:39.982471 [DEBUG] Built 10 external predicate callbacks
2026/05/19 15:57:41.373832 [DEBUG] Built 10 external predicate callbacks
2026/05/19 15:57:42.739417 [DEBUG] Built 10 external predicate callbacks
2026/05/19 15:57:44.140893 [DEBUG] Built 10 external predicate callbacks
2026/05/19 15:57:45.498347 [DEBUG] Built 10 external predicate callbacks
2026/05/19 15:57:46.836952 [DEBUG] Built 10 external predicate callbacks
2026/05/19 15:57:48.262168 [DEBUG] Built 10 external predicate callbacks
2026/05/19 15:57:49.668117 [DEBUG] Built 10 external predicate callbacks
2026/05/19 15:57:51.071685 [DEBUG] Built 10 external predicate callbacks
2026/05/19 15:57:52.490947 [DEBUG] Built 10 external predicate callbacks
2026/05/19 15:57:53.854030 [DEBUG] Built 10 external predicate callbacks
2026/05/19 15:57:55.251787 [DEBUG] Built 10 external predicate callbacks
2026/05/19 15:57:56.615778 [DEBUG] Built 10 external predicate callbacks
2026/05/19 15:57:58.014460 [DEBUG] Built 10 external predicate callbacks
2026/05/19 15:57:59.387560 [DEBUG] Built 10 external predicate callbacks
2026/05/19 15:58:00.752898 [DEBUG] Built 10 external predicate callbacks
2026/05/19 15:58:02.123436 [DEBUG] Built 10 external predicate callbacks
2026/05/19 15:58:03.540798 [DEBUG] Built 10 external predicate callbacks
2026/05/19 15:58:04.973072 [DEBUG] Built 10 external predicate callbacks
2026/05/19 15:58:06.392440 [DEBUG] Built 10 external predicate callbacks
2026/05/19 15:58:07.826351 [DEBUG] Built 10 external predicate callbacks
2026/05/19 15:58:09.210475 [DEBUG] Built 10 external predicate callbacks
2026/05/19 15:58:10.592451 [DEBUG] Built 10 external predicate callbacks
2026/05/19 15:58:12.035396 [DEBUG] Built 10 external predicate callbacks
2026/05/19 15:58:13.492791 [DEBUG] Built 10 external predicate callbacks
2026/05/19 15:58:14.917713 [DEBUG] Built 10 external predicate callbacks
2026/05/19 15:58:16.346595 [DEBUG] Built 10 external predicate callbacks
2026/05/19 15:58:17.705868 [DEBUG] Built 10 external predicate callbacks
2026/05/19 15:58:19.138078 [DEBUG] Built 10 external predicate callbacks
2026/05/19 15:58:20.604613 [DEBUG] Built 10 external predicate callbacks
2026/05/19 15:58:22.008421 [DEBUG] Built 10 external predicate callbacks
2026/05/19 15:58:23.441278 [DEBUG] Built 10 external predicate callbacks
2026/05/19 15:58:24.905565 [DEBUG] Built 10 external predicate callbacks
2026/05/19 15:58:26.352966 [DEBUG] Built 10 external predicate callbacks
2026/05/19 15:58:27.705912 [DEBUG] Built 10 external predicate callbacks
2026/05/19 15:58:29.086929 [DEBUG] Built 10 external predicate callbacks
2026/05/19 15:58:30.452039 [DEBUG] Built 10 external predicate callbacks
2026/05/19 15:58:31.820751 [DEBUG] Built 10 external predicate callbacks
2026/05/19 15:58:33.207550 [DEBUG] Built 10 external predicate callbacks
2026/05/19 15:58:34.693525 [DEBUG] Built 10 external predicate callbacks
2026/05/19 15:58:36.141326 [DEBUG] Built 10 external predicate callbacks
2026/05/19 15:58:37.569812 [DEBUG] Built 10 external predicate callbacks
2026/05/19 15:58:38.965099 [DEBUG] Built 10 external predicate callbacks
2026/05/19 15:58:40.351447 [DEBUG] Built 10 external predicate callbacks
2026/05/19 15:58:41.748373 [DEBUG] Built 10 external predicate callbacks
2026/05/19 15:58:43.207715 [DEBUG] Built 10 external predicate callbacks
2026/05/19 15:58:44.670633 [DEBUG] Built 10 external predicate callbacks
2026/05/19 15:58:46.069754 [DEBUG] Built 10 external predicate callbacks
2026/05/19 15:58:47.481815 [DEBUG] Built 10 external predicate callbacks
2026/05/19 15:58:48.894077 [DEBUG] Built 10 external predicate callbacks
2026/05/19 15:58:50.347688 [DEBUG] Built 10 external predicate callbacks
2026/05/19 15:58:51.769245 [DEBUG] Built 10 external predicate callbacks
2026/05/19 15:58:53.153059 [DEBUG] Built 10 external predicate callbacks
2026/05/19 15:58:54.537253 [DEBUG] Built 10 external predicate callbacks
2026/05/19 15:58:55.916352 [DEBUG] Built 10 external predicate callbacks
2026/05/19 15:58:57.329768 [DEBUG] Built 10 external predicate callbacks
2026/05/19 15:58:58.724383 [DEBUG] Built 10 external predicate callbacks
2026/05/19 15:59:00.113894 [DEBUG] Built 10 external predicate callbacks
2026/05/19 15:59:01.507872 [DEBUG] Built 10 external predicate callbacks
2026/05/19 15:59:02.937043 [DEBUG] Built 10 external predicate callbacks
2026/05/19 15:59:04.441280 [DEBUG] Built 10 external predicate callbacks
2026/05/19 15:59:05.854513 [DEBUG] Built 10 external predicate callbacks
2026/05/19 15:59:07.277894 [DEBUG] Built 10 external predicate callbacks
2026/05/19 15:59:08.690602 [DEBUG] Built 10 external predicate callbacks
2026/05/19 15:59:10.072455 [DEBUG] Built 10 external predicate callbacks
2026/05/19 15:59:11.514275 [DEBUG] Built 10 external predicate callbacks
2026/05/19 15:59:12.888382 [DEBUG] Built 10 external predicate callbacks
2026/05/19 15:59:14.335837 [DEBUG] Built 10 external predicate callbacks
2026/05/19 15:59:15.774803 [DEBUG] Built 10 external predicate callbacks
2026/05/19 15:59:17.168452 [DEBUG] Built 10 external predicate callbacks
2026/05/19 15:59:18.603992 [DEBUG] Built 10 external predicate callbacks
2026/05/19 15:59:20.050906 [DEBUG] Built 10 external predicate callbacks
2026/05/19 15:59:21.465706 [DEBUG] Built 10 external predicate callbacks
2026/05/19 15:59:22.820941 [DEBUG] Built 10 external predicate callbacks
2026/05/19 15:59:24.205845 [DEBUG] Built 10 external predicate callbacks
2026/05/19 15:59:25.615912 [DEBUG] Built 10 external predicate callbacks
2026/05/19 15:59:26.993969 [DEBUG] Built 10 external predicate callbacks
2026/05/19 15:59:28.376469 [DEBUG] Built 10 external predicate callbacks
2026/05/19 15:59:29.762502 [DEBUG] Built 10 external predicate callbacks
2026/05/19 15:59:31.150898 [DEBUG] Built 10 external predicate callbacks
2026/05/19 15:59:32.538638 [DEBUG] Built 10 external predicate callbacks
2026/05/19 15:59:33.971506 [DEBUG] Built 10 external predicate callbacks
2026/05/19 15:59:35.420821 [DEBUG] Built 10 external predicate callbacks
2026/05/19 15:59:37.050575 [DEBUG] Built 10 external predicate callbacks
2026/05/19 15:59:38.815460 [DEBUG] Built 10 external predicate callbacks
2026/05/19 15:59:40.502293 [DEBUG] Built 10 external predicate callbacks
2026/05/19 15:59:42.118364 [DEBUG] Built 10 external predicate callbacks
2026/05/19 15:59:43.541555 [DEBUG] Built 10 external predicate callbacks
2026/05/19 15:59:44.959783 [DEBUG] Built 10 external predicate callbacks
2026/05/19 15:59:46.354883 [DEBUG] Built 10 external predicate callbacks
2026/05/19 15:59:47.786122 [DEBUG] Built 10 external predicate callbacks
2026/05/19 15:59:49.307149 [DEBUG] Built 10 external predicate callbacks
2026/05/19 15:59:50.704291 [DEBUG] Built 10 external predicate callbacks
2026/05/19 15:59:52.128461 [DEBUG] Built 10 external predicate callbacks
2026/05/19 15:59:53.528901 [DEBUG] Built 10 external predicate callbacks
2026/05/19 15:59:55.097131 [DEBUG] Built 10 external predicate callbacks
2026/05/19 15:59:56.502046 [DEBUG] Built 10 external predicate callbacks
2026/05/19 15:59:57.916849 [DEBUG] Built 10 external predicate callbacks
2026/05/19 15:59:59.311638 [DEBUG] Built 10 external predicate callbacks
2026/05/19 16:00:00.701044 [DEBUG] Built 10 external predicate callbacks
2026/05/19 16:00:02.103524 [DEBUG] Built 10 external predicate callbacks
2026/05/19 16:00:03.595461 [DEBUG] Built 10 external predicate callbacks
2026/05/19 16:00:05.081144 [DEBUG] Built 10 external predicate callbacks
2026/05/19 16:00:06.570836 [DEBUG] Built 10 external predicate callbacks
2026/05/19 16:00:08.084574 [DEBUG] Built 10 external predicate callbacks
2026/05/19 16:00:09.485442 [DEBUG] Built 10 external predicate callbacks
2026/05/19 16:00:10.899769 [DEBUG] Built 10 external predicate callbacks
2026/05/19 16:00:12.331960 [DEBUG] Built 10 external predicate callbacks
2026/05/19 16:00:13.829052 [DEBUG] Built 10 external predicate callbacks
2026/05/19 16:00:15.222727 [DEBUG] Built 10 external predicate callbacks
2026/05/19 16:00:16.615850 [DEBUG] Built 10 external predicate callbacks
2026/05/19 16:00:18.049600 [DEBUG] Built 10 external predicate callbacks
2026/05/19 16:00:19.539121 [DEBUG] Built 10 external predicate callbacks
2026/05/19 16:00:20.920734 [DEBUG] Built 10 external predicate callbacks
2026/05/19 16:00:22.318045 [DEBUG] Built 10 external predicate callbacks
2026/05/19 16:00:23.714184 [DEBUG] Built 10 external predicate callbacks
2026/05/19 16:00:25.064392 [DEBUG] Built 10 external predicate callbacks
2026/05/19 16:00:26.684935 [DEBUG] Built 10 external predicate callbacks
2026/05/19 16:00:28.202542 [DEBUG] Built 10 external predicate callbacks
2026/05/19 16:00:29.654681 [DEBUG] Built 10 external predicate callbacks
2026/05/19 16:00:31.076217 [DEBUG] Built 10 external predicate callbacks
2026/05/19 16:00:32.491154 [DEBUG] Built 10 external predicate callbacks
2026/05/19 16:00:33.942894 [DEBUG] Built 10 external predicate callbacks
2026/05/19 16:00:35.388279 [DEBUG] Built 10 external predicate callbacks
2026/05/19 16:00:36.867377 [DEBUG] Built 10 external predicate callbacks
2026/05/19 16:00:38.311484 [DEBUG] Built 10 external predicate callbacks
2026/05/19 16:00:39.783600 [DEBUG] Built 10 external predicate callbacks
2026/05/19 16:00:41.218656 [DEBUG] Built 10 external predicate callbacks
2026/05/19 16:00:42.602859 [DEBUG] Built 10 external predicate callbacks
2026/05/19 16:00:44.083148 [DEBUG] Built 10 external predicate callbacks
2026/05/19 16:00:45.590022 [DEBUG] Built 10 external predicate callbacks
2026/05/19 16:00:47.113002 [DEBUG] Built 10 external predicate callbacks
2026/05/19 16:00:48.613842 [DEBUG] Built 10 external predicate callbacks
2026/05/19 16:00:50.215528 [DEBUG] Built 10 external predicate callbacks
2026/05/19 16:00:51.855087 [DEBUG] Built 10 external predicate callbacks
2026/05/19 16:00:53.353353 [DEBUG] Built 10 external predicate callbacks
2026/05/19 16:00:54.775783 [DEBUG] Built 10 external predicate callbacks
2026/05/19 16:00:56.251509 [DEBUG] Built 10 external predicate callbacks
2026/05/19 16:00:57.711625 [DEBUG] Built 10 external predicate callbacks
2026/05/19 16:00:59.220092 [DEBUG] Built 10 external predicate callbacks
2026/05/19 16:01:00.667625 [DEBUG] Built 10 external predicate callbacks
2026/05/19 16:01:02.281388 [DEBUG] Built 10 external predicate callbacks
2026/05/19 16:01:03.712895 [DEBUG] Built 10 external predicate callbacks
2026/05/19 16:01:05.238056 [DEBUG] Built 10 external predicate callbacks
2026/05/19 16:01:06.632023 [DEBUG] Built 10 external predicate callbacks
2026/05/19 16:01:08.042874 [DEBUG] Built 10 external predicate callbacks
2026/05/19 16:01:09.459342 [DEBUG] Built 10 external predicate callbacks
2026/05/19 16:01:10.907744 [DEBUG] Built 10 external predicate callbacks
2026/05/19 16:01:12.423558 [DEBUG] Built 10 external predicate callbacks
2026/05/19 16:01:13.799924 [DEBUG] Built 10 external predicate callbacks
2026/05/19 16:01:15.189132 [DEBUG] Built 10 external predicate callbacks
2026/05/19 16:01:16.598244 [DEBUG] Built 10 external predicate callbacks
2026/05/19 16:01:18.050705 [DEBUG] Built 10 external predicate callbacks
2026/05/19 16:01:19.508715 [DEBUG] Built 10 external predicate callbacks
2026/05/19 16:01:20.944032 [DEBUG] Built 10 external predicate callbacks
2026/05/19 16:01:22.349881 [DEBUG] Built 10 external predicate callbacks
2026/05/19 16:01:23.780418 [DEBUG] Built 10 external predicate callbacks
2026/05/19 16:01:25.243576 [DEBUG] Built 10 external predicate callbacks
2026/05/19 16:01:26.622986 [DEBUG] Built 10 external predicate callbacks
2026/05/19 16:01:28.009224 [DEBUG] Built 10 external predicate callbacks
2026/05/19 16:01:29.501100 [DEBUG] Built 10 external predicate callbacks
2026/05/19 16:01:31.321190 [DEBUG] Built 10 external predicate callbacks
2026/05/19 16:01:33.014602 [DEBUG] Built 10 external predicate callbacks
2026/05/19 16:01:34.800524 [DEBUG] Built 10 external predicate callbacks
2026/05/19 16:01:36.532307 [DEBUG] Built 10 external predicate callbacks
2026/05/19 16:01:38.448324 [DEBUG] Built 10 external predicate callbacks
2026/05/19 16:01:40.193264 [DEBUG] Built 10 external predicate callbacks
2026/05/19 16:01:42.188696 [DEBUG] Built 10 external predicate callbacks
2026/05/19 16:01:44.110355 [DEBUG] Built 10 external predicate callbacks
2026/05/19 16:01:45.930828 [DEBUG] Built 10 external predicate callbacks
2026/05/19 16:01:47.686131 [DEBUG] Built 10 external predicate callbacks
2026/05/19 16:01:49.454755 [DEBUG] Built 10 external predicate callbacks
2026/05/19 16:01:51.215695 [DEBUG] Built 10 external predicate callbacks
2026/05/19 16:01:53.456239 [DEBUG] Built 10 external predicate callbacks
2026/05/19 16:01:55.511132 [DEBUG] Built 10 external predicate callbacks
2026/05/19 16:01:57.333931 [DEBUG] Built 10 external predicate callbacks
2026/05/19 16:01:59.138990 [DEBUG] Built 10 external predicate callbacks
2026/05/19 16:02:00.970884 [DEBUG] Built 10 external predicate callbacks
2026/05/19 16:02:02.964395 [DEBUG] Built 10 external predicate callbacks
2026/05/19 16:02:04.738598 [DEBUG] Built 10 external predicate callbacks
2026/05/19 16:02:06.581325 [DEBUG] Built 10 external predicate callbacks
2026/05/19 16:02:08.595732 [DEBUG] Built 10 external predicate callbacks
2026/05/19 16:02:10.500002 [DEBUG] Built 10 external predicate callbacks
2026/05/19 16:02:12.178442 [DEBUG] Built 10 external predicate callbacks
2026/05/19 16:02:13.716069 [DEBUG] Built 10 external predicate callbacks
2026/05/19 16:02:15.182443 [DEBUG] Built 10 external predicate callbacks
2026/05/19 16:02:16.745430 [DEBUG] Built 10 external predicate callbacks
2026/05/19 16:02:18.761320 [DEBUG] Built 10 external predicate callbacks
2026/05/19 16:02:20.557883 [DEBUG] Built 10 external predicate callbacks
2026/05/19 16:02:22.112530 [DEBUG] Built 10 external predicate callbacks
2026/05/19 16:02:23.672902 [DEBUG] Built 10 external predicate callbacks
2026/05/19 16:02:25.146367 [DEBUG] Built 10 external predicate callbacks
2026/05/19 16:02:26.620720 [DEBUG] Built 10 external predicate callbacks
2026/05/19 16:02:28.100506 [DEBUG] Built 10 external predicate callbacks
2026/05/19 16:02:29.574922 [DEBUG] Built 10 external predicate callbacks
2026/05/19 16:02:31.127525 [DEBUG] Built 10 external predicate callbacks
2026/05/19 16:02:32.672698 [DEBUG] Built 10 external predicate callbacks
2026/05/19 16:02:34.221085 [DEBUG] Built 10 external predicate callbacks
2026/05/19 16:02:35.820792 [DEBUG] Built 10 external predicate callbacks
2026/05/19 16:02:37.427864 [DEBUG] Built 10 external predicate callbacks
2026/05/19 16:02:38.919477 [DEBUG] Built 10 external predicate callbacks
2026/05/19 16:02:40.484051 [DEBUG] Built 10 external predicate callbacks
2026/05/19 16:02:42.055926 [DEBUG] Built 10 external predicate callbacks
2026/05/19 16:02:43.751224 [DEBUG] Built 10 external predicate callbacks
2026/05/19 16:02:45.289839 [DEBUG] Built 10 external predicate callbacks
2026/05/19 16:02:46.777778 [DEBUG] Built 10 external predicate callbacks
2026/05/19 16:02:48.322583 [DEBUG] Built 10 external predicate callbacks
2026/05/19 16:02:49.851385 [DEBUG] Built 10 external predicate callbacks
2026/05/19 16:02:51.344150 [DEBUG] Built 10 external predicate callbacks
2026/05/19 16:02:52.852420 [DEBUG] Built 10 external predicate callbacks
2026/05/19 16:02:54.307409 [DEBUG] Built 10 external predicate callbacks
2026/05/19 16:02:55.847434 [DEBUG] Built 10 external predicate callbacks
2026/05/19 16:02:57.397792 [DEBUG] Built 10 external predicate callbacks
2026/05/19 16:02:58.856599 [DEBUG] Built 10 external predicate callbacks
2026/05/19 16:03:00.314348 [DEBUG] Built 10 external predicate callbacks
2026/05/19 16:03:01.873684 [DEBUG] Built 10 external predicate callbacks
2026/05/19 16:03:03.324390 [DEBUG] Built 10 external predicate callbacks
2026/05/19 16:03:04.800148 [DEBUG] Built 10 external predicate callbacks
2026/05/19 16:03:06.582546 [DEBUG] Built 10 external predicate callbacks
2026/05/19 16:03:08.275692 [DEBUG] Built 10 external predicate callbacks
2026/05/19 16:03:09.838243 [DEBUG] Built 10 external predicate callbacks
2026/05/19 16:03:11.390785 [DEBUG] Built 10 external predicate callbacks
2026/05/19 16:03:12.941423 [DEBUG] Built 10 external predicate callbacks
2026/05/19 16:03:14.582461 [DEBUG] Built 10 external predicate callbacks
2026/05/19 16:03:16.232105 [DEBUG] Built 10 external predicate callbacks
2026/05/19 16:03:17.687697 [DEBUG] Built 10 external predicate callbacks
2026/05/19 16:03:19.175100 [DEBUG] Built 10 external predicate callbacks
2026/05/19 16:03:20.700314 [DEBUG] Built 10 external predicate callbacks
2026/05/19 16:03:22.149558 [DEBUG] Built 10 external predicate callbacks
2026/05/19 16:03:23.559157 [DEBUG] Built 10 external predicate callbacks
2026/05/19 16:03:25.203306 [DEBUG] Built 10 external predicate callbacks
2026/05/19 16:03:26.996878 [DEBUG] Built 10 external predicate callbacks
2026/05/19 16:03:28.510091 [DEBUG] Built 10 external predicate callbacks
2026/05/19 16:03:29.960720 [DEBUG] Built 10 external predicate callbacks
2026/05/19 16:03:31.423607 [DEBUG] Built 10 external predicate callbacks
2026/05/19 16:03:32.883921 [DEBUG] Built 10 external predicate callbacks
2026/05/19 16:03:34.356019 [DEBUG] Built 10 external predicate callbacks
2026/05/19 16:03:35.781521 [DEBUG] Built 10 external predicate callbacks
2026/05/19 16:03:37.239014 [DEBUG] Built 10 external predicate callbacks
2026/05/19 16:03:38.700238 [DEBUG] Built 10 external predicate callbacks
2026/05/19 16:03:40.107002 [DEBUG] Built 10 external predicate callbacks
2026/05/19 16:03:41.483667 [DEBUG] Built 10 external predicate callbacks
2026/05/19 16:03:42.850488 [DEBUG] Built 10 external predicate callbacks
2026/05/19 16:03:44.268964 [DEBUG] Built 10 external predicate callbacks
2026/05/19 16:03:45.711915 [DEBUG] Built 10 external predicate callbacks
2026/05/19 16:03:47.137034 [DEBUG] Built 10 external predicate callbacks
2026/05/19 16:03:48.589286 [DEBUG] Built 10 external predicate callbacks
2026/05/19 16:03:50.020451 [DEBUG] Built 10 external predicate callbacks
2026/05/19 16:03:51.504501 [DEBUG] Built 10 external predicate callbacks
2026/05/19 16:03:52.867707 [DEBUG] Built 10 external predicate callbacks
2026/05/19 16:03:54.247237 [DEBUG] Built 10 external predicate callbacks
2026/05/19 16:03:55.673153 [DEBUG] Built 10 external predicate callbacks
2026/05/19 16:03:57.079747 [DEBUG] Built 10 external predicate callbacks
2026/05/19 16:03:58.557374 [DEBUG] Built 10 external predicate callbacks
2026/05/19 16:03:59.953088 [DEBUG] Built 10 external predicate callbacks
2026/05/19 16:04:01.393149 [DEBUG] Built 10 external predicate callbacks
2026/05/19 16:04:02.817914 [DEBUG] Built 10 external predicate callbacks
2026/05/19 16:04:04.375824 [DEBUG] Built 10 external predicate callbacks
2026/05/19 16:04:05.849680 [DEBUG] Built 10 external predicate callbacks
2026/05/19 16:04:07.292000 [DEBUG] Built 10 external predicate callbacks
2026/05/19 16:04:08.862213 [DEBUG] Built 10 external predicate callbacks
2026/05/19 16:04:10.355885 [DEBUG] Built 10 external predicate callbacks
2026/05/19 16:04:11.835772 [DEBUG] Built 10 external predicate callbacks
2026/05/19 16:04:13.224875 [DEBUG] Built 10 external predicate callbacks
2026/05/19 16:04:14.685638 [DEBUG] Built 10 external predicate callbacks
2026/05/19 16:04:16.716023 [DEBUG] Built 10 external predicate callbacks
2026/05/19 16:04:18.262909 [DEBUG] Built 10 external predicate callbacks
2026/05/19 16:04:19.826840 [DEBUG] Built 10 external predicate callbacks
2026/05/19 16:04:21.359322 [DEBUG] Built 10 external predicate callbacks
2026/05/19 16:04:22.841430 [DEBUG] Built 10 external predicate callbacks
2026/05/19 16:04:24.318228 [DEBUG] Built 10 external predicate callbacks
2026/05/19 16:04:25.754337 [DEBUG] Built 10 external predicate callbacks
2026/05/19 16:04:27.249998 [DEBUG] Built 10 external predicate callbacks
2026/05/19 16:04:28.741965 [DEBUG] Built 10 external predicate callbacks
2026/05/19 16:04:30.159839 [DEBUG] Built 10 external predicate callbacks
2026/05/19 16:04:31.584570 [DEBUG] Built 10 external predicate callbacks
2026/05/19 16:04:33.010567 [DEBUG] Built 10 external predicate callbacks
2026/05/19 16:04:34.511974 [DEBUG] Built 10 external predicate callbacks
2026/05/19 16:04:36.030379 [DEBUG] Built 10 external predicate callbacks
2026/05/19 16:04:37.548153 [DEBUG] Built 10 external predicate callbacks
2026/05/19 16:04:39.503105 [DEBUG] Built 10 external predicate callbacks
2026/05/19 16:04:41.425938 [DEBUG] Built 10 external predicate callbacks
2026/05/19 16:04:43.394020 [DEBUG] Built 10 external predicate callbacks
2026/05/19 16:04:45.878149 [DEBUG] Built 10 external predicate callbacks
2026/05/19 16:04:48.255707 [DEBUG] Built 10 external predicate callbacks
2026/05/19 16:04:50.444245 [DEBUG] Built 10 external predicate callbacks
2026/05/19 16:04:52.606594 [DEBUG] Built 10 external predicate callbacks
2026/05/19 16:04:54.679583 [DEBUG] Built 10 external predicate callbacks
2026/05/19 16:04:56.692235 [DEBUG] Built 10 external predicate callbacks
2026/05/19 16:04:58.670294 [DEBUG] Built 10 external predicate callbacks
2026/05/19 16:05:00.802240 [DEBUG] Built 10 external predicate callbacks
2026/05/19 16:05:02.760116 [DEBUG] Built 10 external predicate callbacks
2026/05/19 16:05:05.118659 [DEBUG] Built 10 external predicate callbacks
2026/05/19 16:05:07.475412 [DEBUG] Built 10 external predicate callbacks
2026/05/19 16:05:09.658989 [DEBUG] Built 10 external predicate callbacks
2026/05/19 16:05:12.178508 [DEBUG] Built 10 external predicate callbacks
2026/05/19 16:05:13.833846 [DEBUG] Built 10 external predicate callbacks
2026/05/19 16:05:15.842395 [DEBUG] Built 10 external predicate callbacks
2026/05/19 16:05:18.183928 [DEBUG] Built 10 external predicate callbacks
2026/05/19 16:05:20.213146 [DEBUG] Built 10 external predicate callbacks
2026/05/19 16:05:22.485674 [DEBUG] Built 10 external predicate callbacks
2026/05/19 16:05:24.818047 [DEBUG] Built 10 external predicate callbacks
2026/05/19 16:05:27.246843 [DEBUG] Built 10 external predicate callbacks
2026/05/19 16:05:29.287928 [DEBUG] Built 10 external predicate callbacks
2026/05/19 16:05:31.434704 [DEBUG] Built 10 external predicate callbacks
2026/05/19 16:05:34.163341 [DEBUG] Built 10 external predicate callbacks
2026/05/19 16:05:36.210538 [DEBUG] Built 10 external predicate callbacks
2026/05/19 16:05:38.143758 [DEBUG] Built 10 external predicate callbacks
2026/05/19 16:05:39.918870 [DEBUG] Built 10 external predicate callbacks
2026/05/19 16:05:41.657206 [DEBUG] Built 10 external predicate callbacks
2026/05/19 16:05:43.707956 [DEBUG] Built 10 external predicate callbacks
2026/05/19 16:05:45.601548 [DEBUG] Built 10 external predicate callbacks
2026/05/19 16:05:47.592358 [DEBUG] Built 10 external predicate callbacks
2026/05/19 16:05:49.565669 [DEBUG] Built 10 external predicate callbacks
2026/05/19 16:05:51.567043 [DEBUG] Built 10 external predicate callbacks
2026/05/19 16:05:53.504792 [DEBUG] Built 10 external predicate callbacks
2026/05/19 16:05:55.442958 [DEBUG] Built 10 external predicate callbacks
2026/05/19 16:05:57.367739 [DEBUG] Built 10 external predicate callbacks
2026/05/19 16:05:59.385092 [DEBUG] Built 10 external predicate callbacks
2026/05/19 16:06:01.271707 [DEBUG] Built 10 external predicate callbacks
2026/05/19 16:06:02.805755 [DEBUG] Built 10 external predicate callbacks
2026/05/19 16:06:04.374129 [DEBUG] Built 10 external predicate callbacks
2026/05/19 16:06:06.103308 [DEBUG] Built 10 external predicate callbacks
2026/05/19 16:06:07.671045 [DEBUG] Built 10 external predicate callbacks
2026/05/19 16:06:09.194202 [DEBUG] Built 10 external predicate callbacks
2026/05/19 16:06:10.720758 [DEBUG] Built 10 external predicate callbacks
2026/05/19 16:06:12.282020 [DEBUG] Built 10 external predicate callbacks
2026/05/19 16:06:13.831751 [DEBUG] Built 10 external predicate callbacks
2026/05/19 16:06:15.393725 [DEBUG] Built 10 external predicate callbacks
2026/05/19 16:06:16.967125 [DEBUG] Built 10 external predicate callbacks
2026/05/19 16:06:18.614840 [DEBUG] Built 10 external predicate callbacks
2026/05/19 16:06:20.754454 [DEBUG] Built 10 external predicate callbacks
2026/05/19 16:06:22.808459 [DEBUG] Built 10 external predicate callbacks
2026/05/19 16:06:24.654495 [DEBUG] Built 10 external predicate callbacks
2026/05/19 16:06:26.518161 [DEBUG] Built 10 external predicate callbacks
2026/05/19 16:06:28.381050 [DEBUG] Built 10 external predicate callbacks
2026/05/19 16:06:30.242830 [DEBUG] Built 10 external predicate callbacks
2026/05/19 16:06:32.405106 [DEBUG] Built 10 external predicate callbacks
2026/05/19 16:06:34.733959 [DEBUG] Built 10 external predicate callbacks
2026/05/19 16:06:36.731471 [DEBUG] Built 10 external predicate callbacks
2026/05/19 16:06:38.871145 [DEBUG] Built 10 external predicate callbacks
2026/05/19 16:06:40.539591 [DEBUG] Built 10 external predicate callbacks
2026/05/19 16:06:42.094168 [DEBUG] Built 10 external predicate callbacks
2026/05/19 16:06:43.754572 [DEBUG] Built 10 external predicate callbacks
2026/05/19 16:06:45.424704 [DEBUG] Built 10 external predicate callbacks
2026/05/19 16:06:47.187745 [DEBUG] Built 10 external predicate callbacks
2026/05/19 16:06:49.009794 [DEBUG] Built 10 external predicate callbacks
2026/05/19 16:06:50.580451 [DEBUG] Built 10 external predicate callbacks
2026/05/19 16:06:52.119401 [DEBUG] Built 10 external predicate callbacks
2026/05/19 16:06:53.640866 [DEBUG] Built 10 external predicate callbacks
2026/05/19 16:06:55.369597 [DEBUG] Built 10 external predicate callbacks
2026/05/19 16:06:57.010056 [DEBUG] Built 10 external predicate callbacks
2026/05/19 16:06:58.556103 [DEBUG] Built 10 external predicate callbacks
2026/05/19 16:07:00.151973 [DEBUG] Built 10 external predicate callbacks
2026/05/19 16:07:01.904339 [DEBUG] Built 10 external predicate callbacks
2026/05/19 16:07:03.819822 [DEBUG] Built 10 external predicate callbacks
2026/05/19 16:07:07.624957 [DEBUG] Built 10 external predicate callbacks
2026/05/19 16:07:11.612397 [DEBUG] Built 10 external predicate callbacks
2026/05/19 16:07:14.543645 [DEBUG] Built 10 external predicate callbacks
2026/05/19 16:07:17.805315 [DEBUG] Built 10 external predicate callbacks
2026/05/19 16:07:21.559334 [DEBUG] Built 10 external predicate callbacks
2026/05/19 16:07:24.861243 [DEBUG] Built 10 external predicate callbacks
2026/05/19 16:07:28.511707 [DEBUG] Built 10 external predicate callbacks
2026/05/19 16:07:31.643265 [DEBUG] Built 10 external predicate callbacks
2026/05/19 16:07:34.155515 [DEBUG] Built 10 external predicate callbacks
2026/05/19 16:07:37.742541 [DEBUG] Built 10 external predicate callbacks
2026/05/19 16:07:42.110298 [DEBUG] Built 10 external predicate callbacks
2026/05/19 16:07:45.019280 [DEBUG] Built 10 external predicate callbacks
2026/05/19 16:07:47.182736 [DEBUG] Built 10 external predicate callbacks
2026/05/19 16:07:49.320934 [DEBUG] Built 10 external predicate callbacks
2026/05/19 16:07:51.898249 [DEBUG] Built 10 external predicate callbacks
2026/05/19 16:07:54.817855 [DEBUG] Built 10 external predicate callbacks
2026/05/19 16:07:57.646558 [DEBUG] Built 10 external predicate callbacks
2026/05/19 16:07:59.711706 [DEBUG] Built 10 external predicate callbacks
2026/05/19 16:08:01.456467 [DEBUG] Built 10 external predicate callbacks
2026/05/19 16:08:03.131515 [DEBUG] Built 10 external predicate callbacks
2026/05/19 16:08:04.829519 [DEBUG] Built 10 external predicate callbacks
2026/05/19 16:08:07.032682 [DEBUG] Built 10 external predicate callbacks
2026/05/19 16:08:08.560554 [DEBUG] Built 10 external predicate callbacks
2026/05/19 16:08:10.070311 [DEBUG] Built 10 external predicate callbacks
2026/05/19 16:08:11.830469 [DEBUG] Built 10 external predicate callbacks
2026/05/19 16:08:13.717352 [DEBUG] Built 10 external predicate callbacks
2026/05/19 16:08:15.366867 [DEBUG] Built 10 external predicate callbacks
2026/05/19 16:08:17.038809 [DEBUG] Built 10 external predicate callbacks
2026/05/19 16:08:18.926572 [DEBUG] Built 10 external predicate callbacks
2026/05/19 16:08:20.597371 [DEBUG] Built 10 external predicate callbacks
2026/05/19 16:08:22.273039 [DEBUG] Built 10 external predicate callbacks
2026/05/19 16:08:23.977992 [DEBUG] Built 10 external predicate callbacks
2026/05/19 16:08:25.610100 [DEBUG] Built 10 external predicate callbacks
2026/05/19 16:08:27.257868 [DEBUG] Built 10 external predicate callbacks
2026/05/19 16:08:28.885700 [DEBUG] Built 10 external predicate callbacks
2026/05/19 16:08:30.757670 [DEBUG] Built 10 external predicate callbacks
2026/05/19 16:08:32.461516 [DEBUG] Built 10 external predicate callbacks
2026/05/19 16:08:34.231830 [DEBUG] Built 10 external predicate callbacks
2026/05/19 16:08:36.125550 [DEBUG] Built 10 external predicate callbacks
2026/05/19 16:08:38.009141 [DEBUG] Built 10 external predicate callbacks
2026/05/19 16:08:40.044848 [DEBUG] Built 10 external predicate callbacks
2026/05/19 16:08:41.996167 [DEBUG] Built 10 external predicate callbacks
2026/05/19 16:08:44.168819 [DEBUG] Built 10 external predicate callbacks
2026/05/19 16:08:46.049614 [DEBUG] Built 10 external predicate callbacks
2026/05/19 16:08:47.742383 [DEBUG] Built 10 external predicate callbacks
2026/05/19 16:08:49.573675 [DEBUG] Built 10 external predicate callbacks
2026/05/19 16:08:51.490364 [DEBUG] Built 10 external predicate callbacks
2026/05/19 16:08:53.243470 [DEBUG] Built 10 external predicate callbacks
2026/05/19 16:08:55.022327 [DEBUG] Built 10 external predicate callbacks
2026/05/19 16:08:57.002097 [DEBUG] Built 10 external predicate callbacks
2026/05/19 16:08:58.739445 [DEBUG] Built 10 external predicate callbacks
2026/05/19 16:09:00.339196 [DEBUG] Built 10 external predicate callbacks
2026/05/19 16:09:01.991245 [DEBUG] Built 10 external predicate callbacks
2026/05/19 16:09:03.854861 [DEBUG] Built 10 external predicate callbacks
2026/05/19 16:09:05.564152 [DEBUG] Built 10 external predicate callbacks
2026/05/19 16:09:07.766490 [DEBUG] Built 10 external predicate callbacks
2026/05/19 16:09:09.790792 [DEBUG] Built 10 external predicate callbacks
2026/05/19 16:09:11.590304 [DEBUG] Built 10 external predicate callbacks
2026/05/19 16:09:13.285210 [DEBUG] Built 10 external predicate callbacks
2026/05/19 16:09:15.073368 [DEBUG] Built 10 external predicate callbacks
2026/05/19 16:09:17.077469 [DEBUG] Built 10 external predicate callbacks
2026/05/19 16:09:18.989383 [DEBUG] Built 10 external predicate callbacks
2026/05/19 16:09:20.621722 [DEBUG] Built 10 external predicate callbacks
2026/05/19 16:09:22.251672 [DEBUG] Built 10 external predicate callbacks
2026/05/19 16:09:23.852004 [DEBUG] Built 10 external predicate callbacks
2026/05/19 16:09:25.411787 [DEBUG] Built 10 external predicate callbacks
2026/05/19 16:09:27.002578 [DEBUG] Built 10 external predicate callbacks
2026/05/19 16:09:28.766109 [DEBUG] Built 10 external predicate callbacks
2026/05/19 16:09:30.297349 [DEBUG] Built 10 external predicate callbacks
2026/05/19 16:09:31.840439 [DEBUG] Built 10 external predicate callbacks
2026/05/19 16:09:33.395353 [DEBUG] Built 10 external predicate callbacks
2026/05/19 16:09:35.108353 [DEBUG] Built 10 external predicate callbacks
2026/05/19 16:09:36.796177 [DEBUG] Built 10 external predicate callbacks
2026/05/19 16:09:38.411861 [DEBUG] Built 10 external predicate callbacks
2026/05/19 16:09:39.933230 [DEBUG] Built 10 external predicate callbacks
2026/05/19 16:09:41.547312 [DEBUG] Built 10 external predicate callbacks
2026/05/19 16:09:43.118270 [DEBUG] Built 10 external predicate callbacks
2026/05/19 16:09:44.780526 [DEBUG] Built 10 external predicate callbacks
2026/05/19 16:09:46.359332 [DEBUG] Built 10 external predicate callbacks
2026/05/19 16:09:47.984519 [DEBUG] Built 10 external predicate callbacks
2026/05/19 16:09:49.810352 [DEBUG] Built 10 external predicate callbacks
2026/05/19 16:09:52.119250 [DEBUG] Built 10 external predicate callbacks
2026/05/19 16:09:54.462619 [DEBUG] Built 10 external predicate callbacks
2026/05/19 16:09:57.121008 [DEBUG] Built 10 external predicate callbacks
2026/05/19 16:09:59.817072 [DEBUG] Built 10 external predicate callbacks
2026/05/19 16:10:02.512117 [DEBUG] Built 10 external predicate callbacks
2026/05/19 16:10:08.645409 [DEBUG] Built 10 external predicate callbacks
2026/05/19 16:10:11.643338 [DEBUG] Built 10 external predicate callbacks
2026/05/19 16:10:14.361401 [DEBUG] Built 10 external predicate callbacks
2026/05/19 16:10:16.863416 [DEBUG] Built 10 external predicate callbacks
2026/05/19 16:10:19.259167 [DEBUG] Built 10 external predicate callbacks
2026/05/19 16:10:21.546368 [DEBUG] Built 10 external predicate callbacks
2026/05/19 16:10:23.362315 [DEBUG] Built 10 external predicate callbacks
2026/05/19 16:10:25.112112 [DEBUG] Built 10 external predicate callbacks
2026/05/19 16:10:27.272729 [DEBUG] Built 10 external predicate callbacks
2026/05/19 16:10:29.672338 [DEBUG] Built 10 external predicate callbacks
2026/05/19 16:10:31.486028 [DEBUG] Built 10 external predicate callbacks
2026/05/19 16:10:33.250397 [DEBUG] Built 10 external predicate callbacks
2026/05/19 16:10:35.046517 [DEBUG] Built 10 external predicate callbacks
2026/05/19 16:10:37.071599 [DEBUG] Built 10 external predicate callbacks
2026/05/19 16:10:38.942509 [DEBUG] Built 10 external predicate callbacks
2026/05/19 16:10:40.636316 [DEBUG] Built 10 external predicate callbacks
2026/05/19 16:10:42.312892 [DEBUG] Built 10 external predicate callbacks
2026/05/19 16:10:44.169654 [DEBUG] Built 10 external predicate callbacks
2026/05/19 16:10:45.836352 [DEBUG] Built 10 external predicate callbacks
2026/05/19 16:10:47.590982 [DEBUG] Built 10 external predicate callbacks
2026/05/19 16:10:49.750388 [DEBUG] Built 10 external predicate callbacks
2026/05/19 16:10:51.479298 [DEBUG] Built 10 external predicate callbacks
2026/05/19 16:10:53.242205 [DEBUG] Built 10 external predicate callbacks
2026/05/19 16:10:55.180306 [DEBUG] Built 10 external predicate callbacks
2026/05/19 16:10:57.350355 [DEBUG] Built 10 external predicate callbacks
2026/05/19 16:10:59.937947 [DEBUG] Built 10 external predicate callbacks
2026/05/19 16:11:02.740281 [DEBUG] Built 10 external predicate callbacks
2026/05/19 16:11:06.249587 [DEBUG] Built 10 external predicate callbacks
2026/05/19 16:11:10.200419 [DEBUG] Built 10 external predicate callbacks
2026/05/19 16:11:13.953011 [DEBUG] Built 10 external predicate callbacks
2026/05/19 16:11:17.636520 [DEBUG] Built 10 external predicate callbacks
2026/05/19 16:11:21.856602 [DEBUG] Built 10 external predicate callbacks
2026/05/19 16:11:26.231361 [DEBUG] Built 10 external predicate callbacks
2026/05/19 16:11:29.599638 [DEBUG] Built 10 external predicate callbacks
2026/05/19 16:11:32.254249 [DEBUG] Built 10 external predicate callbacks
2026/05/19 16:11:35.101343 [DEBUG] Built 10 external predicate callbacks
2026/05/19 16:11:37.716375 [DEBUG] Built 10 external predicate callbacks
2026/05/19 16:11:40.265209 [DEBUG] Built 10 external predicate callbacks
2026/05/19 16:11:42.743452 [DEBUG] Built 10 external predicate callbacks
2026/05/19 16:11:45.227442 [DEBUG] Built 10 external predicate callbacks
2026/05/19 16:11:47.336783 [DEBUG] Built 10 external predicate callbacks
2026/05/19 16:11:49.473781 [DEBUG] Built 10 external predicate callbacks
2026/05/19 16:11:51.618504 [DEBUG] Built 10 external predicate callbacks
2026/05/19 16:11:53.457640 [DEBUG] Built 10 external predicate callbacks
2026/05/19 16:11:55.605591 [DEBUG] Built 10 external predicate callbacks
2026/05/19 16:11:57.537585 [DEBUG] Built 10 external predicate callbacks
2026/05/19 16:11:59.377151 [DEBUG] Built 10 external predicate callbacks
2026/05/19 16:12:01.376313 [DEBUG] Built 10 external predicate callbacks
2026/05/19 16:12:03.386346 [DEBUG] Built 10 external predicate callbacks
2026/05/19 16:12:05.435660 [DEBUG] Built 10 external predicate callbacks
2026/05/19 16:12:07.436761 [DEBUG] Built 10 external predicate callbacks
2026/05/19 16:12:09.376712 [DEBUG] Built 10 external predicate callbacks
2026/05/19 16:12:11.124303 [DEBUG] Built 10 external predicate callbacks
2026/05/19 16:12:12.696055 [DEBUG] Built 10 external predicate callbacks
2026/05/19 16:12:14.276842 [DEBUG] Built 10 external predicate callbacks
2026/05/19 16:12:16.061885 [DEBUG] Built 10 external predicate callbacks
2026/05/19 16:12:17.626636 [DEBUG] Built 10 external predicate callbacks
2026/05/19 16:12:19.224922 [DEBUG] Built 10 external predicate callbacks
2026/05/19 16:12:20.873162 [DEBUG] Built 10 external predicate callbacks
2026/05/19 16:12:22.494692 [DEBUG] Built 10 external predicate callbacks
2026/05/19 16:12:24.029720 [DEBUG] Built 10 external predicate callbacks
2026/05/19 16:12:25.578898 [DEBUG] Built 10 external predicate callbacks
2026/05/19 16:12:27.185009 [DEBUG] Built 10 external predicate callbacks
2026/05/19 16:12:28.957387 [DEBUG] Built 10 external predicate callbacks
2026/05/19 16:12:30.487266 [DEBUG] Built 10 external predicate callbacks
2026/05/19 16:12:32.133162 [DEBUG] Built 10 external predicate callbacks
2026/05/19 16:12:33.718127 [DEBUG] Built 10 external predicate callbacks
2026/05/19 16:12:35.932515 [DEBUG] Built 10 external predicate callbacks
2026/05/19 16:12:38.266916 [DEBUG] Built 10 external predicate callbacks
2026/05/19 16:12:40.292853 [DEBUG] Built 10 external predicate callbacks
2026/05/19 16:12:42.499945 [DEBUG] Built 10 external predicate callbacks
2026/05/19 16:12:44.626104 [DEBUG] Built 10 external predicate callbacks
2026/05/19 16:12:46.739601 [DEBUG] Built 10 external predicate callbacks
2026/05/19 16:12:48.930654 [DEBUG] Built 10 external predicate callbacks
2026/05/19 16:12:51.063745 [DEBUG] Built 10 external predicate callbacks
2026/05/19 16:12:53.237087 [DEBUG] Built 10 external predicate callbacks
2026/05/19 16:12:55.215635 [DEBUG] Built 10 external predicate callbacks
2026/05/19 16:12:57.289394 [DEBUG] Built 10 external predicate callbacks
2026/05/19 16:12:59.401490 [DEBUG] Built 10 external predicate callbacks
2026/05/19 16:13:01.742030 [DEBUG] Built 10 external predicate callbacks
2026/05/19 16:13:03.962610 [DEBUG] Built 10 external predicate callbacks
2026/05/19 16:13:06.085823 [DEBUG] Built 10 external predicate callbacks
2026/05/19 16:13:08.273524 [DEBUG] Built 10 external predicate callbacks
2026/05/19 16:13:10.128540 [DEBUG] Built 10 external predicate callbacks
2026/05/19 16:13:12.144427 [DEBUG] Built 10 external predicate callbacks
2026/05/19 16:13:14.070977 [DEBUG] Built 10 external predicate callbacks
2026/05/19 16:13:15.912937 [DEBUG] Built 10 external predicate callbacks
2026/05/19 16:13:17.890356 [DEBUG] Built 10 external predicate callbacks
2026/05/19 16:13:20.035757 [DEBUG] Built 10 external predicate callbacks
2026/05/19 16:13:22.105985 [DEBUG] Built 10 external predicate callbacks
2026/05/19 16:13:24.214329 [DEBUG] Built 10 external predicate callbacks
2026/05/19 16:13:26.354952 [DEBUG] Built 10 external predicate callbacks
2026/05/19 16:13:28.289304 [DEBUG] Built 10 external predicate callbacks
2026/05/19 16:13:30.257869 [DEBUG] Built 10 external predicate callbacks
2026/05/19 16:13:32.178536 [DEBUG] Built 10 external predicate callbacks
2026/05/19 16:13:34.177790 [DEBUG] Built 10 external predicate callbacks
2026/05/19 16:13:36.201004 [DEBUG] Built 10 external predicate callbacks
2026/05/19 16:13:38.275921 [DEBUG] Built 10 external predicate callbacks
2026/05/19 16:13:40.217837 [DEBUG] Built 10 external predicate callbacks
2026/05/19 16:13:42.071373 [DEBUG] Built 10 external predicate callbacks
2026/05/19 16:13:44.058342 [DEBUG] Built 10 external predicate callbacks
2026/05/19 16:13:46.122876 [DEBUG] Built 10 external predicate callbacks
2026/05/19 16:13:48.067435 [DEBUG] Built 10 external predicate callbacks
2026/05/19 16:13:49.997414 [DEBUG] Built 10 external predicate callbacks
2026/05/19 16:13:51.884900 [DEBUG] Built 10 external predicate callbacks
2026/05/19 16:13:53.793535 [DEBUG] Built 10 external predicate callbacks
2026/05/19 16:13:55.702961 [DEBUG] Built 10 external predicate callbacks
2026/05/19 16:13:57.947321 [DEBUG] Built 10 external predicate callbacks
2026/05/19 16:14:00.118468 [DEBUG] Built 10 external predicate callbacks
2026/05/19 16:14:02.192374 [DEBUG] Built 10 external predicate callbacks
2026/05/19 16:14:04.173662 [DEBUG] Built 10 external predicate callbacks
2026/05/19 16:14:06.307670 [DEBUG] Built 10 external predicate callbacks
2026/05/19 16:14:08.336876 [DEBUG] Built 10 external predicate callbacks
2026/05/19 16:14:10.263907 [DEBUG] Built 10 external predicate callbacks
2026/05/19 16:14:12.144533 [DEBUG] Built 10 external predicate callbacks
2026/05/19 16:14:14.006626 [DEBUG] Built 10 external predicate callbacks
2026/05/19 16:14:15.958703 [DEBUG] Built 10 external predicate callbacks
2026/05/19 16:14:17.920516 [DEBUG] Built 10 external predicate callbacks
2026/05/19 16:14:19.794123 [DEBUG] Built 10 external predicate callbacks
2026/05/19 16:14:21.650444 [DEBUG] Built 10 external predicate callbacks
2026/05/19 16:14:23.659817 [DEBUG] Built 10 external predicate callbacks
2026/05/19 16:14:25.733282 [DEBUG] Built 10 external predicate callbacks
2026/05/19 16:14:27.712964 [DEBUG] Built 10 external predicate callbacks
2026/05/19 16:14:29.646860 [DEBUG] Built 10 external predicate callbacks
2026/05/19 16:14:31.389403 [DEBUG] Built 10 external predicate callbacks
2026/05/19 16:14:33.177544 [DEBUG] Built 10 external predicate callbacks
2026/05/19 16:14:35.014254 [DEBUG] Built 10 external predicate callbacks
2026/05/19 16:14:36.843609 [DEBUG] Built 10 external predicate callbacks
2026/05/19 16:14:38.807782 [DEBUG] Built 10 external predicate callbacks
2026/05/19 16:14:40.719228 [DEBUG] Built 10 external predicate callbacks
2026/05/19 16:14:42.638194 [DEBUG] Built 10 external predicate callbacks
2026/05/19 16:14:44.875622 [DEBUG] Built 10 external predicate callbacks
2026/05/19 16:14:47.075661 [DEBUG] Built 10 external predicate callbacks
2026/05/19 16:14:49.323242 [DEBUG] Built 10 external predicate callbacks
2026/05/19 16:14:51.654156 [DEBUG] Built 10 external predicate callbacks
2026/05/19 16:14:53.979213 [DEBUG] Built 10 external predicate callbacks
2026/05/19 16:14:56.065493 [DEBUG] Built 10 external predicate callbacks
2026/05/19 16:14:58.335493 [DEBUG] Built 10 external predicate callbacks
2026/05/19 16:15:00.550727 [DEBUG] Built 10 external predicate callbacks
2026/05/19 16:15:02.803633 [DEBUG] Built 10 external predicate callbacks
2026/05/19 16:15:04.844299 [DEBUG] Built 10 external predicate callbacks
2026/05/19 16:15:08.275272 [DEBUG] Built 10 external predicate callbacks
2026/05/19 16:15:10.346722 [DEBUG] Built 10 external predicate callbacks
2026/05/19 16:15:12.291639 [DEBUG] Built 10 external predicate callbacks
2026/05/19 16:15:14.237729 [DEBUG] Built 10 external predicate callbacks
2026/05/19 16:15:16.641228 [DEBUG] Built 10 external predicate callbacks
2026/05/19 16:15:18.681671 [DEBUG] Built 10 external predicate callbacks
2026/05/19 16:15:20.758246 [DEBUG] Built 10 external predicate callbacks
2026/05/19 16:15:22.669900 [DEBUG] Built 10 external predicate callbacks
2026/05/19 16:15:24.446379 [DEBUG] Built 10 external predicate callbacks
2026/05/19 16:15:26.306456 [DEBUG] Built 10 external predicate callbacks
2026/05/19 16:15:28.126342 [DEBUG] Built 10 external predicate callbacks
2026/05/19 16:15:29.873070 [DEBUG] Built 10 external predicate callbacks
2026/05/19 16:15:32.040338 [DEBUG] Built 10 external predicate callbacks
2026/05/19 16:15:34.055763 [DEBUG] Built 10 external predicate callbacks
2026/05/19 16:15:35.927632 [DEBUG] Built 10 external predicate callbacks
2026/05/19 16:15:37.857868 [DEBUG] Built 10 external predicate callbacks
2026/05/19 16:15:39.803062 [DEBUG] Built 10 external predicate callbacks
2026/05/19 16:15:41.702775 [DEBUG] Built 10 external predicate callbacks
2026/05/19 16:15:43.612471 [DEBUG] Built 10 external predicate callbacks
2026/05/19 16:15:45.469573 [DEBUG] Built 10 external predicate callbacks
2026/05/19 16:15:47.258216 [DEBUG] Built 10 external predicate callbacks
2026/05/19 16:15:49.066251 [DEBUG] Built 10 external predicate callbacks
2026/05/19 16:15:50.854654 [DEBUG] Built 10 external predicate callbacks
2026/05/19 16:15:52.648954 [DEBUG] Built 10 external predicate callbacks
2026/05/19 16:15:54.455880 [DEBUG] Built 10 external predicate callbacks
2026/05/19 16:15:56.323704 [DEBUG] Built 10 external predicate callbacks
2026/05/19 16:15:58.374613 [DEBUG] Built 10 external predicate callbacks
2026/05/19 16:16:00.414964 [DEBUG] Built 10 external predicate callbacks
2026/05/19 16:16:02.442965 [DEBUG] Built 10 external predicate callbacks
2026/05/19 16:16:04.337030 [DEBUG] Built 10 external predicate callbacks
2026/05/19 16:16:06.384903 [DEBUG] Built 10 external predicate callbacks
2026/05/19 16:16:08.374852 [DEBUG] Built 10 external predicate callbacks
2026/05/19 16:16:10.342389 [DEBUG] Built 10 external predicate callbacks
2026/05/19 16:16:12.187965 [DEBUG] Built 10 external predicate callbacks
2026/05/19 16:16:14.262313 [DEBUG] Built 10 external predicate callbacks
2026/05/19 16:16:16.242084 [DEBUG] Built 10 external predicate callbacks
2026/05/19 16:16:18.137240 [DEBUG] Built 10 external predicate callbacks
2026/05/19 16:16:20.025988 [DEBUG] Built 10 external predicate callbacks
2026/05/19 16:16:21.796302 [DEBUG] Built 10 external predicate callbacks
2026/05/19 16:16:23.617161 [DEBUG] Built 10 external predicate callbacks
2026/05/19 16:16:25.508316 [DEBUG] Built 10 external predicate callbacks
2026/05/19 16:16:27.418557 [DEBUG] Built 10 external predicate callbacks
2026/05/19 16:16:29.209920 [DEBUG] Built 10 external predicate callbacks
2026/05/19 16:16:31.161307 [DEBUG] Built 10 external predicate callbacks
2026/05/19 16:16:33.314253 [DEBUG] Built 10 external predicate callbacks
2026/05/19 16:16:35.321543 [DEBUG] Built 10 external predicate callbacks
2026/05/19 16:16:37.279732 [DEBUG] Built 10 external predicate callbacks
2026/05/19 16:16:39.406065 [DEBUG] Built 10 external predicate callbacks
2026/05/19 16:16:41.368080 [DEBUG] Built 10 external predicate callbacks
2026/05/19 16:16:43.467205 [DEBUG] Built 10 external predicate callbacks
2026/05/19 16:16:45.764879 [DEBUG] Built 10 external predicate callbacks
2026/05/19 16:16:47.968834 [DEBUG] Built 10 external predicate callbacks
2026/05/19 16:16:50.179659 [DEBUG] Built 10 external predicate callbacks
2026/05/19 16:16:52.210774 [DEBUG] Built 10 external predicate callbacks
2026/05/19 16:16:54.292108 [DEBUG] Built 10 external predicate callbacks
2026/05/19 16:16:56.403767 [DEBUG] Built 10 external predicate callbacks
2026/05/19 16:16:58.472801 [DEBUG] Built 10 external predicate callbacks
2026/05/19 16:17:00.644130 [DEBUG] Built 10 external predicate callbacks
2026/05/19 16:17:02.727774 [DEBUG] Built 10 external predicate callbacks
2026/05/19 16:17:04.985058 [DEBUG] Built 10 external predicate callbacks
2026/05/19 16:17:07.552013 [DEBUG] Built 10 external predicate callbacks
2026/05/19 16:17:09.980849 [DEBUG] Built 10 external predicate callbacks
2026/05/19 16:17:12.199600 [DEBUG] Built 10 external predicate callbacks
