2026/05/19 14:57:39.753433 [info] store.RunMigrations | fields=map[duration_ms:0 operation:RunMigrations system:store]
2026/05/19 14:57:39.810821 [info] store.ensureContentHashes | fields=map[duration_ms:0 operation:ensureContentHashes system:store]
2026/05/19 14:57:39.810821 [info] store.NewLocalStore | fields=map[duration_ms:70 operation:NewLocalStore system:store]
2026/05/19 14:57:39.815674 [info] store.LoadAllFacts | fields=map[duration_ms:4 operation:LoadAllFacts system:store]
2026/05/19 14:57:39.820948 [info] store.LoadAllFacts | fields=map[duration_ms:5 operation:LoadAllFacts system:store]
2026/05/19 14:57:39.870691 [info] kernel.loadMangleFiles | fields=map[duration_ms:45 operation:loadMangleFiles system:kernel]
2026/05/19 14:57:39.874977 [info] kernel.loadPredicateCorpus | fields=map[duration_ms:4 operation:loadPredicateCorpus system:kernel]
2026/05/19 14:57:39.937314 [info] kernel.rebuildProgram.parse | fields=map[duration_ms:59 operation:rebuildProgram.parse system:kernel]
2026/05/19 14:57:39.945871 [info] kernel.rebuildProgram.analyze | fields=map[duration_ms:8 operation:rebuildProgram.analyze system:kernel]
2026/05/19 14:57:39.948107 [info] kernel.rebuildProgram | fields=map[duration_ms:70 operation:rebuildProgram system:kernel]
2026/05/19 14:57:39.986229 [info] kernel.evaluate.fixpoint | fields=map[duration_ms:36 operation:evaluate.fixpoint system:kernel]
2026/05/19 14:57:39.986229 [info] kernel.evaluate | fields=map[duration_ms:108 operation:evaluate system:kernel]
2026/05/19 14:57:39.986229 [info] kernel.NewRealKernelWithWorkspace | fields=map[duration_ms:160 operation:NewRealKernelWithWorkspace system:kernel]
2026/05/19 14:57:40.022144 [info] kernel.evaluate.fixpoint | fields=map[duration_ms:35 operation:evaluate.fixpoint system:kernel]
2026/05/19 14:57:40.022144 [info] kernel.evaluate | fields=map[duration_ms:35 operation:evaluate system:kernel]
2026/05/19 14:57:40.022144 [info] kernel.Evaluate | fields=map[duration_ms:35 operation:Evaluate system:kernel]
2026/05/19 14:57:40.023150 [info] embedding.NewGenAIEngine | fields=map[duration_ms:0 operation:NewGenAIEngine system:embedding]
2026/05/19 14:57:40.023150 [info] embedding.NewEngine | fields=map[duration_ms:1 operation:NewEngine system:embedding]
2026/05/19 14:57:40.023150 [info] perception.NewEmbeddedCorpusStore | fields=map[duration_ms:0 operation:NewEmbeddedCorpusStore system:perception]
2026/05/19 14:57:40.023150 [info] kernel.Query | fields=map[duration_ms:0 operation:Query system:kernel]
2026/05/19 14:57:50.489117 [info] embedding.GenAI.EmbedBatch | fields=map[duration_ms:10465 operation:GenAI.EmbedBatch system:embedding]
2026/05/19 14:57:50.498679 [info] store.LearnedCorpusStore.initializeSchema | fields=map[duration_ms:0 operation:LearnedCorpusStore.initializeSchema system:store]
2026/05/19 14:57:50.498679 [info] store.NewLearnedCorpusStore | fields=map[duration_ms:8 operation:NewLearnedCorpusStore system:store]
2026/05/19 14:57:50.498679 [info] perception.NewLearnedCorpusStore | fields=map[duration_ms:8 operation:NewLearnedCorpusStore system:perception]
2026/05/19 14:57:50.498679 [info] perception.NewSemanticClassifierFromConfig | fields=map[duration_ms:10476 operation:NewSemanticClassifierFromConfig system:perception]
2026/05/19 14:57:50.498679 [info] perception.InitPerceptionLayer | fields=map[duration_ms:10476 operation:InitPerceptionLayer system:perception]
2026/05/19 14:57:50.609574 [info] store.LoadAllWorldFacts | fields=map[duration_ms:110 operation:LoadAllWorldFacts system:store]
2026/05/19 14:57:52.054795 [info] kernel.evaluate.fixpoint | fields=map[duration_ms:1408 operation:evaluate.fixpoint system:kernel]
2026/05/19 14:57:52.055299 [info] kernel.evaluate | fields=map[duration_ms:1412 operation:evaluate system:kernel]
2026/05/19 14:57:52.055299 [info] kernel.LoadFacts | fields=map[duration_ms:1445 operation:LoadFacts system:kernel]
2026/05/19 14:57:57.067851 [info] virtual_store.NewVirtualStoreWithConfig | fields=map[duration_ms:5012 operation:NewVirtualStoreWithConfig system:virtual_store]
2026/05/19 14:57:57.067851 [info] kernel.Query | fields=map[duration_ms:0 operation:Query system:kernel]
2026/05/19 14:57:57.070014 [info] virtual_store.HydrateModularTools | fields=map[duration_ms:2 operation:HydrateModularTools system:virtual_store]
2026/05/19 14:57:57.084680 [info] autopoiesis.NewOuroborosLoop | fields=map[duration_ms:12 operation:NewOuroborosLoop system:autopoiesis]
2026/05/19 14:57:57.086297 [info] autopoiesis.NewOrchestrator | fields=map[duration_ms:15 operation:NewOrchestrator system:autopoiesis]
2026/05/19 14:57:57.155922 [info] kernel.rebuildProgram.parse | fields=map[duration_ms:69 operation:rebuildProgram.parse system:kernel]
2026/05/19 14:57:57.167703 [info] kernel.rebuildProgram.analyze | fields=map[duration_ms:11 operation:rebuildProgram.analyze system:kernel]
2026/05/19 14:57:57.169025 [info] kernel.rebuildProgram | fields=map[duration_ms:82 operation:rebuildProgram system:kernel]
2026/05/19 14:57:58.497417 [info] kernel.evaluate.fixpoint | fields=map[duration_ms:1324 operation:evaluate.fixpoint system:kernel]
2026/05/19 14:57:58.497417 [info] kernel.evaluate | fields=map[duration_ms:1411 operation:evaluate system:kernel]
2026/05/19 14:57:58.497417 [info] kernel.LoadFacts | fields=map[duration_ms:1411 operation:LoadFacts system:kernel]
2026/05/19 14:57:58.497417 [info] embedding.NewGenAIEngine | fields=map[duration_ms:0 operation:NewGenAIEngine system:embedding]
2026/05/19 14:57:58.497417 [info] embedding.NewEngine | fields=map[duration_ms:0 operation:NewEngine system:embedding]
2026/05/19 14:57:58.794516 [info] embedding.GenAI.EmbedBatch | fields=map[duration_ms:286 operation:GenAI.EmbedBatch system:embedding]
2026/05/19 14:57:59.102933 [info] embedding.GenAI.EmbedBatch | fields=map[duration_ms:294 operation:GenAI.EmbedBatch system:embedding]
2026/05/19 14:57:59.512521 [info] embedding.GenAI.EmbedBatch | fields=map[duration_ms:395 operation:GenAI.EmbedBatch system:embedding]
2026/05/19 14:57:59.836573 [info] embedding.GenAI.EmbedBatch | fields=map[duration_ms:307 operation:GenAI.EmbedBatch system:embedding]
2026/05/19 14:58:00.142172 [info] embedding.GenAI.EmbedBatch | fields=map[duration_ms:287 operation:GenAI.EmbedBatch system:embedding]
2026/05/19 14:58:00.472159 [info] embedding.GenAI.EmbedBatch | fields=map[duration_ms:314 operation:GenAI.EmbedBatch system:embedding]
2026/05/19 14:58:00.780753 [info] embedding.GenAI.EmbedBatch | fields=map[duration_ms:291 operation:GenAI.EmbedBatch system:embedding]
2026/05/19 14:58:00.788154 [info] store.AgentSynchronizer.SyncAll | fields=map[duration_ms:2290 operation:AgentSynchronizer.SyncAll system:store]
2026/05/19 14:58:00.833985 [info] store.LoadEmbeddedCorpus | fields=map[duration_ms:45 operation:LoadEmbeddedCorpus system:store]
2026/05/19 14:58:00.871884 [info] kernel.Query | fields=map[duration_ms:0 operation:Query system:kernel]
2026/05/19 14:58:00.872418 [info] shards.StartSystemShards | fields=map[duration_ms:0 operation:StartSystemShards system:shards]
2026/05/19 14:58:02.246608 [info] kernel.evaluate.fixpoint | fields=map[duration_ms:1362 operation:evaluate.fixpoint system:kernel]
2026/05/19 14:58:02.246608 [info] kernel.evaluate | fields=map[duration_ms:1365 operation:evaluate system:kernel]
2026/05/19 14:58:03.646572 [info] kernel.evaluate.fixpoint | fields=map[duration_ms:1396 operation:evaluate.fixpoint system:kernel]
2026/05/19 14:58:03.646572 [info] kernel.evaluate | fields=map[duration_ms:1399 operation:evaluate system:kernel]
2026/05/19 14:58:03.646572 [info] kernel.Transaction.Commit | fields=map[duration_ms:1399 operation:Transaction.Commit system:kernel]
2026/05/19 14:58:03.646572 [info] kernel.Query | fields=map[duration_ms:0 operation:Query system:kernel]
2026/05/19 14:58:03.646572 [info] kernel.Query | fields=map[duration_ms:764 operation:Query system:kernel]
2026/05/19 14:58:05.041383 [info] kernel.evaluate.fixpoint | fields=map[duration_ms:1392 operation:evaluate.fixpoint system:kernel]
2026/05/19 14:58:05.041383 [info] kernel.evaluate | fields=map[duration_ms:1394 operation:evaluate system:kernel]
2026/05/19 14:58:05.041383 [info] kernel.Query | fields=map[duration_ms:1394 operation:Query system:kernel]
2026/05/19 14:58:05.041383 [info] kernel.Query | fields=map[duration_ms:159 operation:Query system:kernel]
2026/05/19 14:58:05.042389 [info] kernel.Query | fields=map[duration_ms:0 operation:Query system:kernel]
2026/05/19 14:58:06.369709 [info] kernel.evaluate.fixpoint | fields=map[duration_ms:1324 operation:evaluate.fixpoint system:kernel]
2026/05/19 14:58:06.369709 [info] kernel.evaluate | fields=map[duration_ms:1327 operation:evaluate system:kernel]
2026/05/19 14:58:06.369709 [info] kernel.Query | fields=map[duration_ms:1327 operation:Query system:kernel]
2026/05/19 14:58:07.672486 [info] kernel.evaluate.fixpoint | fields=map[duration_ms:1296 operation:evaluate.fixpoint system:kernel]
2026/05/19 14:58:07.672486 [info] kernel.evaluate | fields=map[duration_ms:1302 operation:evaluate system:kernel]
2026/05/19 14:58:07.672486 [info] kernel.Query | fields=map[duration_ms:790 operation:Query system:kernel]
2026/05/19 14:58:08.981182 [info] kernel.evaluate.fixpoint | fields=map[duration_ms:1299 operation:evaluate.fixpoint system:kernel]
2026/05/19 14:58:08.981182 [info] kernel.evaluate | fields=map[duration_ms:1307 operation:evaluate system:kernel]
2026/05/19 14:58:08.982188 [info] kernel.Query | fields=map[duration_ms:100 operation:Query system:kernel]
2026/05/19 14:58:10.306939 [info] kernel.evaluate.fixpoint | fields=map[duration_ms:1316 operation:evaluate.fixpoint system:kernel]
2026/05/19 14:58:10.306939 [info] kernel.evaluate | fields=map[duration_ms:1324 operation:evaluate system:kernel]
2026/05/19 14:58:11.642785 [info] kernel.evaluate.fixpoint | fields=map[duration_ms:1333 operation:evaluate.fixpoint system:kernel]
2026/05/19 14:58:11.643320 [info] kernel.evaluate | fields=map[duration_ms:1336 operation:evaluate system:kernel]
2026/05/19 14:58:11.643320 [info] kernel.Query | fields=map[duration_ms:761 operation:Query system:kernel]
2026/05/19 14:58:11.643320 [info] kernel.Query | fields=map[duration_ms:1285 operation:Query system:kernel]
2026/05/19 14:58:12.986962 [info] kernel.evaluate.fixpoint | fields=map[duration_ms:1338 operation:evaluate.fixpoint system:kernel]
2026/05/19 14:58:12.986962 [info] kernel.evaluate | fields=map[duration_ms:1343 operation:evaluate system:kernel]
2026/05/19 14:58:12.986962 [info] kernel.Query | fields=map[duration_ms:1343 operation:Query system:kernel]
2026/05/19 14:58:12.986962 [info] kernel.Query | fields=map[duration_ms:105 operation:Query system:kernel]
2026/05/19 14:58:14.418426 [info] kernel.evaluate.fixpoint | fields=map[duration_ms:1390 operation:evaluate.fixpoint system:kernel]
2026/05/19 14:58:14.418426 [info] kernel.evaluate | fields=map[duration_ms:1409 operation:evaluate system:kernel]
2026/05/19 14:58:14.418426 [info] kernel.Transaction.Commit | fields=map[duration_ms:1431 operation:Transaction.Commit system:kernel]
2026/05/19 14:58:14.418426 [info] kernel.Query | fields=map[duration_ms:0 operation:Query system:kernel]
2026/05/19 14:58:14.418426 [info] kernel.Query | fields=map[duration_ms:0 operation:Query system:kernel]
2026/05/19 14:58:15.739773 [info] kernel.evaluate.fixpoint | fields=map[duration_ms:1318 operation:evaluate.fixpoint system:kernel]
2026/05/19 14:58:15.739773 [info] kernel.evaluate | fields=map[duration_ms:1321 operation:evaluate system:kernel]
2026/05/19 14:58:15.739773 [info] kernel.Query | fields=map[duration_ms:1321 operation:Query system:kernel]
2026/05/19 14:58:15.739773 [info] kernel.Query | fields=map[duration_ms:858 operation:Query system:kernel]
2026/05/19 14:58:17.054711 [info] kernel.evaluate.fixpoint | fields=map[duration_ms:1312 operation:evaluate.fixpoint system:kernel]
2026/05/19 14:58:17.054711 [info] kernel.evaluate | fields=map[duration_ms:1314 operation:evaluate system:kernel]
2026/05/19 14:58:17.054711 [info] kernel.Query | fields=map[duration_ms:0 operation:Query system:kernel]
2026/05/19 14:58:17.054711 [info] kernel.Query | fields=map[duration_ms:1314 operation:Query system:kernel]
2026/05/19 14:58:17.054711 [info] kernel.Query | fields=map[duration_ms:173 operation:Query system:kernel]
2026/05/19 14:58:18.391018 [info] kernel.evaluate.fixpoint | fields=map[duration_ms:1332 operation:evaluate.fixpoint system:kernel]
2026/05/19 14:58:18.391018 [info] kernel.evaluate | fields=map[duration_ms:1336 operation:evaluate system:kernel]
2026/05/19 14:58:18.391018 [info] kernel.Query | fields=map[duration_ms:1336 operation:Query system:kernel]
2026/05/19 14:58:19.758165 [info] kernel.evaluate.fixpoint | fields=map[duration_ms:1364 operation:evaluate.fixpoint system:kernel]
2026/05/19 14:58:19.758165 [info] kernel.evaluate | fields=map[duration_ms:1367 operation:evaluate system:kernel]
2026/05/19 14:58:19.758165 [info] kernel.Query | fields=map[duration_ms:0 operation:Query system:kernel]
2026/05/19 14:58:19.758165 [info] kernel.Query | fields=map[duration_ms:876 operation:Query system:kernel]
2026/05/19 14:58:21.071393 [info] kernel.evaluate.fixpoint | fields=map[duration_ms:1310 operation:evaluate.fixpoint system:kernel]
2026/05/19 14:58:21.071393 [info] kernel.evaluate | fields=map[duration_ms:1313 operation:evaluate system:kernel]
2026/05/19 14:58:21.071393 [info] kernel.Query | fields=map[duration_ms:189 operation:Query system:kernel]
2026/05/19 14:58:21.071393 [info] kernel.Query | fields=map[duration_ms:1313 operation:Query system:kernel]
2026/05/19 14:58:22.364166 [info] kernel.evaluate.fixpoint | fields=map[duration_ms:1289 operation:evaluate.fixpoint system:kernel]
2026/05/19 14:58:22.364166 [info] kernel.evaluate | fields=map[duration_ms:1292 operation:evaluate system:kernel]
2026/05/19 14:58:22.374035 [info] store.RunMigrations | fields=map[duration_ms:1 operation:RunMigrations system:store]
2026/05/19 14:58:22.374035 [info] store.LearningStore.LoadByPredicate | fields=map[duration_ms:9 operation:LearningStore.LoadByPredicate system:store]
2026/05/19 14:58:22.374035 [info] store.LearningStore.LoadByPredicate | fields=map[duration_ms:0 operation:LearningStore.LoadByPredicate system:store]
2026/05/19 14:58:22.374035 [info] store.LearningStore.LoadByPredicate | fields=map[duration_ms:0 operation:LearningStore.LoadByPredicate system:store]
2026/05/19 14:58:22.374035 [info] system_shards.[perception_firewall] Loading learned patterns | fields=map[duration_ms:9 operation:[perception_firewall] Loading learned patterns system:system_shards]
2026/05/19 14:58:23.699908 [info] kernel.evaluate.fixpoint | fields=map[duration_ms:1332 operation:evaluate.fixpoint system:kernel]
2026/05/19 14:58:23.699908 [info] kernel.evaluate | fields=map[duration_ms:1335 operation:evaluate system:kernel]
2026/05/19 14:58:23.699908 [info] kernel.Query | fields=map[duration_ms:0 operation:Query system:kernel]
2026/05/19 14:58:23.699908 [info] kernel.Query | fields=map[duration_ms:818 operation:Query system:kernel]
2026/05/19 14:58:25.044369 [info] kernel.evaluate.fixpoint | fields=map[duration_ms:1340 operation:evaluate.fixpoint system:kernel]
2026/05/19 14:58:25.044369 [info] kernel.evaluate | fields=map[duration_ms:1344 operation:evaluate system:kernel]
2026/05/19 14:58:25.044369 [info] kernel.Query | fields=map[duration_ms:162 operation:Query system:kernel]
2026/05/19 14:58:25.044369 [info] kernel.Query | fields=map[duration_ms:1344 operation:Query system:kernel]
2026/05/19 14:58:26.363734 [info] kernel.evaluate.fixpoint | fields=map[duration_ms:1316 operation:evaluate.fixpoint system:kernel]
2026/05/19 14:58:26.363734 [info] kernel.evaluate | fields=map[duration_ms:1319 operation:evaluate system:kernel]
2026/05/19 14:58:27.659718 [info] kernel.evaluate.fixpoint | fields=map[duration_ms:1291 operation:evaluate.fixpoint system:kernel]
2026/05/19 14:58:27.659718 [info] kernel.evaluate | fields=map[duration_ms:1295 operation:evaluate system:kernel]
2026/05/19 14:58:27.659718 [info] kernel.Query | fields=map[duration_ms:0 operation:Query system:kernel]
2026/05/19 14:58:27.659718 [info] kernel.Query | fields=map[duration_ms:777 operation:Query system:kernel]
2026/05/19 14:58:28.990001 [info] kernel.evaluate.fixpoint | fields=map[duration_ms:1292 operation:evaluate.fixpoint system:kernel]
2026/05/19 14:58:28.990001 [info] kernel.evaluate | fields=map[duration_ms:1304 operation:evaluate system:kernel]
2026/05/19 14:58:28.990001 [info] kernel.Transaction.Commit | fields=map[duration_ms:1330 operation:Transaction.Commit system:kernel]
2026/05/19 14:58:28.990001 [info] kernel.Query | fields=map[duration_ms:0 operation:Query system:kernel]
2026/05/19 14:58:28.990001 [info] kernel.Query | fields=map[duration_ms:1330 operation:Query system:kernel]
2026/05/19 14:58:28.990001 [info] kernel.Query | fields=map[duration_ms:108 operation:Query system:kernel]
2026/05/19 14:58:30.280047 [info] kernel.evaluate.fixpoint | fields=map[duration_ms:1286 operation:evaluate.fixpoint system:kernel]
2026/05/19 14:58:30.280047 [info] kernel.evaluate | fields=map[duration_ms:1290 operation:evaluate system:kernel]
2026/05/19 14:58:30.280568 [info] kernel.Query | fields=map[duration_ms:1290 operation:Query system:kernel]
2026/05/19 14:58:31.581904 [info] kernel.evaluate.fixpoint | fields=map[duration_ms:1298 operation:evaluate.fixpoint system:kernel]
2026/05/19 14:58:31.581904 [info] kernel.evaluate | fields=map[duration_ms:1301 operation:evaluate system:kernel]
2026/05/19 14:58:31.581904 [info] kernel.Query | fields=map[duration_ms:0 operation:Query system:kernel]
2026/05/19 14:58:31.581904 [info] kernel.Query | fields=map[duration_ms:1301 operation:Query system:kernel]
2026/05/19 14:58:31.581904 [info] kernel.Query | fields=map[duration_ms:700 operation:Query system:kernel]
2026/05/19 14:58:32.904411 [info] kernel.evaluate.fixpoint | fields=map[duration_ms:1318 operation:evaluate.fixpoint system:kernel]
2026/05/19 14:58:32.904411 [info] kernel.evaluate | fields=map[duration_ms:1321 operation:evaluate system:kernel]
2026/05/19 14:58:32.904411 [info] kernel.Query | fields=map[duration_ms:21 operation:Query system:kernel]
2026/05/19 14:58:32.904411 [info] kernel.Query | fields=map[duration_ms:1322 operation:Query system:kernel]
2026/05/19 14:58:32.904411 [info] kernel.Query | fields=map[duration_ms:1322 operation:Query system:kernel]
2026/05/19 14:58:34.317853 [info] kernel.evaluate.fixpoint | fields=map[duration_ms:1409 operation:evaluate.fixpoint system:kernel]
2026/05/19 14:58:34.317853 [info] kernel.evaluate | fields=map[duration_ms:1413 operation:evaluate system:kernel]
2026/05/19 14:58:34.322463 [info] store.GetVectorStats | fields=map[duration_ms:4 operation:GetVectorStats system:store]
2026/05/19 14:58:34.358081 [info] store.CountVectorsByMetadata | fields=map[duration_ms:34 operation:CountVectorsByMetadata system:store]
2026/05/19 14:58:35.712481 [info] kernel.evaluate.fixpoint | fields=map[duration_ms:1391 operation:evaluate.fixpoint system:kernel]
2026/05/19 14:58:35.712481 [info] kernel.evaluate | fields=map[duration_ms:1394 operation:evaluate system:kernel]
2026/05/19 14:58:35.713003 [info] kernel.Query | fields=map[duration_ms:0 operation:Query system:kernel]
2026/05/19 14:58:35.713003 [info] kernel.Query | fields=map[duration_ms:831 operation:Query system:kernel]
2026/05/19 14:58:37.058153 [info] kernel.evaluate.fixpoint | fields=map[duration_ms:1342 operation:evaluate.fixpoint system:kernel]
2026/05/19 14:58:37.058153 [info] kernel.evaluate | fields=map[duration_ms:1345 operation:evaluate system:kernel]
2026/05/19 14:58:37.058153 [info] kernel.Query | fields=map[duration_ms:176 operation:Query system:kernel]
2026/05/19 14:58:37.059164 [info] kernel.Query | fields=map[duration_ms:1345 operation:Query system:kernel]
2026/05/19 14:58:38.407067 [info] kernel.evaluate.fixpoint | fields=map[duration_ms:1345 operation:evaluate.fixpoint system:kernel]
2026/05/19 14:58:38.407067 [info] kernel.evaluate | fields=map[duration_ms:1347 operation:evaluate system:kernel]
2026/05/19 14:58:39.751058 [info] kernel.evaluate.fixpoint | fields=map[duration_ms:1340 operation:evaluate.fixpoint system:kernel]
2026/05/19 14:58:39.751058 [info] kernel.evaluate | fields=map[duration_ms:1343 operation:evaluate system:kernel]
2026/05/19 14:58:39.751058 [info] kernel.Query | fields=map[duration_ms:0 operation:Query system:kernel]
2026/05/19 14:58:39.751058 [info] kernel.Query | fields=map[duration_ms:869 operation:Query system:kernel]
2026/05/19 14:58:41.075592 [info] kernel.evaluate.fixpoint | fields=map[duration_ms:1321 operation:evaluate.fixpoint system:kernel]
2026/05/19 14:58:41.075592 [info] kernel.evaluate | fields=map[duration_ms:1324 operation:evaluate system:kernel]
2026/05/19 14:58:41.075592 [info] kernel.Query | fields=map[duration_ms:193 operation:Query system:kernel]
2026/05/19 14:58:41.075592 [info] kernel.Query | fields=map[duration_ms:1324 operation:Query system:kernel]
2026/05/19 14:58:42.436286 [info] kernel.evaluate.fixpoint | fields=map[duration_ms:1357 operation:evaluate.fixpoint system:kernel]
2026/05/19 14:58:42.436286 [info] kernel.evaluate | fields=map[duration_ms:1360 operation:evaluate system:kernel]
2026/05/19 14:58:43.927330 [info] kernel.evaluate.fixpoint | fields=map[duration_ms:1486 operation:evaluate.fixpoint system:kernel]
2026/05/19 14:58:43.927330 [info] kernel.evaluate | fields=map[duration_ms:1491 operation:evaluate system:kernel]
2026/05/19 14:58:43.927330 [info] kernel.Query | fields=map[duration_ms:1045 operation:Query system:kernel]
2026/05/19 14:58:45.363116 [info] kernel.evaluate.fixpoint | fields=map[duration_ms:1431 operation:evaluate.fixpoint system:kernel]
2026/05/19 14:58:45.363116 [info] kernel.evaluate | fields=map[duration_ms:1435 operation:evaluate system:kernel]
2026/05/19 14:58:45.363116 [info] kernel.Query | fields=map[duration_ms:481 operation:Query system:kernel]
2026/05/19 14:58:46.776032 [info] kernel.evaluate.fixpoint | fields=map[duration_ms:1409 operation:evaluate.fixpoint system:kernel]
2026/05/19 14:58:46.776032 [info] kernel.evaluate | fields=map[duration_ms:1412 operation:evaluate system:kernel]
2026/05/19 14:58:46.776032 [info] kernel.Query | fields=map[duration_ms:1412 operation:Query system:kernel]
2026/05/19 14:58:48.128237 [info] kernel.evaluate.fixpoint | fields=map[duration_ms:1349 operation:evaluate.fixpoint system:kernel]
2026/05/19 14:58:48.128237 [info] kernel.evaluate | fields=map[duration_ms:1352 operation:evaluate system:kernel]
2026/05/19 14:58:48.128237 [info] kernel.Query | fields=map[duration_ms:1352 operation:Query system:kernel]
2026/05/19 14:58:48.128237 [info] kernel.Query | fields=map[duration_ms:1246 operation:Query system:kernel]
2026/05/19 14:58:48.128237 [info] system_shards.[MangleRepair] Execute | fields=map[duration_ms:0 operation:[MangleRepair] Execute system:system_shards]
2026/05/19 14:58:49.561862 [info] kernel.evaluate.fixpoint | fields=map[duration_ms:1397 operation:evaluate.fixpoint system:kernel]
2026/05/19 14:58:49.561862 [info] kernel.evaluate | fields=map[duration_ms:1409 operation:evaluate system:kernel]
2026/05/19 14:58:49.561862 [info] kernel.Transaction.Commit | fields=map[duration_ms:1433 operation:Transaction.Commit system:kernel]
2026/05/19 14:58:49.561862 [info] kernel.Query | fields=map[duration_ms:680 operation:Query system:kernel]
2026/05/19 14:58:50.910708 [info] kernel.evaluate.fixpoint | fields=map[duration_ms:1341 operation:evaluate.fixpoint system:kernel]
2026/05/19 14:58:50.910708 [info] kernel.evaluate | fields=map[duration_ms:1348 operation:evaluate system:kernel]
2026/05/19 14:58:50.910708 [info] kernel.Query | fields=map[duration_ms:1348 operation:Query system:kernel]
2026/05/19 14:58:50.910708 [info] kernel.Query | fields=map[duration_ms:29 operation:Query system:kernel]
2026/05/19 14:58:52.211965 [info] kernel.evaluate.fixpoint | fields=map[duration_ms:1298 operation:evaluate.fixpoint system:kernel]
2026/05/19 14:58:52.211965 [info] kernel.evaluate | fields=map[duration_ms:1301 operation:evaluate system:kernel]
2026/05/19 14:58:52.211965 [info] kernel.Query | fields=map[duration_ms:0 operation:Query system:kernel]
2026/05/19 14:58:52.211965 [info] kernel.Query | fields=map[duration_ms:0 operation:Query system:kernel]
2026/05/19 14:58:52.211965 [info] kernel.Query | fields=map[duration_ms:1301 operation:Query system:kernel]
2026/05/19 14:58:53.588340 [info] kernel.evaluate.fixpoint | fields=map[duration_ms:1371 operation:evaluate.fixpoint system:kernel]
2026/05/19 14:58:53.588340 [info] kernel.evaluate | fields=map[duration_ms:1376 operation:evaluate system:kernel]
2026/05/19 14:58:53.589341 [info] kernel.Query | fields=map[duration_ms:706 operation:Query system:kernel]
2026/05/19 14:58:53.589341 [info] kernel.Query | fields=map[duration_ms:1377 operation:Query system:kernel]
2026/05/19 14:58:54.944726 [info] kernel.evaluate.fixpoint | fields=map[duration_ms:1353 operation:evaluate.fixpoint system:kernel]
2026/05/19 14:58:54.944726 [info] kernel.evaluate | fields=map[duration_ms:1355 operation:evaluate system:kernel]
2026/05/19 14:58:54.944726 [info] kernel.Query | fields=map[duration_ms:1355 operation:Query system:kernel]
2026/05/19 14:58:54.944726 [info] kernel.Query | fields=map[duration_ms:62 operation:Query system:kernel]
2026/05/19 14:58:56.265037 [info] kernel.evaluate.fixpoint | fields=map[duration_ms:1317 operation:evaluate.fixpoint system:kernel]
2026/05/19 14:58:56.265037 [info] kernel.evaluate | fields=map[duration_ms:1320 operation:evaluate system:kernel]
2026/05/19 14:58:57.601837 [info] kernel.evaluate.fixpoint | fields=map[duration_ms:1330 operation:evaluate.fixpoint system:kernel]
2026/05/19 14:58:57.601837 [info] kernel.evaluate | fields=map[duration_ms:1336 operation:evaluate system:kernel]
2026/05/19 14:58:57.601837 [info] kernel.Query | fields=map[duration_ms:1336 operation:Query system:kernel]
2026/05/19 14:58:57.601837 [info] kernel.Query | fields=map[duration_ms:720 operation:Query system:kernel]
2026/05/19 14:58:58.912489 [info] kernel.evaluate.fixpoint | fields=map[duration_ms:1307 operation:evaluate.fixpoint system:kernel]
2026/05/19 14:58:58.912489 [info] kernel.evaluate | fields=map[duration_ms:1310 operation:evaluate system:kernel]
2026/05/19 14:58:58.912489 [info] kernel.Query | fields=map[duration_ms:1310 operation:Query system:kernel]
2026/05/19 14:58:58.912489 [info] kernel.Query | fields=map[duration_ms:30 operation:Query system:kernel]
2026/05/19 14:59:00.222351 [info] kernel.evaluate.fixpoint | fields=map[duration_ms:1306 operation:evaluate.fixpoint system:kernel]
2026/05/19 14:59:00.222351 [info] kernel.evaluate | fields=map[duration_ms:1309 operation:evaluate system:kernel]
2026/05/19 14:59:01.556894 [info] kernel.evaluate.fixpoint | fields=map[duration_ms:1329 operation:evaluate.fixpoint system:kernel]
2026/05/19 14:59:01.556894 [info] kernel.evaluate | fields=map[duration_ms:1334 operation:evaluate system:kernel]
2026/05/19 14:59:01.557437 [info] kernel.Query | fields=map[duration_ms:675 operation:Query system:kernel]
2026/05/19 14:59:01.575168 [info] virtual_store.HydrateModularTools | fields=map[duration_ms:0 operation:HydrateModularTools system:virtual_store]
2026/05/19 14:59:02.910373 [info] kernel.evaluate.fixpoint | fields=map[duration_ms:1349 operation:evaluate.fixpoint system:kernel]
2026/05/19 14:59:02.910373 [info] kernel.evaluate | fields=map[duration_ms:1352 operation:evaluate system:kernel]
2026/05/19 14:59:02.910373 [info] kernel.Query | fields=map[duration_ms:28 operation:Query system:kernel]
2026/05/19 14:59:04.308598 [info] kernel.evaluate.fixpoint | fields=map[duration_ms:1395 operation:evaluate.fixpoint system:kernel]
2026/05/19 14:59:04.308598 [info] kernel.evaluate | fields=map[duration_ms:1398 operation:evaluate system:kernel]
2026/05/19 14:59:05.714655 [info] kernel.evaluate.fixpoint | fields=map[duration_ms:1367 operation:evaluate.fixpoint system:kernel]
2026/05/19 14:59:05.714655 [info] kernel.evaluate | fields=map[duration_ms:1379 operation:evaluate system:kernel]
2026/05/19 14:59:05.716160 [info] kernel.Query | fields=map[duration_ms:1406 operation:Query system:kernel]
2026/05/19 14:59:05.717166 [info] kernel.Query | fields=map[duration_ms:0 operation:Query system:kernel]
2026/05/19 14:59:05.721550 [info] kernel.Transaction.Commit | fields=map[duration_ms:4 operation:Transaction.Commit system:kernel]
2026/05/19 14:59:05.722054 [info] kernel.Query | fields=map[duration_ms:840 operation:Query system:kernel]
2026/05/19 14:59:07.095704 [info] kernel.evaluate.fixpoint | fields=map[duration_ms:1370 operation:evaluate.fixpoint system:kernel]
2026/05/19 14:59:07.095704 [info] kernel.evaluate | fields=map[duration_ms:1373 operation:evaluate system:kernel]
2026/05/19 14:59:07.095704 [info] kernel.Query | fields=map[duration_ms:1273 operation:Query system:kernel]
2026/05/19 14:59:07.095704 [info] kernel.Query | fields=map[duration_ms:214 operation:Query system:kernel]
2026/05/19 14:59:08.439685 [info] kernel.evaluate.fixpoint | fields=map[duration_ms:1339 operation:evaluate.fixpoint system:kernel]
2026/05/19 14:59:08.439685 [info] kernel.evaluate | fields=map[duration_ms:1343 operation:evaluate system:kernel]
2026/05/19 14:59:08.439685 [info] kernel.Query | fields=map[duration_ms:1343 operation:Query system:kernel]
2026/05/19 14:59:09.726714 [info] kernel.evaluate.fixpoint | fields=map[duration_ms:1283 operation:evaluate.fixpoint system:kernel]
2026/05/19 14:59:09.726714 [info] kernel.evaluate | fields=map[duration_ms:1287 operation:evaluate system:kernel]
2026/05/19 14:59:09.726714 [info] kernel.Query | fields=map[duration_ms:1287 operation:Query system:kernel]
2026/05/19 14:59:09.726714 [info] kernel.Query | fields=map[duration_ms:845 operation:Query system:kernel]
2026/05/19 14:59:11.053298 [info] kernel.evaluate.fixpoint | fields=map[duration_ms:1293 operation:evaluate.fixpoint system:kernel]
2026/05/19 14:59:11.053298 [info] kernel.evaluate | fields=map[duration_ms:1305 operation:evaluate system:kernel]
2026/05/19 14:59:11.054407 [info] kernel.Query | fields=map[duration_ms:1327 operation:Query system:kernel]
2026/05/19 14:59:11.054407 [info] kernel.Query | fields=map[duration_ms:1327 operation:Query system:kernel]
2026/05/19 14:59:11.054407 [info] kernel.Query | fields=map[duration_ms:172 operation:Query system:kernel]
2026/05/19 14:59:12.403105 [info] kernel.evaluate.fixpoint | fields=map[duration_ms:1345 operation:evaluate.fixpoint system:kernel]
2026/05/19 14:59:12.403105 [info] kernel.evaluate | fields=map[duration_ms:1348 operation:evaluate system:kernel]
2026/05/19 14:59:12.403105 [info] kernel.Query | fields=map[duration_ms:1348 operation:Query system:kernel]
2026/05/19 14:59:12.403105 [info] kernel.Query | fields=map[duration_ms:1348 operation:Query system:kernel]
2026/05/19 14:59:13.745846 [info] kernel.evaluate.fixpoint | fields=map[duration_ms:1339 operation:evaluate.fixpoint system:kernel]
2026/05/19 14:59:13.745846 [info] kernel.evaluate | fields=map[duration_ms:1342 operation:evaluate system:kernel]
2026/05/19 14:59:13.745846 [info] kernel.Query | fields=map[duration_ms:1342 operation:Query system:kernel]
2026/05/19 14:59:13.745846 [info] kernel.Query | fields=map[duration_ms:864 operation:Query system:kernel]
2026/05/19 14:59:15.071413 [info] kernel.evaluate.fixpoint | fields=map[duration_ms:1322 operation:evaluate.fixpoint system:kernel]
2026/05/19 14:59:15.071413 [info] kernel.evaluate | fields=map[duration_ms:1325 operation:evaluate system:kernel]
2026/05/19 14:59:15.071413 [info] kernel.Query | fields=map[duration_ms:1325 operation:Query system:kernel]
2026/05/19 14:59:15.071413 [info] kernel.Query | fields=map[duration_ms:189 operation:Query system:kernel]
2026/05/19 14:59:16.430911 [info] kernel.evaluate.fixpoint | fields=map[duration_ms:1355 operation:evaluate.fixpoint system:kernel]
2026/05/19 14:59:16.430911 [info] kernel.evaluate | fields=map[duration_ms:1359 operation:evaluate system:kernel]
2026/05/19 14:59:16.430911 [info] kernel.Query | fields=map[duration_ms:1359 operation:Query system:kernel]
2026/05/19 14:59:17.777027 [info] kernel.evaluate.fixpoint | fields=map[duration_ms:1342 operation:evaluate.fixpoint system:kernel]
2026/05/19 14:59:17.777027 [info] kernel.evaluate | fields=map[duration_ms:1346 operation:evaluate system:kernel]
2026/05/19 14:59:17.777027 [info] kernel.Query | fields=map[duration_ms:1346 operation:Query system:kernel]
2026/05/19 14:59:17.777027 [info] kernel.Query | fields=map[duration_ms:895 operation:Query system:kernel]
2026/05/19 14:59:19.273981 [info] kernel.evaluate.fixpoint | fields=map[duration_ms:1493 operation:evaluate.fixpoint system:kernel]
2026/05/19 14:59:19.273981 [info] kernel.evaluate | fields=map[duration_ms:1496 operation:evaluate system:kernel]
2026/05/19 14:59:19.273981 [info] kernel.Query | fields=map[duration_ms:1496 operation:Query system:kernel]
2026/05/19 14:59:19.273981 [info] kernel.Query | fields=map[duration_ms:392 operation:Query system:kernel]
2026/05/19 14:59:19.273981 [info] kernel.Query | fields=map[duration_ms:1496 operation:Query system:kernel]
2026/05/19 14:59:20.904076 [info] kernel.evaluate.fixpoint | fields=map[duration_ms:1627 operation:evaluate.fixpoint system:kernel]
2026/05/19 14:59:20.904076 [info] kernel.evaluate | fields=map[duration_ms:1630 operation:evaluate system:kernel]
2026/05/19 14:59:20.904076 [info] kernel.Query | fields=map[duration_ms:1630 operation:Query system:kernel]
2026/05/19 14:59:20.904076 [info] kernel.Query | fields=map[duration_ms:1630 operation:Query system:kernel]
2026/05/19 14:59:20.904076 [info] kernel.Query | fields=map[duration_ms:22 operation:Query system:kernel]
2026/05/19 14:59:22.448413 [info] kernel.evaluate.fixpoint | fields=map[duration_ms:1540 operation:evaluate.fixpoint system:kernel]
2026/05/19 14:59:22.448413 [info] kernel.evaluate | fields=map[duration_ms:1544 operation:evaluate system:kernel]
2026/05/19 14:59:22.448413 [info] kernel.Query | fields=map[duration_ms:1544 operation:Query system:kernel]
2026/05/19 14:59:24.059795 [info] kernel.evaluate.fixpoint | fields=map[duration_ms:1606 operation:evaluate.fixpoint system:kernel]
2026/05/19 14:59:24.059795 [info] kernel.evaluate | fields=map[duration_ms:1611 operation:evaluate system:kernel]
2026/05/19 14:59:24.059795 [info] kernel.Query | fields=map[duration_ms:1611 operation:Query system:kernel]
2026/05/19 14:59:24.059795 [info] kernel.Query | fields=map[duration_ms:1178 operation:Query system:kernel]
2026/05/19 14:59:25.649786 [info] kernel.evaluate.fixpoint | fields=map[duration_ms:1587 operation:evaluate.fixpoint system:kernel]
2026/05/19 14:59:25.649786 [info] kernel.evaluate | fields=map[duration_ms:1589 operation:evaluate system:kernel]
2026/05/19 14:59:25.649786 [info] kernel.Query | fields=map[duration_ms:768 operation:Query system:kernel]
2026/05/19 14:59:27.342437 [info] kernel.evaluate.fixpoint | fields=map[duration_ms:1689 operation:evaluate.fixpoint system:kernel]
2026/05/19 14:59:27.342437 [info] kernel.evaluate | fields=map[duration_ms:1692 operation:evaluate system:kernel]
2026/05/19 14:59:27.342437 [info] kernel.Query | fields=map[duration_ms:1692 operation:Query system:kernel]
2026/05/19 14:59:27.342437 [info] kernel.Query | fields=map[duration_ms:460 operation:Query system:kernel]
2026/05/19 14:59:28.953469 [info] kernel.evaluate.fixpoint | fields=map[duration_ms:1606 operation:evaluate.fixpoint system:kernel]
2026/05/19 14:59:28.953469 [info] kernel.evaluate | fields=map[duration_ms:1610 operation:evaluate system:kernel]
2026/05/19 14:59:28.953469 [info] kernel.Query | fields=map[duration_ms:1610 operation:Query system:kernel]
2026/05/19 14:59:28.953469 [info] kernel.Query | fields=map[duration_ms:71 operation:Query system:kernel]
2026/05/19 14:59:30.322296 [info] kernel.evaluate.fixpoint | fields=map[duration_ms:1364 operation:evaluate.fixpoint system:kernel]
2026/05/19 14:59:30.322296 [info] kernel.evaluate | fields=map[duration_ms:1368 operation:evaluate system:kernel]
2026/05/19 14:59:31.651052 [info] kernel.evaluate.fixpoint | fields=map[duration_ms:1325 operation:evaluate.fixpoint system:kernel]
2026/05/19 14:59:31.651052 [info] kernel.evaluate | fields=map[duration_ms:1328 operation:evaluate system:kernel]
2026/05/19 14:59:31.651052 [info] kernel.Query | fields=map[duration_ms:769 operation:Query system:kernel]
2026/05/19 14:59:33.011608 [info] kernel.evaluate.fixpoint | fields=map[duration_ms:1357 operation:evaluate.fixpoint system:kernel]
2026/05/19 14:59:33.011608 [info] kernel.evaluate | fields=map[duration_ms:1360 operation:evaluate system:kernel]
2026/05/19 14:59:33.011608 [info] kernel.Query | fields=map[duration_ms:129 operation:Query system:kernel]
2026/05/19 14:59:34.423683 [info] kernel.evaluate.fixpoint | fields=map[duration_ms:1408 operation:evaluate.fixpoint system:kernel]
2026/05/19 14:59:34.423683 [info] kernel.evaluate | fields=map[duration_ms:1412 operation:evaluate system:kernel]
2026/05/19 14:59:34.423683 [info] kernel.Query | fields=map[duration_ms:1412 operation:Query system:kernel]
2026/05/19 14:59:35.838345 [info] kernel.evaluate.fixpoint | fields=map[duration_ms:1411 operation:evaluate.fixpoint system:kernel]
2026/05/19 14:59:35.838345 [info] kernel.evaluate | fields=map[duration_ms:1414 operation:evaluate system:kernel]
2026/05/19 14:59:35.838345 [info] kernel.Query | fields=map[duration_ms:1414 operation:Query system:kernel]
2026/05/19 14:59:35.838345 [info] kernel.Query | fields=map[duration_ms:956 operation:Query system:kernel]
2026/05/19 14:59:35.838345 [info] kernel.Query | fields=map[duration_ms:1414 operation:Query system:kernel]
2026/05/19 14:59:37.184712 [info] kernel.evaluate.fixpoint | fields=map[duration_ms:1343 operation:evaluate.fixpoint system:kernel]
2026/05/19 14:59:37.184712 [info] kernel.evaluate | fields=map[duration_ms:1345 operation:evaluate system:kernel]
2026/05/19 14:59:37.184712 [info] kernel.Query | fields=map[duration_ms:303 operation:Query system:kernel]
2026/05/19 14:59:37.184712 [info] kernel.Query | fields=map[duration_ms:1346 operation:Query system:kernel]
2026/05/19 14:59:38.554413 [info] kernel.evaluate.fixpoint | fields=map[duration_ms:1366 operation:evaluate.fixpoint system:kernel]
2026/05/19 14:59:38.554413 [info] kernel.evaluate | fields=map[duration_ms:1369 operation:evaluate system:kernel]
2026/05/19 14:59:38.554413 [info] kernel.Query | fields=map[duration_ms:1369 operation:Query system:kernel]
2026/05/19 14:59:39.876146 [info] kernel.evaluate.fixpoint | fields=map[duration_ms:1317 operation:evaluate.fixpoint system:kernel]
2026/05/19 14:59:39.877649 [info] kernel.evaluate | fields=map[duration_ms:1323 operation:evaluate system:kernel]
2026/05/19 14:59:39.877649 [info] kernel.Query | fields=map[duration_ms:1323 operation:Query system:kernel]
2026/05/19 14:59:39.877649 [info] kernel.Query | fields=map[duration_ms:996 operation:Query system:kernel]
2026/05/19 14:59:41.228602 [info] kernel.evaluate.fixpoint | fields=map[duration_ms:1347 operation:evaluate.fixpoint system:kernel]
2026/05/19 14:59:41.228602 [info] kernel.evaluate | fields=map[duration_ms:1350 operation:evaluate system:kernel]
2026/05/19 14:59:41.228602 [info] kernel.Query | fields=map[duration_ms:1350 operation:Query system:kernel]
2026/05/19 14:59:41.228602 [info] kernel.Query | fields=map[duration_ms:346 operation:Query system:kernel]
2026/05/19 14:59:42.558492 [info] kernel.evaluate.fixpoint | fields=map[duration_ms:1326 operation:evaluate.fixpoint system:kernel]
2026/05/19 14:59:42.558492 [info] kernel.evaluate | fields=map[duration_ms:1329 operation:evaluate system:kernel]
2026/05/19 14:59:42.558492 [info] kernel.Query | fields=map[duration_ms:1329 operation:Query system:kernel]
2026/05/19 14:59:42.558492 [info] kernel.Query | fields=map[duration_ms:1329 operation:Query system:kernel]
2026/05/19 14:59:43.974923 [info] kernel.evaluate.fixpoint | fields=map[duration_ms:1413 operation:evaluate.fixpoint system:kernel]
2026/05/19 14:59:43.974923 [info] kernel.evaluate | fields=map[duration_ms:1416 operation:evaluate system:kernel]
2026/05/19 14:59:43.974923 [info] kernel.Query | fields=map[duration_ms:1092 operation:Query system:kernel]
2026/05/19 14:59:43.974923 [info] kernel.Query | fields=map[duration_ms:1416 operation:Query system:kernel]
2026/05/19 14:59:43.974923 [info] kernel.Query | fields=map[duration_ms:1416 operation:Query system:kernel]
2026/05/19 14:59:45.333978 [info] kernel.evaluate.fixpoint | fields=map[duration_ms:1354 operation:evaluate.fixpoint system:kernel]
2026/05/19 14:59:45.333978 [info] kernel.evaluate | fields=map[duration_ms:1359 operation:evaluate system:kernel]
2026/05/19 14:59:45.333978 [info] kernel.Query | fields=map[duration_ms:1359 operation:Query system:kernel]
2026/05/19 14:59:45.333978 [info] kernel.Query | fields=map[duration_ms:452 operation:Query system:kernel]
2026/05/19 14:59:46.687641 [info] kernel.evaluate.fixpoint | fields=map[duration_ms:1350 operation:evaluate.fixpoint system:kernel]
2026/05/19 14:59:46.687641 [info] kernel.evaluate | fields=map[duration_ms:1353 operation:evaluate system:kernel]
2026/05/19 14:59:46.687641 [info] kernel.Query | fields=map[duration_ms:1353 operation:Query system:kernel]
2026/05/19 14:59:48.096884 [info] kernel.evaluate.fixpoint | fields=map[duration_ms:1405 operation:evaluate.fixpoint system:kernel]
2026/05/19 14:59:48.096884 [info] kernel.evaluate | fields=map[duration_ms:1409 operation:evaluate system:kernel]
2026/05/19 14:59:48.096884 [info] kernel.Query | fields=map[duration_ms:1409 operation:Query system:kernel]
2026/05/19 14:59:48.096884 [info] kernel.Query | fields=map[duration_ms:1215 operation:Query system:kernel]
2026/05/19 14:59:49.621153 [info] kernel.evaluate.fixpoint | fields=map[duration_ms:1520 operation:evaluate.fixpoint system:kernel]
2026/05/19 14:59:49.621153 [info] kernel.evaluate | fields=map[duration_ms:1524 operation:evaluate system:kernel]
2026/05/19 14:59:49.621153 [info] kernel.Query | fields=map[duration_ms:1524 operation:Query system:kernel]
2026/05/19 14:59:49.621153 [info] kernel.Query | fields=map[duration_ms:739 operation:Query system:kernel]
2026/05/19 14:59:49.621153 [info] kernel.Query | fields=map[duration_ms:1524 operation:Query system:kernel]
2026/05/19 14:59:51.004611 [info] kernel.evaluate.fixpoint | fields=map[duration_ms:1380 operation:evaluate.fixpoint system:kernel]
2026/05/19 14:59:51.004611 [info] kernel.evaluate | fields=map[duration_ms:1383 operation:evaluate system:kernel]
2026/05/19 14:59:51.004611 [info] kernel.Query | fields=map[duration_ms:123 operation:Query system:kernel]
2026/05/19 14:59:51.004611 [info] kernel.Query | fields=map[duration_ms:1383 operation:Query system:kernel]
2026/05/19 14:59:51.004611 [info] kernel.Query | fields=map[duration_ms:1383 operation:Query system:kernel]
2026/05/19 14:59:52.327874 [info] kernel.evaluate.fixpoint | fields=map[duration_ms:1320 operation:evaluate.fixpoint system:kernel]
2026/05/19 14:59:52.327874 [info] kernel.evaluate | fields=map[duration_ms:1323 operation:evaluate system:kernel]
2026/05/19 14:59:52.327874 [info] kernel.Query | fields=map[duration_ms:1323 operation:Query system:kernel]
2026/05/19 14:59:53.656681 [info] kernel.evaluate.fixpoint | fields=map[duration_ms:1324 operation:evaluate.fixpoint system:kernel]
2026/05/19 14:59:53.656681 [info] kernel.evaluate | fields=map[duration_ms:1327 operation:evaluate system:kernel]
2026/05/19 14:59:53.656681 [info] kernel.Query | fields=map[duration_ms:775 operation:Query system:kernel]
2026/05/19 14:59:54.954544 [info] kernel.evaluate.fixpoint | fields=map[duration_ms:1294 operation:evaluate.fixpoint system:kernel]
2026/05/19 14:59:54.954544 [info] kernel.evaluate | fields=map[duration_ms:1297 operation:evaluate system:kernel]
2026/05/19 14:59:54.956052 [info] kernel.Query | fields=map[duration_ms:74 operation:Query system:kernel]
2026/05/19 14:59:56.267664 [info] kernel.evaluate.fixpoint | fields=map[duration_ms:1308 operation:evaluate.fixpoint system:kernel]
2026/05/19 14:59:56.267664 [info] kernel.evaluate | fields=map[duration_ms:1311 operation:evaluate system:kernel]
2026/05/19 14:59:56.268665 [info] kernel.Query | fields=map[duration_ms:1311 operation:Query system:kernel]
2026/05/19 14:59:56.268665 [info] kernel.Query | fields=map[duration_ms:0 operation:Query system:kernel]
2026/05/19 14:59:57.745047 [info] kernel.evaluate.fixpoint | fields=map[duration_ms:1472 operation:evaluate.fixpoint system:kernel]
2026/05/19 14:59:57.745047 [info] kernel.evaluate | fields=map[duration_ms:1476 operation:evaluate system:kernel]
2026/05/19 14:59:57.745047 [info] kernel.Query | fields=map[duration_ms:862 operation:Query system:kernel]
2026/05/19 14:59:59.203069 [info] kernel.evaluate.fixpoint | fields=map[duration_ms:1451 operation:evaluate.fixpoint system:kernel]
2026/05/19 14:59:59.203069 [info] kernel.evaluate | fields=map[duration_ms:1458 operation:evaluate system:kernel]
2026/05/19 14:59:59.203069 [info] kernel.Query | fields=map[duration_ms:321 operation:Query system:kernel]
2026/05/19 15:00:00.642675 [info] kernel.evaluate.fixpoint | fields=map[duration_ms:1434 operation:evaluate.fixpoint system:kernel]
2026/05/19 15:00:00.642675 [info] kernel.evaluate | fields=map[duration_ms:1439 operation:evaluate system:kernel]
2026/05/19 15:00:02.024229 [info] kernel.evaluate.fixpoint | fields=map[duration_ms:1378 operation:evaluate.fixpoint system:kernel]
2026/05/19 15:00:02.024229 [info] kernel.evaluate | fields=map[duration_ms:1381 operation:evaluate system:kernel]
2026/05/19 15:00:02.024229 [info] kernel.Query | fields=map[duration_ms:1381 operation:Query system:kernel]
2026/05/19 15:00:02.024229 [info] kernel.Query | fields=map[duration_ms:1142 operation:Query system:kernel]
2026/05/19 15:00:03.523785 [info] kernel.evaluate.fixpoint | fields=map[duration_ms:1496 operation:evaluate.fixpoint system:kernel]
2026/05/19 15:00:03.523785 [info] kernel.evaluate | fields=map[duration_ms:1499 operation:evaluate system:kernel]
2026/05/19 15:00:03.523785 [info] kernel.Query | fields=map[duration_ms:642 operation:Query system:kernel]
2026/05/19 15:00:03.523785 [info] kernel.Query | fields=map[duration_ms:1499 operation:Query system:kernel]
2026/05/19 15:00:03.523785 [info] kernel.Query | fields=map[duration_ms:1499 operation:Query system:kernel]
2026/05/19 15:00:04.917381 [info] kernel.evaluate.fixpoint | fields=map[duration_ms:1386 operation:evaluate.fixpoint system:kernel]
2026/05/19 15:00:04.917381 [info] kernel.evaluate | fields=map[duration_ms:1393 operation:evaluate system:kernel]
2026/05/19 15:00:04.917381 [info] kernel.Query | fields=map[duration_ms:35 operation:Query system:kernel]
2026/05/19 15:00:04.917889 [info] kernel.Query | fields=map[duration_ms:1393 operation:Query system:kernel]
2026/05/19 15:00:04.917889 [info] kernel.Query | fields=map[duration_ms:1393 operation:Query system:kernel]
2026/05/19 15:00:06.507744 [info] kernel.evaluate.fixpoint | fields=map[duration_ms:1587 operation:evaluate.fixpoint system:kernel]
2026/05/19 15:00:06.507744 [info] kernel.evaluate | fields=map[duration_ms:1589 operation:evaluate system:kernel]
2026/05/19 15:00:06.507744 [info] kernel.Query | fields=map[duration_ms:1589 operation:Query system:kernel]
2026/05/19 15:00:07.924450 [info] kernel.evaluate.fixpoint | fields=map[duration_ms:1413 operation:evaluate.fixpoint system:kernel]
2026/05/19 15:00:07.924450 [info] kernel.evaluate | fields=map[duration_ms:1416 operation:evaluate system:kernel]
2026/05/19 15:00:07.924450 [info] kernel.Query | fields=map[duration_ms:1416 operation:Query system:kernel]
2026/05/19 15:00:07.924450 [info] kernel.Query | fields=map[duration_ms:1042 operation:Query system:kernel]
2026/05/19 15:00:09.321793 [info] kernel.evaluate.fixpoint | fields=map[duration_ms:1391 operation:evaluate.fixpoint system:kernel]
2026/05/19 15:00:09.321793 [info] kernel.evaluate | fields=map[duration_ms:1397 operation:evaluate system:kernel]
2026/05/19 15:00:09.321793 [info] kernel.Query | fields=map[duration_ms:1397 operation:Query system:kernel]
2026/05/19 15:00:09.321793 [info] kernel.Query | fields=map[duration_ms:440 operation:Query system:kernel]
2026/05/19 15:00:10.698822 [info] kernel.evaluate.fixpoint | fields=map[duration_ms:1373 operation:evaluate.fixpoint system:kernel]
2026/05/19 15:00:10.698822 [info] kernel.evaluate | fields=map[duration_ms:1377 operation:evaluate system:kernel]
2026/05/19 15:00:10.698822 [info] kernel.Query | fields=map[duration_ms:1377 operation:Query system:kernel]
2026/05/19 15:00:10.698822 [info] kernel.Query | fields=map[duration_ms:1377 operation:Query system:kernel]
2026/05/19 15:00:12.046479 [info] kernel.evaluate.fixpoint | fields=map[duration_ms:1344 operation:evaluate.fixpoint system:kernel]
2026/05/19 15:00:12.046479 [info] kernel.evaluate | fields=map[duration_ms:1347 operation:evaluate system:kernel]
2026/05/19 15:00:12.046479 [info] kernel.Query | fields=map[duration_ms:1164 operation:Query system:kernel]
2026/05/19 15:00:12.046479 [info] kernel.Query | fields=map[duration_ms:1347 operation:Query system:kernel]
2026/05/19 15:00:12.046479 [info] kernel.Query | fields=map[duration_ms:1347 operation:Query system:kernel]
2026/05/19 15:00:13.477306 [info] kernel.evaluate.fixpoint | fields=map[duration_ms:1422 operation:evaluate.fixpoint system:kernel]
2026/05/19 15:00:13.477306 [info] kernel.evaluate | fields=map[duration_ms:1430 operation:evaluate system:kernel]
2026/05/19 15:00:13.477306 [info] kernel.Query | fields=map[duration_ms:1430 operation:Query system:kernel]
2026/05/19 15:00:13.477306 [info] kernel.Query | fields=map[duration_ms:595 operation:Query system:kernel]
2026/05/19 15:00:13.477306 [info] virtual_store.HydrateStaticTools | fields=map[duration_ms:71901 operation:HydrateStaticTools system:virtual_store]
2026/05/19 15:00:14.880536 [info] kernel.evaluate.fixpoint | fields=map[duration_ms:1399 operation:evaluate.fixpoint system:kernel]
2026/05/19 15:00:14.880536 [info] kernel.evaluate | fields=map[duration_ms:1403 operation:evaluate system:kernel]
2026/05/19 15:00:14.880536 [info] kernel.Query | fields=map[duration_ms:1403 operation:Query system:kernel]
2026/05/19 15:00:16.260785 [info] kernel.evaluate.fixpoint | fields=map[duration_ms:1374 operation:evaluate.fixpoint system:kernel]
2026/05/19 15:00:16.260785 [info] kernel.evaluate | fields=map[duration_ms:1379 operation:evaluate system:kernel]
2026/05/19 15:00:16.260785 [info] kernel.Query | fields=map[duration_ms:1380 operation:Query system:kernel]
2026/05/19 15:00:16.260785 [info] kernel.Query | fields=map[duration_ms:1375 operation:Query system:kernel]
2026/05/19 15:00:16.261800 [info] kernel.Query | fields=map[duration_ms:1 operation:Query system:kernel]
2026/05/19 15:00:16.261800 [info] kernel.Query | fields=map[duration_ms:1 operation:Query system:kernel]
2026/05/19 15:00:17.688259 [info] kernel.evaluate.fixpoint | fields=map[duration_ms:1423 operation:evaluate.fixpoint system:kernel]
2026/05/19 15:00:17.688259 [info] kernel.evaluate | fields=map[duration_ms:1426 operation:evaluate system:kernel]
2026/05/19 15:00:17.688259 [info] kernel.Query | fields=map[duration_ms:1426 operation:Query system:kernel]
2026/05/19 15:00:17.688259 [info] kernel.Query | fields=map[duration_ms:1426 operation:Query system:kernel]
2026/05/19 15:00:17.688259 [info] kernel.Query | fields=map[duration_ms:806 operation:Query system:kernel]
2026/05/19 15:00:19.100358 [info] kernel.evaluate.fixpoint | fields=map[duration_ms:1404 operation:evaluate.fixpoint system:kernel]
2026/05/19 15:00:19.100358 [info] kernel.evaluate | fields=map[duration_ms:1412 operation:evaluate system:kernel]
2026/05/19 15:00:19.100358 [info] kernel.Query | fields=map[duration_ms:218 operation:Query system:kernel]
2026/05/19 15:00:20.551991 [info] kernel.evaluate.fixpoint | fields=map[duration_ms:1449 operation:evaluate.fixpoint system:kernel]
2026/05/19 15:00:20.551991 [info] kernel.evaluate | fields=map[duration_ms:1451 operation:evaluate system:kernel]
2026/05/19 15:00:21.953137 [info] kernel.evaluate.fixpoint | fields=map[duration_ms:1396 operation:evaluate.fixpoint system:kernel]
2026/05/19 15:00:21.953137 [info] kernel.evaluate | fields=map[duration_ms:1399 operation:evaluate system:kernel]
2026/05/19 15:00:21.953137 [info] kernel.Query | fields=map[duration_ms:1071 operation:Query system:kernel]
2026/05/19 15:00:23.395324 [info] kernel.evaluate.fixpoint | fields=map[duration_ms:1438 operation:evaluate.fixpoint system:kernel]
2026/05/19 15:00:23.395324 [info] kernel.evaluate | fields=map[duration_ms:1442 operation:evaluate system:kernel]
2026/05/19 15:00:23.395843 [info] kernel.Query | fields=map[duration_ms:1442 operation:Query system:kernel]
2026/05/19 15:00:23.395843 [info] kernel.Query | fields=map[duration_ms:514 operation:Query system:kernel]
2026/05/19 15:00:23.395843 [info] kernel.Query | fields=map[duration_ms:0 operation:Query system:kernel]
2026/05/19 15:00:24.766499 [info] kernel.evaluate.fixpoint | fields=map[duration_ms:1366 operation:evaluate.fixpoint system:kernel]
2026/05/19 15:00:24.767029 [info] kernel.evaluate | fields=map[duration_ms:1371 operation:evaluate system:kernel]
2026/05/19 15:00:26.112624 [info] kernel.evaluate.fixpoint | fields=map[duration_ms:1340 operation:evaluate.fixpoint system:kernel]
2026/05/19 15:00:26.112624 [info] kernel.evaluate | fields=map[duration_ms:1345 operation:evaluate system:kernel]
2026/05/19 15:00:26.112624 [info] kernel.Query | fields=map[duration_ms:1231 operation:Query system:kernel]
2026/05/19 15:00:26.112624 [info] kernel.Query | fields=map[duration_ms:1345 operation:Query system:kernel]
2026/05/19 15:00:27.496601 [info] kernel.evaluate.fixpoint | fields=map[duration_ms:1381 operation:evaluate.fixpoint system:kernel]
2026/05/19 15:00:27.496601 [info] kernel.evaluate | fields=map[duration_ms:1383 operation:evaluate system:kernel]
2026/05/19 15:00:27.497114 [info] kernel.Query | fields=map[duration_ms:1384 operation:Query system:kernel]
2026/05/19 15:00:27.497114 [info] kernel.Query | fields=map[duration_ms:615 operation:Query system:kernel]
2026/05/19 15:00:28.843015 [info] kernel.evaluate.fixpoint | fields=map[duration_ms:1342 operation:evaluate.fixpoint system:kernel]
2026/05/19 15:00:28.843015 [info] kernel.evaluate | fields=map[duration_ms:1345 operation:evaluate system:kernel]
2026/05/19 15:00:28.843015 [info] kernel.Query | fields=map[duration_ms:1345 operation:Query system:kernel]
2026/05/19 15:00:30.231210 [info] kernel.evaluate.fixpoint | fields=map[duration_ms:1384 operation:evaluate.fixpoint system:kernel]
2026/05/19 15:00:30.232218 [info] kernel.evaluate | fields=map[duration_ms:1389 operation:evaluate system:kernel]
2026/05/19 15:00:30.232218 [info] kernel.Query | fields=map[duration_ms:1389 operation:Query system:kernel]
2026/05/19 15:00:30.232218 [info] kernel.Query | fields=map[duration_ms:1350 operation:Query system:kernel]
2026/05/19 15:00:30.232218 [info] kernel.Query | fields=map[duration_ms:1389 operation:Query system:kernel]
2026/05/19 15:00:30.232723 [info] kernel.Query | fields=map[duration_ms:0 operation:Query system:kernel]
2026/05/19 15:00:30.232723 [info] kernel.Query | fields=map[duration_ms:0 operation:Query system:kernel]
2026/05/19 15:00:31.640300 [info] kernel.evaluate.fixpoint | fields=map[duration_ms:1404 operation:evaluate.fixpoint system:kernel]
2026/05/19 15:00:31.640300 [info] kernel.evaluate | fields=map[duration_ms:1407 operation:evaluate system:kernel]
2026/05/19 15:00:31.640300 [info] kernel.Query | fields=map[duration_ms:758 operation:Query system:kernel]
2026/05/19 15:00:31.640300 [info] kernel.Query | fields=map[duration_ms:1407 operation:Query system:kernel]
2026/05/19 15:00:33.023299 [info] kernel.evaluate.fixpoint | fields=map[duration_ms:1379 operation:evaluate.fixpoint system:kernel]
2026/05/19 15:00:33.023299 [info] kernel.evaluate | fields=map[duration_ms:1382 operation:evaluate system:kernel]
2026/05/19 15:00:33.023299 [info] kernel.Query | fields=map[duration_ms:1382 operation:Query system:kernel]
2026/05/19 15:00:33.023299 [info] kernel.Query | fields=map[duration_ms:0 operation:Query system:kernel]
2026/05/19 15:00:34.531040 [info] kernel.evaluate.fixpoint | fields=map[duration_ms:1499 operation:evaluate.fixpoint system:kernel]
2026/05/19 15:00:34.531040 [info] kernel.evaluate | fields=map[duration_ms:1507 operation:evaluate system:kernel]
2026/05/19 15:00:34.531040 [info] kernel.Query | fields=map[duration_ms:1507 operation:Query system:kernel]
2026/05/19 15:00:34.531040 [info] kernel.Query | fields=map[duration_ms:1649 operation:Query system:kernel]
2026/05/19 15:00:35.942502 [info] kernel.evaluate.fixpoint | fields=map[duration_ms:1407 operation:evaluate.fixpoint system:kernel]
2026/05/19 15:00:35.942502 [info] kernel.evaluate | fields=map[duration_ms:1411 operation:evaluate system:kernel]
2026/05/19 15:00:35.942502 [info] kernel.Query | fields=map[duration_ms:1411 operation:Query system:kernel]
2026/05/19 15:00:35.942502 [info] kernel.Query | fields=map[duration_ms:1060 operation:Query system:kernel]
2026/05/19 15:00:37.394015 [info] kernel.evaluate.fixpoint | fields=map[duration_ms:1447 operation:evaluate.fixpoint system:kernel]
2026/05/19 15:00:37.394015 [info] kernel.evaluate | fields=map[duration_ms:1451 operation:evaluate system:kernel]
2026/05/19 15:00:37.394015 [info] kernel.Query | fields=map[duration_ms:1451 operation:Query system:kernel]
2026/05/19 15:00:37.394015 [info] kernel.Query | fields=map[duration_ms:512 operation:Query system:kernel]
2026/05/19 15:00:37.394015 [info] kernel.Query | fields=map[duration_ms:1451 operation:Query system:kernel]
2026/05/19 15:00:38.817969 [info] kernel.evaluate.fixpoint | fields=map[duration_ms:1418 operation:evaluate.fixpoint system:kernel]
2026/05/19 15:00:38.817969 [info] kernel.evaluate | fields=map[duration_ms:1423 operation:evaluate system:kernel]
2026/05/19 15:00:38.817969 [info] kernel.Query | fields=map[duration_ms:1423 operation:Query system:kernel]
2026/05/19 15:00:38.817969 [info] kernel.Query | fields=map[duration_ms:1423 operation:Query system:kernel]
2026/05/19 15:00:40.165527 [info] kernel.evaluate.fixpoint | fields=map[duration_ms:1344 operation:evaluate.fixpoint system:kernel]
2026/05/19 15:00:40.165527 [info] kernel.evaluate | fields=map[duration_ms:1347 operation:evaluate system:kernel]
2026/05/19 15:00:40.165527 [info] kernel.Query | fields=map[duration_ms:1347 operation:Query system:kernel]
2026/05/19 15:00:40.165527 [info] kernel.Query | fields=map[duration_ms:1283 operation:Query system:kernel]
2026/05/19 15:00:41.548069 [info] kernel.evaluate.fixpoint | fields=map[duration_ms:1378 operation:evaluate.fixpoint system:kernel]
2026/05/19 15:00:41.548069 [info] kernel.evaluate | fields=map[duration_ms:1382 operation:evaluate system:kernel]
2026/05/19 15:00:41.548069 [info] kernel.Query | fields=map[duration_ms:666 operation:Query system:kernel]
2026/05/19 15:00:42.924753 [info] kernel.evaluate.fixpoint | fields=map[duration_ms:1374 operation:evaluate.fixpoint system:kernel]
2026/05/19 15:00:42.924753 [info] kernel.evaluate | fields=map[duration_ms:1376 operation:evaluate system:kernel]
2026/05/19 15:00:42.924753 [info] kernel.Query | fields=map[duration_ms:1376 operation:Query system:kernel]
2026/05/19 15:00:42.924753 [info] kernel.Query | fields=map[duration_ms:43 operation:Query system:kernel]
2026/05/19 15:00:42.924753 [info] kernel.Query | fields=map[duration_ms:0 operation:Query system:kernel]
2026/05/19 15:00:44.392085 [info] kernel.evaluate.fixpoint | fields=map[duration_ms:1462 operation:evaluate.fixpoint system:kernel]
2026/05/19 15:00:44.392085 [info] kernel.evaluate | fields=map[duration_ms:1467 operation:evaluate system:kernel]
2026/05/19 15:00:45.772648 [info] kernel.evaluate.fixpoint | fields=map[duration_ms:1376 operation:evaluate.fixpoint system:kernel]
2026/05/19 15:00:45.772648 [info] kernel.evaluate | fields=map[duration_ms:1380 operation:evaluate system:kernel]
2026/05/19 15:00:45.772648 [info] kernel.Query | fields=map[duration_ms:890 operation:Query system:kernel]
2026/05/19 15:00:47.128406 [info] kernel.evaluate.fixpoint | fields=map[duration_ms:1353 operation:evaluate.fixpoint system:kernel]
2026/05/19 15:00:47.128406 [info] kernel.evaluate | fields=map[duration_ms:1355 operation:evaluate system:kernel]
2026/05/19 15:00:47.128406 [info] kernel.Query | fields=map[duration_ms:246 operation:Query system:kernel]
2026/05/19 15:00:48.533483 [info] kernel.evaluate.fixpoint | fields=map[duration_ms:1401 operation:evaluate.fixpoint system:kernel]
2026/05/19 15:00:48.533483 [info] kernel.evaluate | fields=map[duration_ms:1405 operation:evaluate system:kernel]
2026/05/19 15:00:48.533483 [info] kernel.Query | fields=map[duration_ms:1405 operation:Query system:kernel]
2026/05/19 15:00:49.981551 [info] kernel.evaluate.fixpoint | fields=map[duration_ms:1445 operation:evaluate.fixpoint system:kernel]
2026/05/19 15:00:49.982549 [info] kernel.evaluate | fields=map[duration_ms:1449 operation:evaluate system:kernel]
2026/05/19 15:00:49.982549 [info] kernel.Query | fields=map[duration_ms:1100 operation:Query system:kernel]
2026/05/19 15:00:49.982549 [info] kernel.Query | fields=map[duration_ms:1449 operation:Query system:kernel]
2026/05/19 15:00:49.982549 [info] kernel.Query | fields=map[duration_ms:1449 operation:Query system:kernel]
2026/05/19 15:00:51.368886 [info] kernel.evaluate.fixpoint | fields=map[duration_ms:1383 operation:evaluate.fixpoint system:kernel]
2026/05/19 15:00:51.369419 [info] kernel.evaluate | fields=map[duration_ms:1386 operation:evaluate system:kernel]
2026/05/19 15:00:51.369419 [info] kernel.Query | fields=map[duration_ms:1386 operation:Query system:kernel]
2026/05/19 15:00:51.369419 [info] kernel.Query | fields=map[duration_ms:487 operation:Query system:kernel]
2026/05/19 15:00:52.740520 [info] kernel.evaluate.fixpoint | fields=map[duration_ms:1368 operation:evaluate.fixpoint system:kernel]
2026/05/19 15:00:52.740520 [info] kernel.evaluate | fields=map[duration_ms:1371 operation:evaluate system:kernel]
2026/05/19 15:00:52.740520 [info] kernel.Query | fields=map[duration_ms:1371 operation:Query system:kernel]
2026/05/19 15:00:54.108232 [info] kernel.evaluate.fixpoint | fields=map[duration_ms:1364 operation:evaluate.fixpoint system:kernel]
2026/05/19 15:00:54.108232 [info] kernel.evaluate | fields=map[duration_ms:1367 operation:evaluate system:kernel]
2026/05/19 15:00:54.108232 [info] kernel.Query | fields=map[duration_ms:1367 operation:Query system:kernel]
2026/05/19 15:00:54.108232 [info] kernel.Query | fields=map[duration_ms:1226 operation:Query system:kernel]
2026/05/19 15:00:55.531958 [info] kernel.evaluate.fixpoint | fields=map[duration_ms:1419 operation:evaluate.fixpoint system:kernel]
2026/05/19 15:00:55.531958 [info] kernel.evaluate | fields=map[duration_ms:1423 operation:evaluate system:kernel]
2026/05/19 15:00:55.531958 [info] kernel.Query | fields=map[duration_ms:1423 operation:Query system:kernel]
2026/05/19 15:00:55.531958 [info] kernel.Query | fields=map[duration_ms:650 operation:Query system:kernel]
2026/05/19 15:00:56.905124 [info] kernel.evaluate.fixpoint | fields=map[duration_ms:1368 operation:evaluate.fixpoint system:kernel]
2026/05/19 15:00:56.905124 [info] kernel.evaluate | fields=map[duration_ms:1373 operation:evaluate system:kernel]
2026/05/19 15:00:56.905124 [info] kernel.Query | fields=map[duration_ms:1373 operation:Query system:kernel]
2026/05/19 15:00:56.905124 [info] kernel.Query | fields=map[duration_ms:1373 operation:Query system:kernel]
2026/05/19 15:00:56.905124 [info] kernel.Query | fields=map[duration_ms:23 operation:Query system:kernel]
2026/05/19 15:00:58.291238 [info] kernel.evaluate.fixpoint | fields=map[duration_ms:1381 operation:evaluate.fixpoint system:kernel]
2026/05/19 15:00:58.291238 [info] kernel.evaluate | fields=map[duration_ms:1386 operation:evaluate system:kernel]
2026/05/19 15:00:58.291238 [info] kernel.Query | fields=map[duration_ms:1386 operation:Query system:kernel]
2026/05/19 15:00:58.291238 [info] kernel.Query | fields=map[duration_ms:1386 operation:Query system:kernel]
2026/05/19 15:00:59.675636 [info] kernel.evaluate.fixpoint | fields=map[duration_ms:1380 operation:evaluate.fixpoint system:kernel]
2026/05/19 15:00:59.675636 [info] kernel.evaluate | fields=map[duration_ms:1383 operation:evaluate system:kernel]
2026/05/19 15:00:59.675636 [info] kernel.Query | fields=map[duration_ms:1384 operation:Query system:kernel]
2026/05/19 15:00:59.676192 [info] kernel.Query | fields=map[duration_ms:0 operation:Query system:kernel]
2026/05/19 15:01:01.029113 [info] kernel.evaluate.fixpoint | fields=map[duration_ms:1346 operation:evaluate.fixpoint system:kernel]
2026/05/19 15:01:01.029113 [info] kernel.evaluate | fields=map[duration_ms:1352 operation:evaluate system:kernel]
2026/05/19 15:01:01.029617 [info] kernel.Query | fields=map[duration_ms:1352 operation:Query system:kernel]
2026/05/19 15:01:01.029113 [info] kernel.Query | fields=map[duration_ms:2147 operation:Query system:kernel]
2026/05/19 15:01:02.425282 [info] kernel.evaluate.fixpoint | fields=map[duration_ms:1392 operation:evaluate.fixpoint system:kernel]
2026/05/19 15:01:02.425282 [info] kernel.evaluate | fields=map[duration_ms:1395 operation:evaluate system:kernel]
2026/05/19 15:01:02.425282 [info] kernel.Query | fields=map[duration_ms:1395 operation:Query system:kernel]
2026/05/19 15:01:02.425282 [info] kernel.Query | fields=map[duration_ms:1395 operation:Query system:kernel]
2026/05/19 15:01:02.425282 [info] kernel.Query | fields=map[duration_ms:0 operation:Query system:kernel]
2026/05/19 15:01:02.425282 [info] kernel.Query | fields=map[duration_ms:0 operation:Query system:kernel]
2026/05/19 15:01:03.846664 [info] kernel.evaluate.fixpoint | fields=map[duration_ms:1417 operation:evaluate.fixpoint system:kernel]
2026/05/19 15:01:03.847775 [info] kernel.evaluate | fields=map[duration_ms:1422 operation:evaluate system:kernel]
2026/05/19 15:01:03.847775 [info] kernel.Query | fields=map[duration_ms:1422 operation:Query system:kernel]
2026/05/19 15:01:03.847775 [info] kernel.Query | fields=map[duration_ms:1422 operation:Query system:kernel]
2026/05/19 15:01:03.847775 [info] kernel.Query | fields=map[duration_ms:966 operation:Query system:kernel]
2026/05/19 15:01:05.304959 [info] kernel.evaluate.fixpoint | fields=map[duration_ms:1453 operation:evaluate.fixpoint system:kernel]
2026/05/19 15:01:05.304959 [info] kernel.evaluate | fields=map[duration_ms:1457 operation:evaluate system:kernel]
2026/05/19 15:01:05.304959 [info] kernel.Query | fields=map[duration_ms:423 operation:Query system:kernel]
2026/05/19 15:01:06.735943 [info] kernel.evaluate.fixpoint | fields=map[duration_ms:1426 operation:evaluate.fixpoint system:kernel]
2026/05/19 15:01:06.735943 [info] kernel.evaluate | fields=map[duration_ms:1430 operation:evaluate system:kernel]
2026/05/19 15:01:08.135418 [info] kernel.evaluate.fixpoint | fields=map[duration_ms:1395 operation:evaluate.fixpoint system:kernel]
2026/05/19 15:01:08.135418 [info] kernel.evaluate | fields=map[duration_ms:1399 operation:evaluate system:kernel]
2026/05/19 15:01:08.135418 [info] kernel.Query | fields=map[duration_ms:1253 operation:Query system:kernel]
2026/05/19 15:01:08.136015 [info] kernel.Query | fields=map[duration_ms:0 operation:Query system:kernel]
2026/05/19 15:01:09.502115 [info] kernel.evaluate.fixpoint | fields=map[duration_ms:1360 operation:evaluate.fixpoint system:kernel]
2026/05/19 15:01:09.502115 [info] kernel.evaluate | fields=map[duration_ms:1366 operation:evaluate system:kernel]
2026/05/19 15:01:09.502115 [info] kernel.Query | fields=map[duration_ms:1366 operation:Query system:kernel]
2026/05/19 15:01:09.502115 [info] kernel.Query | fields=map[duration_ms:620 operation:Query system:kernel]
2026/05/19 15:01:10.943323 [info] kernel.evaluate.fixpoint | fields=map[duration_ms:1437 operation:evaluate.fixpoint system:kernel]
2026/05/19 15:01:10.943323 [info] kernel.evaluate | fields=map[duration_ms:1441 operation:evaluate system:kernel]
2026/05/19 15:01:10.943323 [info] kernel.Query | fields=map[duration_ms:61 operation:Query system:kernel]
2026/05/19 15:01:12.398347 [info] kernel.evaluate.fixpoint | fields=map[duration_ms:1451 operation:evaluate.fixpoint system:kernel]
2026/05/19 15:01:12.398347 [info] kernel.evaluate | fields=map[duration_ms:1455 operation:evaluate system:kernel]
2026/05/19 15:01:12.398347 [info] kernel.Query | fields=map[duration_ms:1455 operation:Query system:kernel]
2026/05/19 15:01:13.814519 [info] kernel.evaluate.fixpoint | fields=map[duration_ms:1413 operation:evaluate.fixpoint system:kernel]
2026/05/19 15:01:13.815518 [info] kernel.evaluate | fields=map[duration_ms:1417 operation:evaluate system:kernel]
2026/05/19 15:01:13.815518 [info] kernel.Query | fields=map[duration_ms:1417 operation:Query system:kernel]
2026/05/19 15:01:13.815518 [info] kernel.Query | fields=map[duration_ms:933 operation:Query system:kernel]
2026/05/19 15:01:13.815518 [info] kernel.Query | fields=map[duration_ms:0 operation:Query system:kernel]
2026/05/19 15:01:13.815518 [info] kernel.Query | fields=map[duration_ms:0 operation:Query system:kernel]
2026/05/19 15:01:15.190336 [info] kernel.evaluate.fixpoint | fields=map[duration_ms:1371 operation:evaluate.fixpoint system:kernel]
2026/05/19 15:01:15.190336 [info] kernel.evaluate | fields=map[duration_ms:1374 operation:evaluate system:kernel]
2026/05/19 15:01:15.190336 [info] kernel.Query | fields=map[duration_ms:1374 operation:Query system:kernel]
2026/05/19 15:01:15.190336 [info] kernel.Query | fields=map[duration_ms:1374 operation:Query system:kernel]
2026/05/19 15:01:15.190860 [info] kernel.Query | fields=map[duration_ms:308 operation:Query system:kernel]
2026/05/19 15:01:16.632140 [info] kernel.evaluate.fixpoint | fields=map[duration_ms:1437 operation:evaluate.fixpoint system:kernel]
2026/05/19 15:01:16.632140 [info] kernel.evaluate | fields=map[duration_ms:1441 operation:evaluate system:kernel]
2026/05/19 15:01:16.632140 [info] kernel.Query | fields=map[duration_ms:1441 operation:Query system:kernel]
2026/05/19 15:01:18.044850 [info] kernel.evaluate.fixpoint | fields=map[duration_ms:1409 operation:evaluate.fixpoint system:kernel]
2026/05/19 15:01:18.044850 [info] kernel.evaluate | fields=map[duration_ms:1412 operation:evaluate system:kernel]
2026/05/19 15:01:18.044850 [info] kernel.Query | fields=map[duration_ms:0 operation:Query system:kernel]
2026/05/19 15:01:18.044850 [info] kernel.Query | fields=map[duration_ms:1412 operation:Query system:kernel]
2026/05/19 15:01:18.044850 [info] kernel.Query | fields=map[duration_ms:1163 operation:Query system:kernel]
2026/05/19 15:01:19.469918 [info] kernel.evaluate.fixpoint | fields=map[duration_ms:1421 operation:evaluate.fixpoint system:kernel]
2026/05/19 15:01:19.469918 [info] kernel.evaluate | fields=map[duration_ms:1425 operation:evaluate system:kernel]
2026/05/19 15:01:19.469918 [info] kernel.Query | fields=map[duration_ms:1425 operation:Query system:kernel]
2026/05/19 15:01:19.469918 [info] kernel.Query | fields=map[duration_ms:588 operation:Query system:kernel]
2026/05/19 15:01:19.469918 [info] kernel.Query | fields=map[duration_ms:1425 operation:Query system:kernel]
2026/05/19 15:01:20.861386 [info] kernel.evaluate.fixpoint | fields=map[duration_ms:1387 operation:evaluate.fixpoint system:kernel]
2026/05/19 15:01:20.861386 [info] kernel.evaluate | fields=map[duration_ms:1390 operation:evaluate system:kernel]
2026/05/19 15:01:20.861386 [info] kernel.Query | fields=map[duration_ms:1391 operation:Query system:kernel]
2026/05/19 15:01:22.245485 [info] kernel.evaluate.fixpoint | fields=map[duration_ms:1380 operation:evaluate.fixpoint system:kernel]
2026/05/19 15:01:22.245485 [info] kernel.evaluate | fields=map[duration_ms:1384 operation:evaluate system:kernel]
2026/05/19 15:01:22.245485 [info] kernel.Query | fields=map[duration_ms:0 operation:Query system:kernel]
2026/05/19 15:01:22.245485 [info] kernel.Query | fields=map[duration_ms:1384 operation:Query system:kernel]
2026/05/19 15:01:22.245485 [info] kernel.Query | fields=map[duration_ms:1363 operation:Query system:kernel]
2026/05/19 15:01:23.642333 [info] kernel.evaluate.fixpoint | fields=map[duration_ms:1389 operation:evaluate.fixpoint system:kernel]
2026/05/19 15:01:23.642333 [info] kernel.evaluate | fields=map[duration_ms:1396 operation:evaluate system:kernel]
2026/05/19 15:01:23.642333 [info] kernel.Query | fields=map[duration_ms:1396 operation:Query system:kernel]
2026/05/19 15:01:23.642333 [info] kernel.Query | fields=map[duration_ms:1396 operation:Query system:kernel]
2026/05/19 15:01:23.642333 [info] kernel.Query | fields=map[duration_ms:760 operation:Query system:kernel]
2026/05/19 15:01:24.978410 [info] kernel.evaluate.fixpoint | fields=map[duration_ms:1332 operation:evaluate.fixpoint system:kernel]
2026/05/19 15:01:24.978410 [info] kernel.evaluate | fields=map[duration_ms:1336 operation:evaluate system:kernel]
2026/05/19 15:01:24.978410 [info] kernel.Query | fields=map[duration_ms:1336 operation:Query system:kernel]
2026/05/19 15:01:24.978410 [info] kernel.Query | fields=map[duration_ms:96 operation:Query system:kernel]
2026/05/19 15:01:24.978410 [info] kernel.Query | fields=map[duration_ms:0 operation:Query system:kernel]
2026/05/19 15:01:26.318053 [info] kernel.evaluate.fixpoint | fields=map[duration_ms:1335 operation:evaluate.fixpoint system:kernel]
2026/05/19 15:01:26.318053 [info] kernel.evaluate | fields=map[duration_ms:1339 operation:evaluate system:kernel]
2026/05/19 15:01:26.319587 [info] kernel.Query | fields=map[duration_ms:1341 operation:Query system:kernel]
2026/05/19 15:01:27.665271 [info] kernel.evaluate.fixpoint | fields=map[duration_ms:1342 operation:evaluate.fixpoint system:kernel]
2026/05/19 15:01:27.665271 [info] kernel.evaluate | fields=map[duration_ms:1345 operation:evaluate system:kernel]
2026/05/19 15:01:27.665271 [info] kernel.Query | fields=map[duration_ms:1345 operation:Query system:kernel]
2026/05/19 15:01:27.665271 [info] kernel.Query | fields=map[duration_ms:783 operation:Query system:kernel]
2026/05/19 15:01:27.665271 [info] kernel.Query | fields=map[duration_ms:0 operation:Query system:kernel]
2026/05/19 15:01:29.093821 [info] kernel.evaluate.fixpoint | fields=map[duration_ms:1423 operation:evaluate.fixpoint system:kernel]
2026/05/19 15:01:29.093821 [info] kernel.evaluate | fields=map[duration_ms:1427 operation:evaluate system:kernel]
2026/05/19 15:01:29.093821 [info] kernel.Query | fields=map[duration_ms:212 operation:Query system:kernel]
2026/05/19 15:01:30.462010 [info] kernel.evaluate.fixpoint | fields=map[duration_ms:1364 operation:evaluate.fixpoint system:kernel]
2026/05/19 15:01:30.462010 [info] kernel.evaluate | fields=map[duration_ms:1368 operation:evaluate system:kernel]
2026/05/19 15:01:32.206219 [info] kernel.evaluate.fixpoint | fields=map[duration_ms:1741 operation:evaluate.fixpoint system:kernel]
2026/05/19 15:01:32.206219 [info] kernel.evaluate | fields=map[duration_ms:1744 operation:evaluate system:kernel]
2026/05/19 15:01:32.206219 [info] kernel.Query | fields=map[duration_ms:1744 operation:Query system:kernel]
2026/05/19 15:01:32.206219 [info] kernel.Query | fields=map[duration_ms:1324 operation:Query system:kernel]
2026/05/19 15:01:34.087485 [info] kernel.evaluate.fixpoint | fields=map[duration_ms:1875 operation:evaluate.fixpoint system:kernel]
2026/05/19 15:01:34.087485 [info] kernel.evaluate | fields=map[duration_ms:1881 operation:evaluate system:kernel]
2026/05/19 15:01:34.088542 [info] kernel.Query | fields=map[duration_ms:1882 operation:Query system:kernel]
2026/05/19 15:01:34.088542 [info] kernel.Query | fields=map[duration_ms:1207 operation:Query system:kernel]
2026/05/19 15:01:34.088542 [info] kernel.Query | fields=map[duration_ms:1882 operation:Query system:kernel]
2026/05/19 15:01:34.088542 [info] kernel.Query | fields=map[duration_ms:0 operation:Query system:kernel]
2026/05/19 15:01:34.088542 [info] kernel.Query | fields=map[duration_ms:0 operation:Query system:kernel]
2026/05/19 15:01:34.089058 [info] kernel.Query | fields=map[duration_ms:0 operation:Query system:kernel]
2026/05/19 15:01:34.089058 [info] kernel.Query | fields=map[duration_ms:0 operation:Query system:kernel]
2026/05/19 15:01:34.089058 [info] kernel.Query | fields=map[duration_ms:0 operation:Query system:kernel]
2026/05/19 15:01:34.089630 [info] kernel.Query | fields=map[duration_ms:0 operation:Query system:kernel]
2026/05/19 15:01:35.662504 [info] kernel.evaluate.fixpoint | fields=map[duration_ms:1570 operation:evaluate.fixpoint system:kernel]
2026/05/19 15:01:35.662504 [info] kernel.evaluate | fields=map[duration_ms:1572 operation:evaluate system:kernel]
2026/05/19 15:01:35.662504 [info] kernel.Query | fields=map[duration_ms:1572 operation:Query system:kernel]
2026/05/19 15:01:35.662504 [info] kernel.Query | fields=map[duration_ms:0 operation:Query system:kernel]
2026/05/19 15:01:37.338373 [info] kernel.evaluate.fixpoint | fields=map[duration_ms:1666 operation:evaluate.fixpoint system:kernel]
2026/05/19 15:01:37.338373 [info] kernel.evaluate | fields=map[duration_ms:1675 operation:evaluate system:kernel]
2026/05/19 15:01:37.338373 [info] kernel.Query | fields=map[duration_ms:1675 operation:Query system:kernel]
2026/05/19 15:01:37.338373 [info] kernel.Query | fields=map[duration_ms:2456 operation:Query system:kernel]
2026/05/19 15:01:38.818766 [info] kernel.evaluate.fixpoint | fields=map[duration_ms:1476 operation:evaluate.fixpoint system:kernel]
2026/05/19 15:01:38.818766 [info] kernel.evaluate | fields=map[duration_ms:1480 operation:evaluate system:kernel]
2026/05/19 15:01:38.818766 [info] kernel.Query | fields=map[duration_ms:1480 operation:Query system:kernel]
2026/05/19 15:01:38.818766 [info] kernel.Query | fields=map[duration_ms:1480 operation:Query system:kernel]
2026/05/19 15:01:38.818766 [info] kernel.Query | fields=map[duration_ms:0 operation:Query system:kernel]
2026/05/19 15:01:38.818766 [info] kernel.Query | fields=map[duration_ms:0 operation:Query system:kernel]
2026/05/19 15:01:40.346661 [info] kernel.evaluate.fixpoint | fields=map[duration_ms:1524 operation:evaluate.fixpoint system:kernel]
2026/05/19 15:01:40.346661 [info] kernel.evaluate | fields=map[duration_ms:1527 operation:evaluate system:kernel]
2026/05/19 15:01:40.346661 [info] kernel.Query | fields=map[duration_ms:1527 operation:Query system:kernel]
2026/05/19 15:01:40.346661 [info] kernel.Query | fields=map[duration_ms:1527 operation:Query system:kernel]
2026/05/19 15:01:40.346661 [info] kernel.Query | fields=map[duration_ms:1465 operation:Query system:kernel]
2026/05/19 15:01:42.036556 [info] kernel.evaluate.fixpoint | fields=map[duration_ms:1685 operation:evaluate.fixpoint system:kernel]
2026/05/19 15:01:42.036556 [info] kernel.evaluate | fields=map[duration_ms:1689 operation:evaluate system:kernel]
2026/05/19 15:01:42.037561 [info] kernel.Query | fields=map[duration_ms:1154 operation:Query system:kernel]
2026/05/19 15:01:42.037561 [info] virtual_store.HydrateToolsFromDisk | fields=map[duration_ms:88560 operation:HydrateToolsFromDisk system:virtual_store]
2026/05/19 15:01:43.831785 [info] kernel.evaluate.fixpoint | fields=map[duration_ms:1790 operation:evaluate.fixpoint system:kernel]
2026/05/19 15:01:43.831785 [info] kernel.evaluate | fields=map[duration_ms:1794 operation:evaluate system:kernel]
2026/05/19 15:01:43.831785 [info] kernel.Query | fields=map[duration_ms:950 operation:Query system:kernel]
2026/05/19 15:01:45.417266 [info] kernel.evaluate.fixpoint | fields=map[duration_ms:1580 operation:evaluate.fixpoint system:kernel]
2026/05/19 15:01:45.417266 [info] kernel.evaluate | fields=map[duration_ms:1585 operation:evaluate system:kernel]
2026/05/19 15:01:45.417266 [info] kernel.Query | fields=map[duration_ms:1585 operation:Query system:kernel]
2026/05/19 15:01:45.417266 [info] kernel.Query | fields=map[duration_ms:535 operation:Query system:kernel]
2026/05/19 15:01:46.963606 [info] kernel.evaluate.fixpoint | fields=map[duration_ms:1542 operation:evaluate.fixpoint system:kernel]
2026/05/19 15:01:46.963606 [info] kernel.evaluate | fields=map[duration_ms:1546 operation:evaluate system:kernel]
2026/05/19 15:01:46.963606 [info] kernel.Query | fields=map[duration_ms:1546 operation:Query system:kernel]
2026/05/19 15:01:46.963606 [info] kernel.Query | fields=map[duration_ms:81 operation:Query system:kernel]
2026/05/19 15:01:48.616051 [info] kernel.evaluate.fixpoint | fields=map[duration_ms:1647 operation:evaluate.fixpoint system:kernel]
2026/05/19 15:01:48.616051 [info] kernel.evaluate | fields=map[duration_ms:1651 operation:evaluate system:kernel]
2026/05/19 15:01:48.616051 [info] kernel.LoadFacts | fields=map[duration_ms:6578 operation:LoadFacts system:kernel]
2026/05/19 15:01:48.616051 [info] kernel.Query | fields=map[duration_ms:1652 operation:Query system:kernel]
2026/05/19 15:01:48.685144 [info] store.LoadLatestCompressedState | fields=map[duration_ms:0 operation:LoadLatestCompressedState system:store]
2026/05/19 15:01:48.695029 [info] store.RunMigrations | fields=map[duration_ms:0 operation:RunMigrations system:store]
2026/05/19 15:01:48.695549 [info] store.ListLearningEmbeddingCandidates | fields=map[duration_ms:0 operation:ListLearningEmbeddingCandidates system:store]
2026/05/19 15:01:48.704213 [info] store.RunMigrations | fields=map[duration_ms:0 operation:RunMigrations system:store]
2026/05/19 15:01:48.704797 [info] store.ListLearningEmbeddingCandidates | fields=map[duration_ms:0 operation:ListLearningEmbeddingCandidates system:store]
2026/05/19 15:01:48.713544 [info] store.RunMigrations | fields=map[duration_ms:0 operation:RunMigrations system:store]
2026/05/19 15:01:48.714103 [info] store.ListLearningEmbeddingCandidates | fields=map[duration_ms:0 operation:ListLearningEmbeddingCandidates system:store]
2026/05/19 15:01:48.714636 [info] store.ListLearningEmbeddingCandidates | fields=map[duration_ms:0 operation:ListLearningEmbeddingCandidates system:store]
2026/05/19 15:01:48.721876 [info] store.RunMigrations | fields=map[duration_ms:0 operation:RunMigrations system:store]
2026/05/19 15:01:48.723627 [info] store.ListLearningEmbeddingCandidates | fields=map[duration_ms:0 operation:ListLearningEmbeddingCandidates system:store]
2026/05/19 15:01:48.732271 [info] store.RunMigrations | fields=map[duration_ms:0 operation:RunMigrations system:store]
2026/05/19 15:01:48.733783 [info] store.ListLearningEmbeddingCandidates | fields=map[duration_ms:0 operation:ListLearningEmbeddingCandidates system:store]
2026/05/19 15:01:48.741887 [info] store.RunMigrations | fields=map[duration_ms:0 operation:RunMigrations system:store]
2026/05/19 15:01:48.742434 [info] store.ListLearningEmbeddingCandidates | fields=map[duration_ms:0 operation:ListLearningEmbeddingCandidates system:store]
2026/05/19 15:01:50.387404 [info] kernel.evaluate.fixpoint | fields=map[duration_ms:1766 operation:evaluate.fixpoint system:kernel]
2026/05/19 15:01:50.387404 [info] kernel.evaluate | fields=map[duration_ms:1771 operation:evaluate system:kernel]
2026/05/19 15:01:50.388409 [info] kernel.Query | fields=map[duration_ms:1772 operation:Query system:kernel]
2026/05/19 15:01:50.388409 [info] kernel.Query | fields=map[duration_ms:1702 operation:Query system:kernel]
2026/05/19 15:01:50.388409 [info] kernel.Query | fields=map[duration_ms:1506 operation:Query system:kernel]
2026/05/19 15:01:51.994498 [info] kernel.evaluate.fixpoint | fields=map[duration_ms:1603 operation:evaluate.fixpoint system:kernel]
2026/05/19 15:01:51.994498 [info] kernel.evaluate | fields=map[duration_ms:1606 operation:evaluate system:kernel]
2026/05/19 15:01:51.994498 [info] kernel.Query | fields=map[duration_ms:0 operation:Query system:kernel]
2026/05/19 15:01:51.994498 [info] kernel.Query | fields=map[duration_ms:1606 operation:Query system:kernel]
2026/05/19 15:01:51.994498 [info] kernel.Query | fields=map[duration_ms:1112 operation:Query system:kernel]
2026/05/19 15:01:51.994498 [info] kernel.Query | fields=map[duration_ms:1606 operation:Query system:kernel]
2026/05/19 15:01:53.519626 [info] kernel.evaluate.fixpoint | fields=map[duration_ms:1521 operation:evaluate.fixpoint system:kernel]
2026/05/19 15:01:53.519626 [info] kernel.evaluate | fields=map[duration_ms:1525 operation:evaluate system:kernel]
2026/05/19 15:01:53.520153 [info] kernel.Query | fields=map[duration_ms:637 operation:Query system:kernel]
2026/05/19 15:01:53.520153 [info] kernel.Query | fields=map[duration_ms:1525 operation:Query system:kernel]
2026/05/19 15:01:53.520153 [info] kernel.Query | fields=map[duration_ms:1525 operation:Query system:kernel]
2026/05/19 15:01:53.520153 [info] kernel.Query | fields=map[duration_ms:1525 operation:Query system:kernel]
2026/05/19 15:01:55.127480 [info] kernel.evaluate.fixpoint | fields=map[duration_ms:1604 operation:evaluate.fixpoint system:kernel]
2026/05/19 15:01:55.127480 [info] kernel.evaluate | fields=map[duration_ms:1607 operation:evaluate system:kernel]
2026/05/19 15:01:55.127480 [info] kernel.Query | fields=map[duration_ms:1607 operation:Query system:kernel]
2026/05/19 15:01:55.127480 [info] kernel.Query | fields=map[duration_ms:245 operation:Query system:kernel]
2026/05/19 15:01:55.127480 [info] kernel.Query | fields=map[duration_ms:1607 operation:Query system:kernel]
2026/05/19 15:01:56.685066 [info] kernel.evaluate.fixpoint | fields=map[duration_ms:1553 operation:evaluate.fixpoint system:kernel]
2026/05/19 15:01:56.685066 [info] kernel.evaluate | fields=map[duration_ms:1557 operation:evaluate system:kernel]
2026/05/19 15:01:56.685066 [info] kernel.Query | fields=map[duration_ms:1557 operation:Query system:kernel]
2026/05/19 15:01:58.236661 [info] kernel.evaluate.fixpoint | fields=map[duration_ms:1544 operation:evaluate.fixpoint system:kernel]
2026/05/19 15:01:58.236661 [info] kernel.evaluate | fields=map[duration_ms:1551 operation:evaluate system:kernel]
2026/05/19 15:01:58.236661 [info] kernel.Query | fields=map[duration_ms:0 operation:Query system:kernel]
2026/05/19 15:01:58.236661 [info] kernel.Query | fields=map[duration_ms:3108 operation:Query system:kernel]
2026/05/19 15:01:58.236661 [info] kernel.Query | fields=map[duration_ms:1354 operation:Query system:kernel]
2026/05/19 15:01:58.310807 [info] kernel.QueryAll | fields=map[duration_ms:1625 operation:QueryAll system:kernel]
2026/05/19 15:01:58.458847 [info] context.ScoreFacts | fields=map[duration_ms:148 operation:ScoreFacts system:context]
2026/05/19 15:01:58.467441 [info] context.GetHighActivationFacts | fields=map[duration_ms:156 operation:GetHighActivationFacts system:context]
2026/05/19 15:01:58.484704 [info] context.RecalcBudget | fields=map[duration_ms:9798 operation:RecalcBudget system:context]
2026/05/19 15:01:58.485427 [WARN] Slow Update() handler: chat.bootCompleteMsg took 9.8008507s (target: <100ms)
2026/05/19 15:01:58.521260 [info] store.LoadWorldFactsForFile | fields=map[duration_ms:0 operation:LoadWorldFactsForFile system:store]
2026/05/19 15:01:58.521764 [info] store.LoadWorldFactsForFile | fields=map[duration_ms:0 operation:LoadWorldFactsForFile system:store]
2026/05/19 15:01:58.521764 [info] store.LoadWorldFactsForFile | fields=map[duration_ms:0 operation:LoadWorldFactsForFile system:store]
2026/05/19 15:01:58.522771 [info] store.LoadWorldFactsForFile | fields=map[duration_ms:1 operation:LoadWorldFactsForFile system:store]
2026/05/19 15:01:58.523771 [info] store.LoadWorldFactsForFile | fields=map[duration_ms:0 operation:LoadWorldFactsForFile system:store]
2026/05/19 15:01:58.523771 [info] store.LoadWorldFactsForFile | fields=map[duration_ms:0 operation:LoadWorldFactsForFile system:store]
2026/05/19 15:01:58.523771 [info] store.LoadWorldFactsForFile | fields=map[duration_ms:0 operation:LoadWorldFactsForFile system:store]
2026/05/19 15:01:58.524277 [info] store.UpsertWorldFile | fields=map[duration_ms:0 operation:UpsertWorldFile system:store]
2026/05/19 15:01:58.524277 [info] store.UpsertWorldFile | fields=map[duration_ms:0 operation:UpsertWorldFile system:store]
2026/05/19 15:01:58.524277 [info] store.ReplaceWorldFactsForFile | fields=map[duration_ms:0 operation:ReplaceWorldFactsForFile system:store]
2026/05/19 15:01:58.524277 [info] store.ReplaceWorldFactsForFile | fields=map[duration_ms:0 operation:ReplaceWorldFactsForFile system:store]
2026/05/19 15:01:58.542655 [info] store.UpsertWorldFile | fields=map[duration_ms:0 operation:UpsertWorldFile system:store]
2026/05/19 15:01:58.544681 [info] store.ReplaceWorldFactsForFile | fields=map[duration_ms:2 operation:ReplaceWorldFactsForFile system:store]
2026/05/19 15:01:58.550852 [info] store.UpsertWorldFile | fields=map[duration_ms:0 operation:UpsertWorldFile system:store]
2026/05/19 15:01:58.552492 [info] store.ReplaceWorldFactsForFile | fields=map[duration_ms:1 operation:ReplaceWorldFactsForFile system:store]
2026/05/19 15:01:58.564873 [info] store.UpsertWorldFile | fields=map[duration_ms:0 operation:UpsertWorldFile system:store]
2026/05/19 15:01:58.565391 [info] store.ReplaceWorldFactsForFile | fields=map[duration_ms:0 operation:ReplaceWorldFactsForFile system:store]
2026/05/19 15:01:58.571960 [info] store.UpsertWorldFile | fields=map[duration_ms:0 operation:UpsertWorldFile system:store]
2026/05/19 15:01:58.573561 [info] store.ReplaceWorldFactsForFile | fields=map[duration_ms:1 operation:ReplaceWorldFactsForFile system:store]
2026/05/19 15:01:58.578906 [info] store.UpsertWorldFile | fields=map[duration_ms:0 operation:UpsertWorldFile system:store]
2026/05/19 15:01:58.580668 [info] store.ReplaceWorldFactsForFile | fields=map[duration_ms:1 operation:ReplaceWorldFactsForFile system:store]
2026/05/19 15:01:58.633177 [info] store.UpsertWorldFile | fields=map[duration_ms:0 operation:UpsertWorldFile system:store]
2026/05/19 15:01:58.633177 [info] store.ReplaceWorldFactsForFile | fields=map[duration_ms:0 operation:ReplaceWorldFactsForFile system:store]
2026/05/19 15:01:59.914980 [info] kernel.evaluate.fixpoint | fields=map[duration_ms:1600 operation:evaluate.fixpoint system:kernel]
2026/05/19 15:01:59.914980 [info] kernel.evaluate | fields=map[duration_ms:1604 operation:evaluate system:kernel]
2026/05/19 15:01:59.914980 [info] kernel.Query | fields=map[duration_ms:1033 operation:Query system:kernel]
2026/05/19 15:01:59.914980 [info] kernel.Query | fields=map[duration_ms:1678 operation:Query system:kernel]
2026/05/19 15:01:59.914980 [info] kernel.Query | fields=map[duration_ms:1678 operation:Query system:kernel]
2026/05/19 15:02:01.487427 [info] kernel.evaluate.fixpoint | fields=map[duration_ms:1568 operation:evaluate.fixpoint system:kernel]
2026/05/19 15:02:01.488446 [info] kernel.evaluate | fields=map[duration_ms:1573 operation:evaluate system:kernel]
2026/05/19 15:02:01.488950 [info] kernel.Query | fields=map[duration_ms:606 operation:Query system:kernel]
2026/05/19 15:02:01.489471 [info] kernel.Query | fields=map[duration_ms:1573 operation:Query system:kernel]
2026/05/19 15:02:03.115790 [info] kernel.evaluate.fixpoint | fields=map[duration_ms:1560 operation:evaluate.fixpoint system:kernel]
2026/05/19 15:02:03.115790 [info] kernel.evaluate | fields=map[duration_ms:1573 operation:evaluate system:kernel]
2026/05/19 15:02:03.115790 [info] kernel.Query | fields=map[duration_ms:1626 operation:Query system:kernel]
2026/05/19 15:02:03.115790 [info] kernel.Query | fields=map[duration_ms:234 operation:Query system:kernel]
2026/05/19 15:02:04.901995 [info] kernel.evaluate.fixpoint | fields=map[duration_ms:1782 operation:evaluate.fixpoint system:kernel]
2026/05/19 15:02:04.901995 [info] kernel.evaluate | fields=map[duration_ms:1786 operation:evaluate system:kernel]
2026/05/19 15:02:04.901995 [info] kernel.Query | fields=map[duration_ms:1786 operation:Query system:kernel]
2026/05/19 15:02:04.902512 [info] kernel.Query | fields=map[duration_ms:20 operation:Query system:kernel]
2026/05/19 15:02:06.644426 [info] kernel.evaluate.fixpoint | fields=map[duration_ms:1738 operation:evaluate.fixpoint system:kernel]
2026/05/19 15:02:06.644426 [info] kernel.evaluate | fields=map[duration_ms:1741 operation:evaluate system:kernel]
2026/05/19 15:02:06.644426 [info] kernel.Query | fields=map[duration_ms:1742 operation:Query system:kernel]
2026/05/19 15:02:06.644426 [info] kernel.Query | fields=map[duration_ms:1742 operation:Query system:kernel]
2026/05/19 15:02:06.644982 [info] kernel.Query | fields=map[duration_ms:0 operation:Query system:kernel]
2026/05/19 15:02:06.644982 [info] kernel.Query | fields=map[duration_ms:0 operation:Query system:kernel]
2026/05/19 15:02:08.328088 [info] kernel.evaluate.fixpoint | fields=map[duration_ms:1678 operation:evaluate.fixpoint system:kernel]
2026/05/19 15:02:08.328088 [info] kernel.evaluate | fields=map[duration_ms:1682 operation:evaluate system:kernel]
2026/05/19 15:02:08.328088 [info] kernel.LoadFacts | fields=map[duration_ms:1683 operation:LoadFacts system:kernel]
2026/05/19 15:02:08.328088 [info] kernel.Query | fields=map[duration_ms:1683 operation:Query system:kernel]
2026/05/19 15:02:08.328088 [info] kernel.Query | fields=map[duration_ms:1446 operation:Query system:kernel]
2026/05/19 15:02:08.328620 [info] store.StoreFact | fields=map[duration_ms:0 operation:StoreFact system:store]
2026/05/19 15:02:08.328620 [info] store.StoreFact | fields=map[duration_ms:0 operation:StoreFact system:store]
2026/05/19 15:02:08.328620 [info] store.StoreFact | fields=map[duration_ms:0 operation:StoreFact system:store]
2026/05/19 15:02:08.328620 [info] store.StoreFact | fields=map[duration_ms:0 operation:StoreFact system:store]
2026/05/19 15:02:08.328620 [info] store.StoreFact | fields=map[duration_ms:0 operation:StoreFact system:store]
2026/05/19 15:02:08.328620 [info] store.StoreFact | fields=map[duration_ms:0 operation:StoreFact system:store]
2026/05/19 15:02:08.328620 [info] store.StoreFact | fields=map[duration_ms:0 operation:StoreFact system:store]
2026/05/19 15:02:08.328620 [info] store.StoreFact | fields=map[duration_ms:0 operation:StoreFact system:store]
2026/05/19 15:02:08.329641 [info] store.StoreFact | fields=map[duration_ms:1 operation:StoreFact system:store]
2026/05/19 15:02:08.355641 [info] store.StoreFact | fields=map[duration_ms:25 operation:StoreFact system:store]
2026/05/19 15:02:08.357256 [info] store.StoreFact | fields=map[duration_ms:1 operation:StoreFact system:store]
2026/05/19 15:02:08.357256 [info] store.StoreFact | fields=map[duration_ms:0 operation:StoreFact system:store]
2026/05/19 15:02:08.357256 [info] store.StoreFact | fields=map[duration_ms:0 operation:StoreFact system:store]
2026/05/19 15:02:08.357256 [info] store.StoreFact | fields=map[duration_ms:0 operation:StoreFact system:store]
2026/05/19 15:02:08.357256 [info] store.StoreFact | fields=map[duration_ms:0 operation:StoreFact system:store]
2026/05/19 15:02:08.357806 [info] store.StoreFact | fields=map[duration_ms:0 operation:StoreFact system:store]
2026/05/19 15:02:08.357806 [info] store.StoreFact | fields=map[duration_ms:0 operation:StoreFact system:store]
2026/05/19 15:02:08.357806 [info] store.StoreFact | fields=map[duration_ms:0 operation:StoreFact system:store]
2026/05/19 15:02:08.357806 [info] store.StoreFact | fields=map[duration_ms:0 operation:StoreFact system:store]
2026/05/19 15:02:08.358339 [info] store.StoreFact | fields=map[duration_ms:0 operation:StoreFact system:store]
2026/05/19 15:02:08.358339 [info] store.StoreFact | fields=map[duration_ms:0 operation:StoreFact system:store]
2026/05/19 15:02:08.358339 [info] store.StoreFact | fields=map[duration_ms:0 operation:StoreFact system:store]
2026/05/19 15:02:08.358339 [info] store.StoreFact | fields=map[duration_ms:0 operation:StoreFact system:store]
2026/05/19 15:02:08.358339 [info] store.StoreFact | fields=map[duration_ms:0 operation:StoreFact system:store]
2026/05/19 15:02:08.358893 [info] store.StoreFact | fields=map[duration_ms:0 operation:StoreFact system:store]
2026/05/19 15:02:08.358893 [info] store.StoreFact | fields=map[duration_ms:0 operation:StoreFact system:store]
2026/05/19 15:02:08.358893 [info] store.StoreFact | fields=map[duration_ms:0 operation:StoreFact system:store]
2026/05/19 15:02:08.358893 [info] store.StoreFact | fields=map[duration_ms:0 operation:StoreFact system:store]
2026/05/19 15:02:08.358893 [info] store.StoreFact | fields=map[duration_ms:0 operation:StoreFact system:store]
2026/05/19 15:02:08.359420 [info] store.StoreFact | fields=map[duration_ms:0 operation:StoreFact system:store]
2026/05/19 15:02:08.359420 [info] store.StoreFact | fields=map[duration_ms:0 operation:StoreFact system:store]
2026/05/19 15:02:08.359420 [info] store.StoreFact | fields=map[duration_ms:0 operation:StoreFact system:store]
2026/05/19 15:02:08.359947 [info] store.StoreFact | fields=map[duration_ms:0 operation:StoreFact system:store]
2026/05/19 15:02:08.359947 [info] store.StoreFact | fields=map[duration_ms:0 operation:StoreFact system:store]
2026/05/19 15:02:08.359947 [info] store.StoreFact | fields=map[duration_ms:0 operation:StoreFact system:store]
2026/05/19 15:02:08.360480 [info] store.StoreFact | fields=map[duration_ms:0 operation:StoreFact system:store]
2026/05/19 15:02:08.360480 [info] store.StoreFact | fields=map[duration_ms:0 operation:StoreFact system:store]
2026/05/19 15:02:08.360480 [info] store.StoreFact | fields=map[duration_ms:0 operation:StoreFact system:store]
2026/05/19 15:02:08.361004 [info] store.StoreFact | fields=map[duration_ms:0 operation:StoreFact system:store]
2026/05/19 15:02:08.361004 [info] store.StoreFact | fields=map[duration_ms:0 operation:StoreFact system:store]
2026/05/19 15:02:08.361004 [info] store.StoreFact | fields=map[duration_ms:0 operation:StoreFact system:store]
2026/05/19 15:02:08.361557 [info] store.StoreFact | fields=map[duration_ms:0 operation:StoreFact system:store]
2026/05/19 15:02:08.361557 [info] store.StoreFact | fields=map[duration_ms:0 operation:StoreFact system:store]
2026/05/19 15:02:08.361557 [info] store.StoreFact | fields=map[duration_ms:0 operation:StoreFact system:store]
2026/05/19 15:02:08.362108 [info] store.StoreFact | fields=map[duration_ms:0 operation:StoreFact system:store]
2026/05/19 15:02:08.362108 [info] store.StoreFact | fields=map[duration_ms:0 operation:StoreFact system:store]
2026/05/19 15:02:08.362108 [info] store.StoreFact | fields=map[duration_ms:0 operation:StoreFact system:store]
2026/05/19 15:02:08.362637 [info] store.StoreFact | fields=map[duration_ms:0 operation:StoreFact system:store]
2026/05/19 15:02:08.362637 [info] store.StoreFact | fields=map[duration_ms:0 operation:StoreFact system:store]
2026/05/19 15:02:08.362637 [info] store.StoreFact | fields=map[duration_ms:0 operation:StoreFact system:store]
2026/05/19 15:02:08.363179 [info] store.StoreFact | fields=map[duration_ms:0 operation:StoreFact system:store]
2026/05/19 15:02:08.363179 [info] store.StoreFact | fields=map[duration_ms:0 operation:StoreFact system:store]
2026/05/19 15:02:08.363179 [info] store.StoreFact | fields=map[duration_ms:0 operation:StoreFact system:store]
2026/05/19 15:02:08.363179 [info] store.StoreFact | fields=map[duration_ms:0 operation:StoreFact system:store]
2026/05/19 15:02:08.363765 [info] store.StoreFact | fields=map[duration_ms:0 operation:StoreFact system:store]
2026/05/19 15:02:08.363765 [info] store.StoreFact | fields=map[duration_ms:0 operation:StoreFact system:store]
2026/05/19 15:02:08.363765 [info] store.StoreFact | fields=map[duration_ms:0 operation:StoreFact system:store]
2026/05/19 15:02:08.363765 [info] store.StoreFact | fields=map[duration_ms:0 operation:StoreFact system:store]
2026/05/19 15:02:08.364319 [info] store.StoreFact | fields=map[duration_ms:0 operation:StoreFact system:store]
2026/05/19 15:02:08.364319 [info] store.StoreFact | fields=map[duration_ms:0 operation:StoreFact system:store]
2026/05/19 15:02:08.364319 [info] store.StoreFact | fields=map[duration_ms:0 operation:StoreFact system:store]
2026/05/19 15:02:08.364319 [info] store.StoreFact | fields=map[duration_ms:0 operation:StoreFact system:store]
2026/05/19 15:02:08.364854 [info] store.StoreFact | fields=map[duration_ms:0 operation:StoreFact system:store]
2026/05/19 15:02:08.364854 [info] store.StoreFact | fields=map[duration_ms:0 operation:StoreFact system:store]
2026/05/19 15:02:08.364854 [info] store.StoreFact | fields=map[duration_ms:0 operation:StoreFact system:store]
2026/05/19 15:02:08.364854 [info] store.StoreFact | fields=map[duration_ms:0 operation:StoreFact system:store]
2026/05/19 15:02:08.365387 [info] store.StoreFact | fields=map[duration_ms:0 operation:StoreFact system:store]
2026/05/19 15:02:08.365387 [info] store.StoreFact | fields=map[duration_ms:0 operation:StoreFact system:store]
2026/05/19 15:02:08.365387 [info] store.StoreFact | fields=map[duration_ms:0 operation:StoreFact system:store]
2026/05/19 15:02:08.365387 [info] store.StoreFact | fields=map[duration_ms:0 operation:StoreFact system:store]
2026/05/19 15:02:08.365387 [info] store.StoreFact | fields=map[duration_ms:0 operation:StoreFact system:store]
2026/05/19 15:02:08.365387 [info] store.StoreFact | fields=map[duration_ms:0 operation:StoreFact system:store]
2026/05/19 15:02:08.365920 [info] store.StoreFact | fields=map[duration_ms:0 operation:StoreFact system:store]
2026/05/19 15:02:08.365920 [info] store.StoreFact | fields=map[duration_ms:0 operation:StoreFact system:store]
2026/05/19 15:02:08.365920 [info] store.StoreFact | fields=map[duration_ms:0 operation:StoreFact system:store]
2026/05/19 15:02:08.365920 [info] store.StoreFact | fields=map[duration_ms:0 operation:StoreFact system:store]
2026/05/19 15:02:08.365920 [info] store.StoreFact | fields=map[duration_ms:0 operation:StoreFact system:store]
2026/05/19 15:02:08.366466 [info] store.StoreFact | fields=map[duration_ms:0 operation:StoreFact system:store]
2026/05/19 15:02:08.366466 [info] store.StoreFact | fields=map[duration_ms:0 operation:StoreFact system:store]
2026/05/19 15:02:08.366466 [info] store.StoreFact | fields=map[duration_ms:0 operation:StoreFact system:store]
2026/05/19 15:02:08.366466 [info] store.StoreFact | fields=map[duration_ms:0 operation:StoreFact system:store]
2026/05/19 15:02:08.366466 [info] store.StoreFact | fields=map[duration_ms:0 operation:StoreFact system:store]
2026/05/19 15:02:08.366996 [info] store.StoreFact | fields=map[duration_ms:0 operation:StoreFact system:store]
2026/05/19 15:02:08.366996 [info] store.StoreFact | fields=map[duration_ms:0 operation:StoreFact system:store]
2026/05/19 15:02:08.366996 [info] store.StoreFact | fields=map[duration_ms:0 operation:StoreFact system:store]
2026/05/19 15:02:08.366996 [info] store.StoreFact | fields=map[duration_ms:0 operation:StoreFact system:store]
2026/05/19 15:02:08.367526 [info] store.StoreFact | fields=map[duration_ms:0 operation:StoreFact system:store]
2026/05/19 15:02:08.367526 [info] store.StoreFact | fields=map[duration_ms:0 operation:StoreFact system:store]
2026/05/19 15:02:08.367526 [info] store.StoreFact | fields=map[duration_ms:0 operation:StoreFact system:store]
2026/05/19 15:02:08.367526 [info] store.StoreFact | fields=map[duration_ms:0 operation:StoreFact system:store]
2026/05/19 15:02:08.368045 [info] store.StoreFact | fields=map[duration_ms:0 operation:StoreFact system:store]
2026/05/19 15:02:08.368045 [info] store.StoreFact | fields=map[duration_ms:0 operation:StoreFact system:store]
2026/05/19 15:02:08.368045 [info] store.StoreFact | fields=map[duration_ms:0 operation:StoreFact system:store]
2026/05/19 15:02:08.368045 [info] store.StoreFact | fields=map[duration_ms:0 operation:StoreFact system:store]
2026/05/19 15:02:08.368572 [info] store.StoreFact | fields=map[duration_ms:0 operation:StoreFact system:store]
2026/05/19 15:02:08.368572 [info] store.StoreFact | fields=map[duration_ms:0 operation:StoreFact system:store]
2026/05/19 15:02:08.368572 [info] store.StoreFact | fields=map[duration_ms:0 operation:StoreFact system:store]
2026/05/19 15:02:08.368572 [info] store.StoreFact | fields=map[duration_ms:0 operation:StoreFact system:store]
2026/05/19 15:02:08.368572 [info] store.StoreFact | fields=map[duration_ms:0 operation:StoreFact system:store]
2026/05/19 15:02:08.368572 [info] store.StoreFact | fields=map[duration_ms:0 operation:StoreFact system:store]
2026/05/19 15:02:08.368572 [info] store.StoreFact | fields=map[duration_ms:0 operation:StoreFact system:store]
2026/05/19 15:02:08.369576 [info] store.StoreFact | fields=map[duration_ms:1 operation:StoreFact system:store]
2026/05/19 15:02:08.369576 [info] store.StoreFact | fields=map[duration_ms:0 operation:StoreFact system:store]
2026/05/19 15:02:08.369576 [info] store.StoreFact | fields=map[duration_ms:0 operation:StoreFact system:store]
2026/05/19 15:02:08.369576 [info] store.StoreFact | fields=map[duration_ms:0 operation:StoreFact system:store]
2026/05/19 15:02:08.369576 [info] store.StoreFact | fields=map[duration_ms:0 operation:StoreFact system:store]
2026/05/19 15:02:08.370079 [info] store.StoreFact | fields=map[duration_ms:0 operation:StoreFact system:store]
2026/05/19 15:02:08.370079 [info] store.StoreFact | fields=map[duration_ms:0 operation:StoreFact system:store]
2026/05/19 15:02:08.370079 [info] store.StoreFact | fields=map[duration_ms:0 operation:StoreFact system:store]
2026/05/19 15:02:08.370079 [info] store.StoreFact | fields=map[duration_ms:0 operation:StoreFact system:store]
2026/05/19 15:02:08.370079 [info] store.StoreFact | fields=map[duration_ms:0 operation:StoreFact system:store]
2026/05/19 15:02:08.370606 [info] store.StoreFact | fields=map[duration_ms:0 operation:StoreFact system:store]
2026/05/19 15:02:08.370606 [info] store.StoreFact | fields=map[duration_ms:0 operation:StoreFact system:store]
2026/05/19 15:02:08.370606 [info] store.StoreFact | fields=map[duration_ms:0 operation:StoreFact system:store]
2026/05/19 15:02:08.370606 [info] store.StoreFact | fields=map[duration_ms:0 operation:StoreFact system:store]
2026/05/19 15:02:08.370606 [info] store.StoreFact | fields=map[duration_ms:0 operation:StoreFact system:store]
2026/05/19 15:02:08.371114 [info] store.StoreFact | fields=map[duration_ms:0 operation:StoreFact system:store]
2026/05/19 15:02:08.371114 [info] store.StoreFact | fields=map[duration_ms:0 operation:StoreFact system:store]
2026/05/19 15:02:08.371114 [info] store.StoreFact | fields=map[duration_ms:0 operation:StoreFact system:store]
2026/05/19 15:02:08.371114 [info] store.StoreFact | fields=map[duration_ms:0 operation:StoreFact system:store]
2026/05/19 15:02:08.371114 [info] store.StoreFact | fields=map[duration_ms:0 operation:StoreFact system:store]
2026/05/19 15:02:08.371648 [info] store.StoreFact | fields=map[duration_ms:0 operation:StoreFact system:store]
2026/05/19 15:02:08.371648 [info] store.StoreFact | fields=map[duration_ms:0 operation:StoreFact system:store]
2026/05/19 15:02:08.371648 [info] store.StoreFact | fields=map[duration_ms:0 operation:StoreFact system:store]
2026/05/19 15:02:08.371648 [info] store.StoreFact | fields=map[duration_ms:0 operation:StoreFact system:store]
2026/05/19 15:02:08.372189 [info] store.StoreFact | fields=map[duration_ms:0 operation:StoreFact system:store]
2026/05/19 15:02:08.372189 [info] store.StoreFact | fields=map[duration_ms:0 operation:StoreFact system:store]
2026/05/19 15:02:08.372189 [info] store.StoreFact | fields=map[duration_ms:0 operation:StoreFact system:store]
2026/05/19 15:02:08.372189 [info] store.StoreFact | fields=map[duration_ms:0 operation:StoreFact system:store]
2026/05/19 15:02:08.372189 [info] store.StoreFact | fields=map[duration_ms:0 operation:StoreFact system:store]
2026/05/19 15:02:08.372189 [info] store.StoreFact | fields=map[duration_ms:0 operation:StoreFact system:store]
2026/05/19 15:02:08.372710 [info] store.StoreFact | fields=map[duration_ms:0 operation:StoreFact system:store]
2026/05/19 15:02:08.372710 [info] store.StoreFact | fields=map[duration_ms:0 operation:StoreFact system:store]
2026/05/19 15:02:08.372710 [info] store.StoreFact | fields=map[duration_ms:0 operation:StoreFact system:store]
2026/05/19 15:02:08.372710 [info] store.StoreFact | fields=map[duration_ms:0 operation:StoreFact system:store]
2026/05/19 15:02:08.372710 [info] store.StoreFact | fields=map[duration_ms:0 operation:StoreFact system:store]
2026/05/19 15:02:08.372710 [info] store.StoreFact | fields=map[duration_ms:0 operation:StoreFact system:store]
2026/05/19 15:02:08.372710 [info] store.StoreFact | fields=map[duration_ms:0 operation:StoreFact system:store]
2026/05/19 15:02:08.372710 [info] store.StoreFact | fields=map[duration_ms:0 operation:StoreFact system:store]
2026/05/19 15:02:08.372710 [info] store.StoreFact | fields=map[duration_ms:0 operation:StoreFact system:store]
2026/05/19 15:02:08.373714 [info] store.StoreFact | fields=map[duration_ms:1 operation:StoreFact system:store]
2026/05/19 15:02:08.373714 [info] store.StoreFact | fields=map[duration_ms:0 operation:StoreFact system:store]
2026/05/19 15:02:08.373714 [info] store.StoreFact | fields=map[duration_ms:0 operation:StoreFact system:store]
2026/05/19 15:02:08.373714 [info] store.StoreFact | fields=map[duration_ms:0 operation:StoreFact system:store]
2026/05/19 15:02:08.373714 [info] store.StoreFact | fields=map[duration_ms:0 operation:StoreFact system:store]
2026/05/19 15:02:08.374229 [info] store.StoreFact | fields=map[duration_ms:0 operation:StoreFact system:store]
2026/05/19 15:02:08.374229 [info] store.StoreFact | fields=map[duration_ms:0 operation:StoreFact system:store]
2026/05/19 15:02:08.374229 [info] store.StoreFact | fields=map[duration_ms:0 operation:StoreFact system:store]
2026/05/19 15:02:08.374229 [info] store.StoreFact | fields=map[duration_ms:0 operation:StoreFact system:store]
2026/05/19 15:02:08.374753 [info] store.StoreFact | fields=map[duration_ms:0 operation:StoreFact system:store]
2026/05/19 15:02:08.374753 [info] store.StoreFact | fields=map[duration_ms:0 operation:StoreFact system:store]
2026/05/19 15:02:08.374753 [info] store.StoreFact | fields=map[duration_ms:0 operation:StoreFact system:store]
2026/05/19 15:02:08.374753 [info] store.StoreFact | fields=map[duration_ms:0 operation:StoreFact system:store]
2026/05/19 15:02:08.374753 [info] store.StoreFact | fields=map[duration_ms:0 operation:StoreFact system:store]
2026/05/19 15:02:08.375315 [info] store.StoreFact | fields=map[duration_ms:0 operation:StoreFact system:store]
2026/05/19 15:02:08.375315 [info] store.StoreFact | fields=map[duration_ms:0 operation:StoreFact system:store]
2026/05/19 15:02:08.375315 [info] store.StoreFact | fields=map[duration_ms:0 operation:StoreFact system:store]
2026/05/19 15:02:08.375315 [info] store.StoreFact | fields=map[duration_ms:0 operation:StoreFact system:store]
2026/05/19 15:02:08.375854 [info] store.StoreFact | fields=map[duration_ms:0 operation:StoreFact system:store]
2026/05/19 15:02:08.375854 [info] store.StoreFact | fields=map[duration_ms:0 operation:StoreFact system:store]
2026/05/19 15:02:08.375854 [info] store.StoreFact | fields=map[duration_ms:0 operation:StoreFact system:store]
2026/05/19 15:02:08.375854 [info] store.StoreFact | fields=map[duration_ms:0 operation:StoreFact system:store]
2026/05/19 15:02:08.375854 [info] store.StoreFact | fields=map[duration_ms:0 operation:StoreFact system:store]
2026/05/19 15:02:08.376406 [info] store.StoreFact | fields=map[duration_ms:0 operation:StoreFact system:store]
2026/05/19 15:02:08.376406 [info] store.StoreFact | fields=map[duration_ms:0 operation:StoreFact system:store]
2026/05/19 15:02:08.376406 [info] store.StoreFact | fields=map[duration_ms:0 operation:StoreFact system:store]
2026/05/19 15:02:08.376954 [info] store.StoreFact | fields=map[duration_ms:0 operation:StoreFact system:store]
2026/05/19 15:02:08.376954 [info] store.StoreFact | fields=map[duration_ms:0 operation:StoreFact system:store]
2026/05/19 15:02:08.376954 [info] store.StoreFact | fields=map[duration_ms:0 operation:StoreFact system:store]
2026/05/19 15:02:08.376954 [info] store.StoreFact | fields=map[duration_ms:0 operation:StoreFact system:store]
2026/05/19 15:02:08.377488 [info] store.StoreFact | fields=map[duration_ms:0 operation:StoreFact system:store]
2026/05/19 15:02:08.377488 [info] store.StoreFact | fields=map[duration_ms:0 operation:StoreFact system:store]
2026/05/19 15:02:08.377488 [info] store.StoreFact | fields=map[duration_ms:0 operation:StoreFact system:store]
2026/05/19 15:02:08.378034 [info] store.StoreFact | fields=map[duration_ms:0 operation:StoreFact system:store]
2026/05/19 15:02:08.378034 [info] store.StoreFact | fields=map[duration_ms:0 operation:StoreFact system:store]
2026/05/19 15:02:08.378034 [info] store.StoreFact | fields=map[duration_ms:0 operation:StoreFact system:store]
2026/05/19 15:02:08.378034 [info] store.StoreFact | fields=map[duration_ms:0 operation:StoreFact system:store]
2026/05/19 15:02:08.378034 [info] store.StoreFact | fields=map[duration_ms:0 operation:StoreFact system:store]
2026/05/19 15:02:08.378034 [info] store.StoreFact | fields=map[duration_ms:0 operation:StoreFact system:store]
2026/05/19 15:02:08.379039 [info] store.StoreFact | fields=map[duration_ms:1 operation:StoreFact system:store]
2026/05/19 15:02:08.379039 [info] store.StoreFact | fields=map[duration_ms:0 operation:StoreFact system:store]
2026/05/19 15:02:08.379039 [info] store.StoreFact | fields=map[duration_ms:0 operation:StoreFact system:store]
2026/05/19 15:02:08.379039 [info] store.StoreFact | fields=map[duration_ms:0 operation:StoreFact system:store]
2026/05/19 15:02:08.379039 [info] store.StoreFact | fields=map[duration_ms:0 operation:StoreFact system:store]
2026/05/19 15:02:08.379039 [info] store.StoreFact | fields=map[duration_ms:0 operation:StoreFact system:store]
2026/05/19 15:02:08.380039 [info] store.StoreFact | fields=map[duration_ms:0 operation:StoreFact system:store]
2026/05/19 15:02:08.380694 [info] store.StoreFact | fields=map[duration_ms:0 operation:StoreFact system:store]
2026/05/19 15:02:08.381284 [info] store.StoreFact | fields=map[duration_ms:0 operation:StoreFact system:store]
2026/05/19 15:02:08.381284 [info] store.StoreFact | fields=map[duration_ms:0 operation:StoreFact system:store]
2026/05/19 15:02:08.381836 [info] store.StoreFact | fields=map[duration_ms:0 operation:StoreFact system:store]
2026/05/19 15:02:08.381836 [info] store.StoreFact | fields=map[duration_ms:0 operation:StoreFact system:store]
2026/05/19 15:02:08.382406 [info] store.StoreFact | fields=map[duration_ms:0 operation:StoreFact system:store]
2026/05/19 15:02:08.382406 [info] store.StoreFact | fields=map[duration_ms:0 operation:StoreFact system:store]
2026/05/19 15:02:08.382406 [info] store.StoreFact | fields=map[duration_ms:0 operation:StoreFact system:store]
2026/05/19 15:02:08.382406 [info] store.StoreFact | fields=map[duration_ms:0 operation:StoreFact system:store]
2026/05/19 15:02:08.382930 [info] store.StoreFact | fields=map[duration_ms:0 operation:StoreFact system:store]
2026/05/19 15:02:08.382930 [info] store.StoreFact | fields=map[duration_ms:0 operation:StoreFact system:store]
2026/05/19 15:02:08.382930 [info] store.StoreFact | fields=map[duration_ms:0 operation:StoreFact system:store]
2026/05/19 15:02:08.383497 [info] store.StoreFact | fields=map[duration_ms:0 operation:StoreFact system:store]
2026/05/19 15:02:08.383497 [info] store.StoreFact | fields=map[duration_ms:0 operation:StoreFact system:store]
2026/05/19 15:02:08.383497 [info] store.StoreFact | fields=map[duration_ms:0 operation:StoreFact system:store]
2026/05/19 15:02:08.384056 [info] store.StoreFact | fields=map[duration_ms:0 operation:StoreFact system:store]
2026/05/19 15:02:08.384056 [info] store.StoreFact | fields=map[duration_ms:0 operation:StoreFact system:store]
2026/05/19 15:02:08.384056 [info] store.StoreFact | fields=map[duration_ms:0 operation:StoreFact system:store]
2026/05/19 15:02:08.384603 [info] store.StoreFact | fields=map[duration_ms:0 operation:StoreFact system:store]
2026/05/19 15:02:08.384603 [info] store.StoreFact | fields=map[duration_ms:0 operation:StoreFact system:store]
2026/05/19 15:02:08.384603 [info] store.StoreFact | fields=map[duration_ms:0 operation:StoreFact system:store]
2026/05/19 15:02:08.385148 [info] store.StoreFact | fields=map[duration_ms:0 operation:StoreFact system:store]
2026/05/19 15:02:08.385148 [info] store.StoreFact | fields=map[duration_ms:0 operation:StoreFact system:store]
2026/05/19 15:02:08.385689 [info] store.StoreFact | fields=map[duration_ms:0 operation:StoreFact system:store]
2026/05/19 15:02:08.385689 [info] store.StoreFact | fields=map[duration_ms:0 operation:StoreFact system:store]
2026/05/19 15:02:08.385689 [info] store.StoreFact | fields=map[duration_ms:0 operation:StoreFact system:store]
2026/05/19 15:02:08.386240 [info] store.StoreFact | fields=map[duration_ms:0 operation:StoreFact system:store]
2026/05/19 15:02:08.386240 [info] store.StoreFact | fields=map[duration_ms:0 operation:StoreFact system:store]
2026/05/19 15:02:08.386791 [info] store.StoreFact | fields=map[duration_ms:0 operation:StoreFact system:store]
2026/05/19 15:02:08.386791 [info] store.StoreFact | fields=map[duration_ms:0 operation:StoreFact system:store]
2026/05/19 15:02:08.386791 [info] store.StoreFact | fields=map[duration_ms:0 operation:StoreFact system:store]
2026/05/19 15:02:08.387447 [info] store.StoreFact | fields=map[duration_ms:0 operation:StoreFact system:store]
2026/05/19 15:02:08.387447 [info] store.StoreFact | fields=map[duration_ms:0 operation:StoreFact system:store]
2026/05/19 15:02:08.387447 [info] store.StoreFact | fields=map[duration_ms:0 operation:StoreFact system:store]
2026/05/19 15:02:08.388006 [info] store.StoreFact | fields=map[duration_ms:0 operation:StoreFact system:store]
2026/05/19 15:02:08.388006 [info] store.StoreFact | fields=map[duration_ms:0 operation:StoreFact system:store]
2026/05/19 15:02:08.388006 [info] store.StoreFact | fields=map[duration_ms:0 operation:StoreFact system:store]
2026/05/19 15:02:08.388565 [info] store.StoreFact | fields=map[duration_ms:0 operation:StoreFact system:store]
2026/05/19 15:02:08.388565 [info] store.StoreFact | fields=map[duration_ms:0 operation:StoreFact system:store]
2026/05/19 15:02:08.389091 [info] store.StoreFact | fields=map[duration_ms:0 operation:StoreFact system:store]
2026/05/19 15:02:08.389091 [info] store.StoreFact | fields=map[duration_ms:0 operation:StoreFact system:store]
2026/05/19 15:02:08.389091 [info] store.StoreFact | fields=map[duration_ms:0 operation:StoreFact system:store]
2026/05/19 15:02:08.389608 [info] store.StoreFact | fields=map[duration_ms:0 operation:StoreFact system:store]
2026/05/19 15:02:08.389608 [info] store.StoreFact | fields=map[duration_ms:0 operation:StoreFact system:store]
2026/05/19 15:02:08.398327 [info] store.StoreFact | fields=map[duration_ms:8 operation:StoreFact system:store]
2026/05/19 15:02:08.399369 [info] store.StoreFact | fields=map[duration_ms:1 operation:StoreFact system:store]
2026/05/19 15:02:08.399369 [info] store.StoreFact | fields=map[duration_ms:0 operation:StoreFact system:store]
2026/05/19 15:02:08.399897 [info] store.StoreFact | fields=map[duration_ms:0 operation:StoreFact system:store]
2026/05/19 15:02:08.399897 [info] store.StoreFact | fields=map[duration_ms:0 operation:StoreFact system:store]
2026/05/19 15:02:08.400434 [info] store.StoreFact | fields=map[duration_ms:0 operation:StoreFact system:store]
2026/05/19 15:02:08.400434 [info] store.StoreFact | fields=map[duration_ms:0 operation:StoreFact system:store]
2026/05/19 15:02:08.400434 [info] store.StoreFact | fields=map[duration_ms:0 operation:StoreFact system:store]
2026/05/19 15:02:08.400952 [info] store.StoreFact | fields=map[duration_ms:0 operation:StoreFact system:store]
2026/05/19 15:02:08.400952 [info] store.StoreFact | fields=map[duration_ms:0 operation:StoreFact system:store]
2026/05/19 15:02:08.401478 [info] store.StoreFact | fields=map[duration_ms:0 operation:StoreFact system:store]
2026/05/19 15:02:08.401478 [info] store.StoreFact | fields=map[duration_ms:0 operation:StoreFact system:store]
2026/05/19 15:02:08.401478 [info] store.StoreFact | fields=map[duration_ms:0 operation:StoreFact system:store]
2026/05/19 15:02:08.401478 [info] store.StoreFact | fields=map[duration_ms:0 operation:StoreFact system:store]
2026/05/19 15:02:08.402049 [info] store.StoreFact | fields=map[duration_ms:0 operation:StoreFact system:store]
2026/05/19 15:02:08.402049 [info] store.StoreFact | fields=map[duration_ms:0 operation:StoreFact system:store]
2026/05/19 15:02:08.402565 [info] store.StoreFact | fields=map[duration_ms:0 operation:StoreFact system:store]
2026/05/19 15:02:08.402565 [info] store.StoreFact | fields=map[duration_ms:0 operation:StoreFact system:store]
2026/05/19 15:02:08.402565 [info] store.StoreFact | fields=map[duration_ms:0 operation:StoreFact system:store]
2026/05/19 15:02:08.403093 [info] store.StoreFact | fields=map[duration_ms:0 operation:StoreFact system:store]
2026/05/19 15:02:08.403619 [info] store.StoreFact | fields=map[duration_ms:0 operation:StoreFact system:store]
2026/05/19 15:02:08.403619 [info] store.StoreFact | fields=map[duration_ms:0 operation:StoreFact system:store]
2026/05/19 15:02:08.404131 [info] store.StoreFact | fields=map[duration_ms:0 operation:StoreFact system:store]
2026/05/19 15:02:08.404131 [info] store.StoreFact | fields=map[duration_ms:0 operation:StoreFact system:store]
2026/05/19 15:02:08.404131 [info] store.StoreFact | fields=map[duration_ms:0 operation:StoreFact system:store]
2026/05/19 15:02:08.404131 [info] store.StoreFact | fields=map[duration_ms:0 operation:StoreFact system:store]
2026/05/19 15:02:08.405137 [info] store.StoreFact | fields=map[duration_ms:1 operation:StoreFact system:store]
2026/05/19 15:02:08.405137 [info] store.StoreFact | fields=map[duration_ms:0 operation:StoreFact system:store]
2026/05/19 15:02:08.405137 [info] store.StoreFact | fields=map[duration_ms:0 operation:StoreFact system:store]
2026/05/19 15:02:08.405641 [info] store.StoreFact | fields=map[duration_ms:0 operation:StoreFact system:store]
2026/05/19 15:02:08.405641 [info] store.StoreFact | fields=map[duration_ms:0 operation:StoreFact system:store]
2026/05/19 15:02:08.405641 [info] store.StoreFact | fields=map[duration_ms:0 operation:StoreFact system:store]
2026/05/19 15:02:08.406168 [info] store.StoreFact | fields=map[duration_ms:0 operation:StoreFact system:store]
2026/05/19 15:02:08.406168 [info] store.StoreFact | fields=map[duration_ms:0 operation:StoreFact system:store]
2026/05/19 15:02:08.406685 [info] store.StoreFact | fields=map[duration_ms:0 operation:StoreFact system:store]
2026/05/19 15:02:08.406685 [info] store.StoreFact | fields=map[duration_ms:0 operation:StoreFact system:store]
2026/05/19 15:02:08.406685 [info] store.StoreFact | fields=map[duration_ms:0 operation:StoreFact system:store]
2026/05/19 15:02:08.407225 [info] store.StoreFact | fields=map[duration_ms:0 operation:StoreFact system:store]
2026/05/19 15:02:08.407225 [info] store.StoreFact | fields=map[duration_ms:0 operation:StoreFact system:store]
2026/05/19 15:02:08.407772 [info] store.StoreFact | fields=map[duration_ms:0 operation:StoreFact system:store]
2026/05/19 15:02:08.407772 [info] store.StoreFact | fields=map[duration_ms:0 operation:StoreFact system:store]
2026/05/19 15:02:08.407772 [info] store.StoreFact | fields=map[duration_ms:0 operation:StoreFact system:store]
2026/05/19 15:02:08.408323 [info] store.StoreFact | fields=map[duration_ms:0 operation:StoreFact system:store]
2026/05/19 15:02:08.408323 [info] store.StoreFact | fields=map[duration_ms:0 operation:StoreFact system:store]
2026/05/19 15:02:08.408323 [info] store.StoreFact | fields=map[duration_ms:0 operation:StoreFact system:store]
2026/05/19 15:02:08.408860 [info] store.StoreFact | fields=map[duration_ms:0 operation:StoreFact system:store]
2026/05/19 15:02:08.408860 [info] store.StoreFact | fields=map[duration_ms:0 operation:StoreFact system:store]
2026/05/19 15:02:08.409384 [info] store.StoreFact | fields=map[duration_ms:0 operation:StoreFact system:store]
2026/05/19 15:02:08.409384 [info] store.StoreFact | fields=map[duration_ms:0 operation:StoreFact system:store]
2026/05/19 15:02:08.409384 [info] store.StoreFact | fields=map[duration_ms:0 operation:StoreFact system:store]
2026/05/19 15:02:08.409911 [info] store.StoreFact | fields=map[duration_ms:0 operation:StoreFact system:store]
2026/05/19 15:02:08.409911 [info] store.StoreFact | fields=map[duration_ms:0 operation:StoreFact system:store]
2026/05/19 15:02:08.409911 [info] store.StoreFact | fields=map[duration_ms:0 operation:StoreFact system:store]
2026/05/19 15:02:08.410542 [info] store.StoreFact | fields=map[duration_ms:0 operation:StoreFact system:store]
2026/05/19 15:02:08.410542 [info] store.StoreFact | fields=map[duration_ms:0 operation:StoreFact system:store]
2026/05/19 15:02:08.411129 [info] store.StoreFact | fields=map[duration_ms:0 operation:StoreFact system:store]
2026/05/19 15:02:08.411129 [info] store.StoreFact | fields=map[duration_ms:0 operation:StoreFact system:store]
2026/05/19 15:02:08.411129 [info] store.StoreFact | fields=map[duration_ms:0 operation:StoreFact system:store]
2026/05/19 15:02:08.411670 [info] store.StoreFact | fields=map[duration_ms:0 operation:StoreFact system:store]
2026/05/19 15:02:08.411670 [info] store.StoreFact | fields=map[duration_ms:0 operation:StoreFact system:store]
2026/05/19 15:02:08.412212 [info] store.StoreFact | fields=map[duration_ms:0 operation:StoreFact system:store]
2026/05/19 15:02:08.412212 [info] store.StoreFact | fields=map[duration_ms:0 operation:StoreFact system:store]
2026/05/19 15:02:08.412745 [info] store.StoreFact | fields=map[duration_ms:0 operation:StoreFact system:store]
2026/05/19 15:02:08.412745 [info] store.StoreFact | fields=map[duration_ms:0 operation:StoreFact system:store]
2026/05/19 15:02:08.413356 [info] store.StoreFact | fields=map[duration_ms:0 operation:StoreFact system:store]
2026/05/19 15:02:08.413356 [info] store.StoreFact | fields=map[duration_ms:0 operation:StoreFact system:store]
2026/05/19 15:02:08.413356 [info] store.StoreFact | fields=map[duration_ms:0 operation:StoreFact system:store]
2026/05/19 15:02:08.413957 [info] store.StoreFact | fields=map[duration_ms:0 operation:StoreFact system:store]
2026/05/19 15:02:08.413957 [info] store.StoreFact | fields=map[duration_ms:0 operation:StoreFact system:store]
2026/05/19 15:02:08.414519 [info] store.StoreFact | fields=map[duration_ms:0 operation:StoreFact system:store]
2026/05/19 15:02:08.415075 [info] store.StoreFact | fields=map[duration_ms:0 operation:StoreFact system:store]
2026/05/19 15:02:08.415075 [info] store.StoreFact | fields=map[duration_ms:0 operation:StoreFact system:store]
2026/05/19 15:02:08.415624 [info] store.StoreFact | fields=map[duration_ms:0 operation:StoreFact system:store]
2026/05/19 15:02:08.415624 [info] store.StoreFact | fields=map[duration_ms:0 operation:StoreFact system:store]
2026/05/19 15:02:08.415624 [info] store.StoreFact | fields=map[duration_ms:0 operation:StoreFact system:store]
2026/05/19 15:02:08.416172 [info] store.StoreFact | fields=map[duration_ms:0 operation:StoreFact system:store]
2026/05/19 15:02:08.416172 [info] store.StoreFact | fields=map[duration_ms:0 operation:StoreFact system:store]
2026/05/19 15:02:08.416727 [info] store.StoreFact | fields=map[duration_ms:0 operation:StoreFact system:store]
2026/05/19 15:02:08.416727 [info] store.StoreFact | fields=map[duration_ms:0 operation:StoreFact system:store]
2026/05/19 15:02:08.416727 [info] store.StoreFact | fields=map[duration_ms:0 operation:StoreFact system:store]
2026/05/19 15:02:08.416727 [info] store.StoreFact | fields=map[duration_ms:0 operation:StoreFact system:store]
2026/05/19 15:02:08.416727 [info] store.StoreFact | fields=map[duration_ms:0 operation:StoreFact system:store]
2026/05/19 15:02:08.417747 [info] store.StoreFact | fields=map[duration_ms:1 operation:StoreFact system:store]
2026/05/19 15:02:08.417747 [info] store.StoreFact | fields=map[duration_ms:0 operation:StoreFact system:store]
2026/05/19 15:02:08.418304 [info] store.StoreFact | fields=map[duration_ms:0 operation:StoreFact system:store]
2026/05/19 15:02:08.418304 [info] store.StoreFact | fields=map[duration_ms:0 operation:StoreFact system:store]
2026/05/19 15:02:08.418304 [info] store.StoreFact | fields=map[duration_ms:0 operation:StoreFact system:store]
2026/05/19 15:02:08.418852 [info] store.StoreFact | fields=map[duration_ms:0 operation:StoreFact system:store]
2026/05/19 15:02:08.418852 [info] store.StoreFact | fields=map[duration_ms:0 operation:StoreFact system:store]
2026/05/19 15:02:08.418852 [info] store.StoreFact | fields=map[duration_ms:0 operation:StoreFact system:store]
2026/05/19 15:02:08.419380 [info] store.StoreFact | fields=map[duration_ms:0 operation:StoreFact system:store]
2026/05/19 15:02:08.419380 [info] store.StoreFact | fields=map[duration_ms:0 operation:StoreFact system:store]
2026/05/19 15:02:08.419380 [info] store.StoreFact | fields=map[duration_ms:0 operation:StoreFact system:store]
2026/05/19 15:02:08.419932 [info] store.StoreFact | fields=map[duration_ms:0 operation:StoreFact system:store]
2026/05/19 15:02:08.419932 [info] store.StoreFact | fields=map[duration_ms:0 operation:StoreFact system:store]
2026/05/19 15:02:08.420458 [info] store.StoreFact | fields=map[duration_ms:0 operation:StoreFact system:store]
2026/05/19 15:02:08.420458 [info] store.StoreFact | fields=map[duration_ms:0 operation:StoreFact system:store]
2026/05/19 15:02:08.420458 [info] store.StoreFact | fields=map[duration_ms:0 operation:StoreFact system:store]
2026/05/19 15:02:08.420983 [info] store.StoreFact | fields=map[duration_ms:0 operation:StoreFact system:store]
2026/05/19 15:02:08.420983 [info] store.StoreFact | fields=map[duration_ms:0 operation:StoreFact system:store]
2026/05/19 15:02:08.421537 [info] store.StoreFact | fields=map[duration_ms:0 operation:StoreFact system:store]
2026/05/19 15:02:08.431336 [info] store.StoreFact | fields=map[duration_ms:9 operation:StoreFact system:store]
2026/05/19 15:02:08.434390 [info] store.StoreFact | fields=map[duration_ms:3 operation:StoreFact system:store]
2026/05/19 15:02:08.434930 [info] store.StoreFact | fields=map[duration_ms:0 operation:StoreFact system:store]
2026/05/19 15:02:08.435468 [info] store.StoreFact | fields=map[duration_ms:0 operation:StoreFact system:store]
2026/05/19 15:02:08.435468 [info] store.StoreFact | fields=map[duration_ms:0 operation:StoreFact system:store]
2026/05/19 15:02:08.436032 [info] store.StoreFact | fields=map[duration_ms:0 operation:StoreFact system:store]
2026/05/19 15:02:08.436032 [info] store.StoreFact | fields=map[duration_ms:0 operation:StoreFact system:store]
2026/05/19 15:02:08.436560 [info] store.StoreFact | fields=map[duration_ms:0 operation:StoreFact system:store]
2026/05/19 15:02:08.438153 [info] store.StoreLink | fields=map[duration_ms:1 operation:StoreLink system:store]
2026/05/19 15:02:08.438692 [info] store.StoreLink | fields=map[duration_ms:0 operation:StoreLink system:store]
2026/05/19 15:02:08.439746 [info] store.StoreLink | fields=map[duration_ms:0 operation:StoreLink system:store]
2026/05/19 15:02:08.440840 [info] store.StoreLink | fields=map[duration_ms:0 operation:StoreLink system:store]
2026/05/19 15:02:08.440840 [info] store.StoreLink | fields=map[duration_ms:0 operation:StoreLink system:store]
2026/05/19 15:02:08.441442 [info] store.StoreLink | fields=map[duration_ms:0 operation:StoreLink system:store]
2026/05/19 15:02:08.441442 [info] store.StoreLink | fields=map[duration_ms:0 operation:StoreLink system:store]
2026/05/19 15:02:08.442556 [info] store.StoreLink | fields=map[duration_ms:0 operation:StoreLink system:store]
2026/05/19 15:02:08.443109 [info] store.StoreLink | fields=map[duration_ms:0 operation:StoreLink system:store]
2026/05/19 15:02:08.443109 [info] store.StoreLink | fields=map[duration_ms:0 operation:StoreLink system:store]
2026/05/19 15:02:08.443653 [info] store.StoreLink | fields=map[duration_ms:0 operation:StoreLink system:store]
2026/05/19 15:02:08.444749 [info] store.StoreLink | fields=map[duration_ms:0 operation:StoreLink system:store]
2026/05/19 15:02:08.445375 [info] store.StoreLink | fields=map[duration_ms:0 operation:StoreLink system:store]
2026/05/19 15:02:08.445375 [info] store.StoreLink | fields=map[duration_ms:0 operation:StoreLink system:store]
2026/05/19 15:02:08.445903 [info] store.StoreLink | fields=map[duration_ms:0 operation:StoreLink system:store]
2026/05/19 15:02:08.445903 [info] store.StoreLink | fields=map[duration_ms:0 operation:StoreLink system:store]
2026/05/19 15:02:08.446474 [info] store.StoreLink | fields=map[duration_ms:0 operation:StoreLink system:store]
2026/05/19 15:02:08.446474 [info] store.StoreLink | fields=map[duration_ms:0 operation:StoreLink system:store]
2026/05/19 15:02:08.446474 [info] store.StoreLink | fields=map[duration_ms:0 operation:StoreLink system:store]
2026/05/19 15:02:08.447015 [info] store.StoreLink | fields=map[duration_ms:0 operation:StoreLink system:store]
2026/05/19 15:02:08.447015 [info] store.StoreLink | fields=map[duration_ms:0 operation:StoreLink system:store]
2026/05/19 15:02:08.447570 [info] store.StoreLink | fields=map[duration_ms:0 operation:StoreLink system:store]
2026/05/19 15:02:08.447570 [info] store.StoreLink | fields=map[duration_ms:0 operation:StoreLink system:store]
2026/05/19 15:02:08.448103 [info] store.StoreLink | fields=map[duration_ms:0 operation:StoreLink system:store]
2026/05/19 15:02:08.449185 [info] store.StoreLink | fields=map[duration_ms:1 operation:StoreLink system:store]
2026/05/19 15:02:08.449711 [info] store.StoreLink | fields=map[duration_ms:0 operation:StoreLink system:store]
2026/05/19 15:02:08.450260 [info] store.StoreLink | fields=map[duration_ms:0 operation:StoreLink system:store]
2026/05/19 15:02:08.450858 [info] store.StoreLink | fields=map[duration_ms:0 operation:StoreLink system:store]
2026/05/19 15:02:08.451380 [info] store.StoreLink | fields=map[duration_ms:0 operation:StoreLink system:store]
2026/05/19 15:02:08.451913 [info] store.StoreLink | fields=map[duration_ms:0 operation:StoreLink system:store]
2026/05/19 15:02:08.452458 [info] store.StoreLink | fields=map[duration_ms:0 operation:StoreLink system:store]
2026/05/19 15:02:08.453010 [info] store.StoreLink | fields=map[duration_ms:0 operation:StoreLink system:store]
2026/05/19 15:02:08.453010 [info] store.StoreLink | fields=map[duration_ms:0 operation:StoreLink system:store]
2026/05/19 15:02:08.453571 [info] store.StoreLink | fields=map[duration_ms:0 operation:StoreLink system:store]
2026/05/19 15:02:08.453571 [info] store.StoreLink | fields=map[duration_ms:0 operation:StoreLink system:store]
2026/05/19 15:02:08.454087 [info] store.StoreLink | fields=map[duration_ms:0 operation:StoreLink system:store]
2026/05/19 15:02:08.454087 [info] store.StoreLink | fields=map[duration_ms:0 operation:StoreLink system:store]
2026/05/19 15:02:08.454087 [info] store.StoreLink | fields=map[duration_ms:0 operation:StoreLink system:store]
2026/05/19 15:02:08.454642 [info] store.StoreLink | fields=map[duration_ms:0 operation:StoreLink system:store]
2026/05/19 15:02:08.454642 [info] store.StoreLink | fields=map[duration_ms:0 operation:StoreLink system:store]
2026/05/19 15:02:08.455189 [info] store.StoreLink | fields=map[duration_ms:0 operation:StoreLink system:store]
2026/05/19 15:02:08.455189 [info] store.StoreLink | fields=map[duration_ms:0 operation:StoreLink system:store]
2026/05/19 15:02:08.455189 [info] store.StoreLink | fields=map[duration_ms:0 operation:StoreLink system:store]
2026/05/19 15:02:08.455740 [info] store.StoreLink | fields=map[duration_ms:0 operation:StoreLink system:store]
2026/05/19 15:02:08.456252 [info] store.StoreLink | fields=map[duration_ms:0 operation:StoreLink system:store]
2026/05/19 15:02:08.456895 [info] store.StoreLink | fields=map[duration_ms:0 operation:StoreLink system:store]
2026/05/19 15:02:08.457999 [info] store.StoreLink | fields=map[duration_ms:1 operation:StoreLink system:store]
2026/05/19 15:02:08.457999 [info] store.StoreLink | fields=map[duration_ms:0 operation:StoreLink system:store]
2026/05/19 15:02:08.458520 [info] store.StoreLink | fields=map[duration_ms:0 operation:StoreLink system:store]
2026/05/19 15:02:08.459055 [info] store.StoreLink | fields=map[duration_ms:0 operation:StoreLink system:store]
2026/05/19 15:02:08.459577 [info] store.StoreLink | fields=map[duration_ms:0 operation:StoreLink system:store]
2026/05/19 15:02:08.460102 [info] store.StoreLink | fields=map[duration_ms:0 operation:StoreLink system:store]
2026/05/19 15:02:08.460655 [info] store.StoreLink | fields=map[duration_ms:0 operation:StoreLink system:store]
2026/05/19 15:02:08.460655 [info] store.StoreLink | fields=map[duration_ms:0 operation:StoreLink system:store]
2026/05/19 15:02:08.460655 [info] store.StoreLink | fields=map[duration_ms:0 operation:StoreLink system:store]
2026/05/19 15:02:08.462294 [info] store.StoreLink | fields=map[duration_ms:1 operation:StoreLink system:store]
2026/05/19 15:02:08.462808 [info] store.StoreLink | fields=map[duration_ms:0 operation:StoreLink system:store]
2026/05/19 15:02:08.462808 [info] store.StoreLink | fields=map[duration_ms:0 operation:StoreLink system:store]
2026/05/19 15:02:08.463363 [info] store.StoreLink | fields=map[duration_ms:0 operation:StoreLink system:store]
2026/05/19 15:02:08.463363 [info] store.StoreLink | fields=map[duration_ms:0 operation:StoreLink system:store]
2026/05/19 15:02:08.463887 [info] store.StoreLink | fields=map[duration_ms:0 operation:StoreLink system:store]
2026/05/19 15:02:08.465500 [info] store.StoreLink | fields=map[duration_ms:1 operation:StoreLink system:store]
2026/05/19 15:02:08.465500 [info] store.StoreLink | fields=map[duration_ms:0 operation:StoreLink system:store]
2026/05/19 15:02:08.466571 [info] store.StoreLink | fields=map[duration_ms:1 operation:StoreLink system:store]
2026/05/19 15:02:08.466571 [info] store.StoreLink | fields=map[duration_ms:0 operation:StoreLink system:store]
2026/05/19 15:02:08.467097 [info] store.StoreLink | fields=map[duration_ms:0 operation:StoreLink system:store]
2026/05/19 15:02:08.467656 [info] store.StoreLink | fields=map[duration_ms:0 operation:StoreLink system:store]
2026/05/19 15:02:08.468199 [info] store.StoreLink | fields=map[duration_ms:0 operation:StoreLink system:store]
2026/05/19 15:02:08.468735 [info] store.StoreLink | fields=map[duration_ms:0 operation:StoreLink system:store]
2026/05/19 15:02:08.469255 [info] store.StoreLink | fields=map[duration_ms:0 operation:StoreLink system:store]
2026/05/19 15:02:08.469814 [info] store.StoreLink | fields=map[duration_ms:0 operation:StoreLink system:store]
2026/05/19 15:02:08.469814 [info] store.StoreLink | fields=map[duration_ms:0 operation:StoreLink system:store]
2026/05/19 15:02:08.470363 [info] store.StoreLink | fields=map[duration_ms:0 operation:StoreLink system:store]
2026/05/19 15:02:08.470363 [info] store.StoreLink | fields=map[duration_ms:0 operation:StoreLink system:store]
2026/05/19 15:02:08.470889 [info] store.StoreLink | fields=map[duration_ms:0 operation:StoreLink system:store]
2026/05/19 15:02:08.470889 [info] store.StoreLink | fields=map[duration_ms:0 operation:StoreLink system:store]
2026/05/19 15:02:08.471437 [info] store.StoreLink | fields=map[duration_ms:0 operation:StoreLink system:store]
2026/05/19 15:02:08.472122 [info] store.StoreLink | fields=map[duration_ms:0 operation:StoreLink system:store]
2026/05/19 15:02:08.472683 [info] store.StoreLink | fields=map[duration_ms:0 operation:StoreLink system:store]
2026/05/19 15:02:08.473235 [info] store.StoreLink | fields=map[duration_ms:0 operation:StoreLink system:store]
2026/05/19 15:02:08.473235 [info] store.StoreLink | fields=map[duration_ms:0 operation:StoreLink system:store]
2026/05/19 15:02:08.473767 [info] store.StoreLink | fields=map[duration_ms:0 operation:StoreLink system:store]
2026/05/19 15:02:08.473767 [info] store.StoreLink | fields=map[duration_ms:0 operation:StoreLink system:store]
2026/05/19 15:02:08.473767 [info] store.StoreLink | fields=map[duration_ms:0 operation:StoreLink system:store]
2026/05/19 15:02:08.474315 [info] store.StoreLink | fields=map[duration_ms:0 operation:StoreLink system:store]
2026/05/19 15:02:08.474843 [info] store.StoreLink | fields=map[duration_ms:0 operation:StoreLink system:store]
2026/05/19 15:02:08.475393 [info] store.StoreLink | fields=map[duration_ms:0 operation:StoreLink system:store]
2026/05/19 15:02:08.475393 [info] store.StoreLink | fields=map[duration_ms:0 operation:StoreLink system:store]
2026/05/19 15:02:08.475918 [info] store.StoreLink | fields=map[duration_ms:0 operation:StoreLink system:store]
2026/05/19 15:02:08.475918 [info] store.StoreLink | fields=map[duration_ms:0 operation:StoreLink system:store]
2026/05/19 15:02:08.476467 [info] store.StoreLink | fields=map[duration_ms:0 operation:StoreLink system:store]
2026/05/19 15:02:08.477014 [info] store.StoreLink | fields=map[duration_ms:0 operation:StoreLink system:store]
2026/05/19 15:02:08.477577 [info] store.StoreLink | fields=map[duration_ms:0 operation:StoreLink system:store]
2026/05/19 15:02:08.478098 [info] store.StoreLink | fields=map[duration_ms:0 operation:StoreLink system:store]
2026/05/19 15:02:08.478633 [info] store.StoreLink | fields=map[duration_ms:0 operation:StoreLink system:store]
2026/05/19 15:02:08.478633 [info] store.StoreLink | fields=map[duration_ms:0 operation:StoreLink system:store]
2026/05/19 15:02:08.479203 [info] store.StoreLink | fields=map[duration_ms:0 operation:StoreLink system:store]
2026/05/19 15:02:08.479203 [info] store.StoreLink | fields=map[duration_ms:0 operation:StoreLink system:store]
2026/05/19 15:02:08.479732 [info] store.StoreLink | fields=map[duration_ms:0 operation:StoreLink system:store]
2026/05/19 15:02:08.496056 [info] store.StoreLink | fields=map[duration_ms:16 operation:StoreLink system:store]
2026/05/19 15:02:08.498243 [info] store.StoreLink | fields=map[duration_ms:1 operation:StoreLink system:store]
2026/05/19 15:02:08.498802 [info] store.StoreLink | fields=map[duration_ms:0 operation:StoreLink system:store]
2026/05/19 15:02:08.499333 [info] store.StoreLink | fields=map[duration_ms:0 operation:StoreLink system:store]
2026/05/19 15:02:08.499853 [info] store.StoreLink | fields=map[duration_ms:0 operation:StoreLink system:store]
2026/05/19 15:02:08.499853 [info] store.StoreLink | fields=map[duration_ms:0 operation:StoreLink system:store]
2026/05/19 15:02:08.500391 [info] store.StoreLink | fields=map[duration_ms:0 operation:StoreLink system:store]
2026/05/19 15:02:08.500391 [info] store.StoreLink | fields=map[duration_ms:0 operation:StoreLink system:store]
2026/05/19 15:02:08.500927 [info] store.StoreLink | fields=map[duration_ms:0 operation:StoreLink system:store]
2026/05/19 15:02:08.500927 [info] store.StoreLink | fields=map[duration_ms:0 operation:StoreLink system:store]
2026/05/19 15:02:08.501464 [info] store.StoreLink | fields=map[duration_ms:0 operation:StoreLink system:store]
2026/05/19 15:02:08.501464 [info] store.StoreLink | fields=map[duration_ms:0 operation:StoreLink system:store]
2026/05/19 15:02:08.501464 [info] store.StoreLink | fields=map[duration_ms:0 operation:StoreLink system:store]
2026/05/19 15:02:08.501464 [info] store.StoreLink | fields=map[duration_ms:0 operation:StoreLink system:store]
2026/05/19 15:02:08.502471 [info] store.StoreLink | fields=map[duration_ms:0 operation:StoreLink system:store]
2026/05/19 15:02:08.502978 [info] store.StoreLink | fields=map[duration_ms:0 operation:StoreLink system:store]
2026/05/19 15:02:08.503505 [info] store.StoreLink | fields=map[duration_ms:0 operation:StoreLink system:store]
2026/05/19 15:02:08.503505 [info] store.StoreLink | fields=map[duration_ms:0 operation:StoreLink system:store]
2026/05/19 15:02:08.503505 [info] store.StoreLink | fields=map[duration_ms:0 operation:StoreLink system:store]
2026/05/19 15:02:08.503505 [info] store.StoreLink | fields=map[duration_ms:0 operation:StoreLink system:store]
2026/05/19 15:02:08.505018 [info] store.StoreLink | fields=map[duration_ms:1 operation:StoreLink system:store]
2026/05/19 15:02:08.505545 [info] store.StoreLink | fields=map[duration_ms:0 operation:StoreLink system:store]
2026/05/19 15:02:08.505545 [info] store.StoreLink | fields=map[duration_ms:0 operation:StoreLink system:store]
2026/05/19 15:02:08.506075 [info] store.StoreLink | fields=map[duration_ms:0 operation:StoreLink system:store]
2026/05/19 15:02:08.506075 [info] store.StoreLink | fields=map[duration_ms:0 operation:StoreLink system:store]
2026/05/19 15:02:08.506604 [info] store.StoreLink | fields=map[duration_ms:0 operation:StoreLink system:store]
2026/05/19 15:02:08.507122 [info] store.StoreLink | fields=map[duration_ms:0 operation:StoreLink system:store]
2026/05/19 15:02:08.507661 [info] store.StoreLink | fields=map[duration_ms:0 operation:StoreLink system:store]
2026/05/19 15:02:08.507661 [info] store.StoreLink | fields=map[duration_ms:0 operation:StoreLink system:store]
2026/05/19 15:02:08.508200 [info] store.StoreLink | fields=map[duration_ms:0 operation:StoreLink system:store]
2026/05/19 15:02:08.508739 [info] store.StoreLink | fields=map[duration_ms:0 operation:StoreLink system:store]
2026/05/19 15:02:08.508739 [info] store.StoreLink | fields=map[duration_ms:0 operation:StoreLink system:store]
2026/05/19 15:02:08.509271 [info] store.StoreLink | fields=map[duration_ms:0 operation:StoreLink system:store]
2026/05/19 15:02:08.509271 [info] store.StoreLink | fields=map[duration_ms:0 operation:StoreLink system:store]
2026/05/19 15:02:08.509800 [info] store.StoreLink | fields=map[duration_ms:0 operation:StoreLink system:store]
2026/05/19 15:02:08.509800 [info] store.StoreLink | fields=map[duration_ms:0 operation:StoreLink system:store]
2026/05/19 15:02:08.509800 [info] store.StoreLink | fields=map[duration_ms:0 operation:StoreLink system:store]
2026/05/19 15:02:08.510333 [info] store.StoreLink | fields=map[duration_ms:0 operation:StoreLink system:store]
2026/05/19 15:02:08.510861 [info] store.StoreLink | fields=map[duration_ms:0 operation:StoreLink system:store]
2026/05/19 15:02:08.510861 [info] store.StoreLink | fields=map[duration_ms:0 operation:StoreLink system:store]
2026/05/19 15:02:08.511413 [info] store.StoreLink | fields=map[duration_ms:0 operation:StoreLink system:store]
2026/05/19 15:02:08.511413 [info] store.StoreLink | fields=map[duration_ms:0 operation:StoreLink system:store]
2026/05/19 15:02:08.511413 [info] store.StoreLink | fields=map[duration_ms:0 operation:StoreLink system:store]
2026/05/19 15:02:08.511971 [info] store.StoreLink | fields=map[duration_ms:0 operation:StoreLink system:store]
2026/05/19 15:02:08.511971 [info] store.StoreLink | fields=map[duration_ms:0 operation:StoreLink system:store]
2026/05/19 15:02:08.512523 [info] store.StoreLink | fields=map[duration_ms:0 operation:StoreLink system:store]
2026/05/19 15:02:08.513046 [info] store.StoreLink | fields=map[duration_ms:0 operation:StoreLink system:store]
2026/05/19 15:02:08.513578 [info] store.StoreLink | fields=map[duration_ms:0 operation:StoreLink system:store]
2026/05/19 15:02:10.006376 [info] kernel.evaluate.fixpoint | fields=map[duration_ms:1674 operation:evaluate.fixpoint system:kernel]
2026/05/19 15:02:10.006376 [info] kernel.evaluate | fields=map[duration_ms:1678 operation:evaluate system:kernel]
2026/05/19 15:02:10.006376 [info] kernel.Query | fields=map[duration_ms:1124 operation:Query system:kernel]
2026/05/19 15:02:11.728448 [info] kernel.evaluate.fixpoint | fields=map[duration_ms:1715 operation:evaluate.fixpoint system:kernel]
2026/05/19 15:02:11.729448 [info] kernel.evaluate | fields=map[duration_ms:1723 operation:evaluate system:kernel]
2026/05/19 15:02:11.729448 [info] kernel.Query | fields=map[duration_ms:847 operation:Query system:kernel]
2026/05/19 15:02:13.501041 [info] kernel.evaluate.fixpoint | fields=map[duration_ms:1769 operation:evaluate.fixpoint system:kernel]
2026/05/19 15:02:13.501041 [info] kernel.evaluate | fields=map[duration_ms:1771 operation:evaluate system:kernel]
2026/05/19 15:02:13.501041 [info] kernel.Query | fields=map[duration_ms:619 operation:Query system:kernel]
2026/05/19 15:02:13.501041 [info] kernel.Query | fields=map[duration_ms:0 operation:Query system:kernel]
2026/05/19 15:02:13.501041 [info] kernel.LoadFacts | fields=map[duration_ms:4987 operation:LoadFacts system:kernel]
2026/05/19 15:02:13.502052 [info] kernel.Query | fields=map[duration_ms:0 operation:Query system:kernel]
2026/05/19 15:02:15.353496 [info] kernel.evaluate.fixpoint | fields=map[duration_ms:1848 operation:evaluate.fixpoint system:kernel]
2026/05/19 15:02:15.353496 [info] kernel.evaluate | fields=map[duration_ms:1851 operation:evaluate system:kernel]
2026/05/19 15:02:15.353496 [info] kernel.Query | fields=map[duration_ms:468 operation:Query system:kernel]
2026/05/19 15:02:17.093135 [info] kernel.evaluate.fixpoint | fields=map[duration_ms:1735 operation:evaluate.fixpoint system:kernel]
2026/05/19 15:02:17.093135 [info] kernel.evaluate | fields=map[duration_ms:1739 operation:evaluate system:kernel]
2026/05/19 15:02:17.093135 [info] kernel.Query | fields=map[duration_ms:1739 operation:Query system:kernel]
2026/05/19 15:02:17.093135 [info] kernel.Query | fields=map[duration_ms:211 operation:Query system:kernel]
2026/05/19 15:02:17.259541 [info] context.ScoreFacts | fields=map[duration_ms:166 operation:ScoreFacts system:context]
2026/05/19 15:02:17.268541 [info] context.GetHighActivationFacts | fields=map[duration_ms:175 operation:GetHighActivationFacts system:context]
2026/05/19 15:02:17.329348 [info] store.StoreCompressedState | fields=map[duration_ms:29 operation:StoreCompressedState system:store]
2026/05/19 15:02:17.329348 [WARN] Slow Update() handler: chat.scanCompleteMsg took 3.8283075s (target: <100ms)
2026/05/19 15:02:18.703523 [info] kernel.evaluate.fixpoint | fields=map[duration_ms:1606 operation:evaluate.fixpoint system:kernel]
2026/05/19 15:02:18.703523 [info] kernel.evaluate | fields=map[duration_ms:1610 operation:evaluate system:kernel]
2026/05/19 15:02:18.704068 [info] kernel.Query | fields=map[duration_ms:1610 operation:Query system:kernel]
2026/05/19 15:02:20.136067 [info] kernel.evaluate.fixpoint | fields=map[duration_ms:1427 operation:evaluate.fixpoint system:kernel]
2026/05/19 15:02:20.136067 [info] kernel.evaluate | fields=map[duration_ms:1431 operation:evaluate system:kernel]
2026/05/19 15:02:20.136067 [info] kernel.Query | fields=map[duration_ms:1254 operation:Query system:kernel]
2026/05/19 15:02:20.136067 [info] kernel.Query | fields=map[duration_ms:1432 operation:Query system:kernel]
2026/05/19 15:02:20.136067 [info] kernel.Query | fields=map[duration_ms:1431 operation:Query system:kernel]
2026/05/19 15:02:21.524127 [info] kernel.evaluate.fixpoint | fields=map[duration_ms:1381 operation:evaluate.fixpoint system:kernel]
2026/05/19 15:02:21.524127 [info] kernel.evaluate | fields=map[duration_ms:1388 operation:evaluate system:kernel]
2026/05/19 15:02:21.524127 [info] kernel.Query | fields=map[duration_ms:642 operation:Query system:kernel]
2026/05/19 15:02:21.524127 [info] kernel.Query | fields=map[duration_ms:1388 operation:Query system:kernel]
2026/05/19 15:02:21.524127 [info] kernel.Query | fields=map[duration_ms:1388 operation:Query system:kernel]
2026/05/19 15:02:22.883952 [info] kernel.evaluate.fixpoint | fields=map[duration_ms:1357 operation:evaluate.fixpoint system:kernel]
2026/05/19 15:02:22.883952 [info] kernel.evaluate | fields=map[duration_ms:1359 operation:evaluate system:kernel]
2026/05/19 15:02:22.883952 [info] kernel.Query | fields=map[duration_ms:2 operation:Query system:kernel]
2026/05/19 15:02:22.883952 [info] kernel.Query | fields=map[duration_ms:1359 operation:Query system:kernel]
2026/05/19 15:02:24.297452 [info] kernel.evaluate.fixpoint | fields=map[duration_ms:1409 operation:evaluate.fixpoint system:kernel]
2026/05/19 15:02:24.297452 [info] kernel.evaluate | fields=map[duration_ms:1413 operation:evaluate system:kernel]
2026/05/19 15:02:24.297452 [info] kernel.Query | fields=map[duration_ms:1413 operation:Query system:kernel]
2026/05/19 15:02:25.715916 [info] kernel.evaluate.fixpoint | fields=map[duration_ms:1415 operation:evaluate.fixpoint system:kernel]
2026/05/19 15:02:25.715916 [info] kernel.evaluate | fields=map[duration_ms:1418 operation:evaluate system:kernel]
2026/05/19 15:02:25.716461 [info] kernel.Query | fields=map[duration_ms:0 operation:Query system:kernel]
2026/05/19 15:02:25.716461 [info] kernel.Query | fields=map[duration_ms:1419 operation:Query system:kernel]
2026/05/19 15:02:25.716461 [info] kernel.Query | fields=map[duration_ms:834 operation:Query system:kernel]
2026/05/19 15:02:27.275156 [info] kernel.evaluate.fixpoint | fields=map[duration_ms:1554 operation:evaluate.fixpoint system:kernel]
2026/05/19 15:02:27.275156 [info] kernel.evaluate | fields=map[duration_ms:1558 operation:evaluate system:kernel]
2026/05/19 15:02:27.275156 [info] kernel.Query | fields=map[duration_ms:393 operation:Query system:kernel]
2026/05/19 15:02:27.275616 [info] kernel.Query | fields=map[duration_ms:1558 operation:Query system:kernel]
2026/05/19 15:02:27.275616 [info] kernel.Query | fields=map[duration_ms:1559 operation:Query system:kernel]
2026/05/19 15:02:28.639379 [info] kernel.evaluate.fixpoint | fields=map[duration_ms:1357 operation:evaluate.fixpoint system:kernel]
2026/05/19 15:02:28.639379 [info] kernel.evaluate | fields=map[duration_ms:1363 operation:evaluate system:kernel]
2026/05/19 15:02:28.639379 [info] kernel.Query | fields=map[duration_ms:1363 operation:Query system:kernel]
2026/05/19 15:02:29.977476 [info] kernel.evaluate.fixpoint | fields=map[duration_ms:1329 operation:evaluate.fixpoint system:kernel]
2026/05/19 15:02:29.977476 [info] kernel.evaluate | fields=map[duration_ms:1338 operation:evaluate system:kernel]
2026/05/19 15:02:29.977980 [info] kernel.Query | fields=map[duration_ms:1338 operation:Query system:kernel]
2026/05/19 15:02:29.977980 [info] kernel.Query | fields=map[duration_ms:1096 operation:Query system:kernel]
2026/05/19 15:02:31.313758 [info] kernel.evaluate.fixpoint | fields=map[duration_ms:1333 operation:evaluate.fixpoint system:kernel]
2026/05/19 15:02:31.313758 [info] kernel.evaluate | fields=map[duration_ms:1335 operation:evaluate system:kernel]
2026/05/19 15:02:31.313758 [info] kernel.Query | fields=map[duration_ms:0 operation:Query system:kernel]
2026/05/19 15:02:31.313758 [info] kernel.Query | fields=map[duration_ms:0 operation:Query system:kernel]
2026/05/19 15:02:31.313758 [info] kernel.Query | fields=map[duration_ms:1335 operation:Query system:kernel]
2026/05/19 15:02:31.313758 [info] kernel.Query | fields=map[duration_ms:432 operation:Query system:kernel]
2026/05/19 15:02:32.743542 [info] kernel.evaluate.fixpoint | fields=map[duration_ms:1426 operation:evaluate.fixpoint system:kernel]
2026/05/19 15:02:32.743542 [info] kernel.evaluate | fields=map[duration_ms:1429 operation:evaluate system:kernel]
2026/05/19 15:02:32.743542 [info] kernel.Query | fields=map[duration_ms:1429 operation:Query system:kernel]
2026/05/19 15:02:33.685412 [info] store.ListLearningEmbeddingCandidates | fields=map[duration_ms:0 operation:ListLearningEmbeddingCandidates system:store]
2026/05/19 15:02:33.685412 [info] store.ListLearningEmbeddingCandidates | fields=map[duration_ms:0 operation:ListLearningEmbeddingCandidates system:store]
2026/05/19 15:02:33.686425 [info] store.ListLearningEmbeddingCandidates | fields=map[duration_ms:1 operation:ListLearningEmbeddingCandidates system:store]
2026/05/19 15:02:33.686425 [info] store.ListLearningEmbeddingCandidates | fields=map[duration_ms:0 operation:ListLearningEmbeddingCandidates system:store]
2026/05/19 15:02:33.686425 [info] store.ListLearningEmbeddingCandidates | fields=map[duration_ms:0 operation:ListLearningEmbeddingCandidates system:store]
2026/05/19 15:02:33.686425 [info] store.ListLearningEmbeddingCandidates | fields=map[duration_ms:0 operation:ListLearningEmbeddingCandidates system:store]
2026/05/19 15:02:33.686425 [info] store.ListLearningEmbeddingCandidates | fields=map[duration_ms:0 operation:ListLearningEmbeddingCandidates system:store]
2026/05/19 15:02:34.238884 [info] kernel.evaluate.fixpoint | fields=map[duration_ms:1492 operation:evaluate.fixpoint system:kernel]
2026/05/19 15:02:34.238884 [info] kernel.evaluate | fields=map[duration_ms:1495 operation:evaluate system:kernel]
2026/05/19 15:02:34.238884 [info] kernel.Query | fields=map[duration_ms:1495 operation:Query system:kernel]
2026/05/19 15:02:34.238884 [info] kernel.Query | fields=map[duration_ms:1357 operation:Query system:kernel]
2026/05/19 15:02:35.699573 [info] kernel.evaluate.fixpoint | fields=map[duration_ms:1457 operation:evaluate.fixpoint system:kernel]
2026/05/19 15:02:35.699573 [info] kernel.evaluate | fields=map[duration_ms:1460 operation:evaluate system:kernel]
2026/05/19 15:02:35.699573 [info] kernel.Query | fields=map[duration_ms:0 operation:Query system:kernel]
2026/05/19 15:02:35.699573 [info] kernel.Query | fields=map[duration_ms:1460 operation:Query system:kernel]
2026/05/19 15:02:35.699573 [info] kernel.Query | fields=map[duration_ms:817 operation:Query system:kernel]
2026/05/19 15:02:37.120596 [info] kernel.evaluate.fixpoint | fields=map[duration_ms:1417 operation:evaluate.fixpoint system:kernel]
2026/05/19 15:02:37.121119 [info] kernel.evaluate | fields=map[duration_ms:1421 operation:evaluate system:kernel]
2026/05/19 15:02:37.121119 [info] kernel.Query | fields=map[duration_ms:239 operation:Query system:kernel]
2026/05/19 15:02:37.121119 [info] kernel.Query | fields=map[duration_ms:1421 operation:Query system:kernel]
2026/05/19 15:02:38.530441 [info] kernel.evaluate.fixpoint | fields=map[duration_ms:1406 operation:evaluate.fixpoint system:kernel]
2026/05/19 15:02:38.530441 [info] kernel.evaluate | fields=map[duration_ms:1409 operation:evaluate system:kernel]
2026/05/19 15:02:39.921120 [info] kernel.evaluate.fixpoint | fields=map[duration_ms:1386 operation:evaluate.fixpoint system:kernel]
2026/05/19 15:02:39.921120 [info] kernel.evaluate | fields=map[duration_ms:1390 operation:evaluate system:kernel]
2026/05/19 15:02:39.921120 [info] kernel.Query | fields=map[duration_ms:1039 operation:Query system:kernel]
2026/05/19 15:02:41.261251 [info] kernel.evaluate.fixpoint | fields=map[duration_ms:1337 operation:evaluate.fixpoint system:kernel]
2026/05/19 15:02:41.261251 [info] kernel.evaluate | fields=map[duration_ms:1340 operation:evaluate system:kernel]
2026/05/19 15:02:41.261251 [info] kernel.Query | fields=map[duration_ms:379 operation:Query system:kernel]
2026/05/19 15:02:41.261251 [info] kernel.Query | fields=map[duration_ms:1340 operation:Query system:kernel]
2026/05/19 15:02:42.651998 [info] kernel.evaluate.fixpoint | fields=map[duration_ms:1387 operation:evaluate.fixpoint system:kernel]
2026/05/19 15:02:42.651998 [info] kernel.evaluate | fields=map[duration_ms:1390 operation:evaluate system:kernel]
2026/05/19 15:02:42.653002 [info] kernel.Query | fields=map[duration_ms:1 operation:Query system:kernel]
2026/05/19 15:02:42.653002 [info] kernel.Query | fields=map[duration_ms:1391 operation:Query system:kernel]
2026/05/19 15:02:44.133537 [info] kernel.evaluate.fixpoint | fields=map[duration_ms:1477 operation:evaluate.fixpoint system:kernel]
2026/05/19 15:02:44.133537 [info] kernel.evaluate | fields=map[duration_ms:1480 operation:evaluate system:kernel]
2026/05/19 15:02:44.133537 [info] kernel.Query | fields=map[duration_ms:1251 operation:Query system:kernel]
2026/05/19 15:02:44.133537 [info] kernel.Query | fields=map[duration_ms:1480 operation:Query system:kernel]
2026/05/19 15:02:45.493075 [info] kernel.evaluate.fixpoint | fields=map[duration_ms:1356 operation:evaluate.fixpoint system:kernel]
2026/05/19 15:02:45.493075 [info] kernel.evaluate | fields=map[duration_ms:1358 operation:evaluate system:kernel]
2026/05/19 15:02:45.493075 [info] kernel.Query | fields=map[duration_ms:1358 operation:Query system:kernel]
2026/05/19 15:02:45.493075 [info] kernel.Query | fields=map[duration_ms:611 operation:Query system:kernel]
2026/05/19 15:02:46.842126 [info] kernel.evaluate.fixpoint | fields=map[duration_ms:1345 operation:evaluate.fixpoint system:kernel]
2026/05/19 15:02:46.842126 [info] kernel.evaluate | fields=map[duration_ms:1348 operation:evaluate system:kernel]
2026/05/19 15:02:46.842126 [info] kernel.Query | fields=map[duration_ms:0 operation:Query system:kernel]
2026/05/19 15:02:46.842126 [info] kernel.Query | fields=map[duration_ms:1349 operation:Query system:kernel]
2026/05/19 15:02:48.258601 [info] kernel.evaluate.fixpoint | fields=map[duration_ms:1408 operation:evaluate.fixpoint system:kernel]
2026/05/19 15:02:48.258601 [info] kernel.evaluate | fields=map[duration_ms:1416 operation:evaluate system:kernel]
2026/05/19 15:02:48.258601 [info] kernel.Query | fields=map[duration_ms:1376 operation:Query system:kernel]
2026/05/19 15:02:48.258601 [info] kernel.Query | fields=map[duration_ms:1416 operation:Query system:kernel]
2026/05/19 15:02:48.258601 [info] kernel.Query | fields=map[duration_ms:1416 operation:Query system:kernel]
2026/05/19 15:02:49.693135 [info] kernel.evaluate.fixpoint | fields=map[duration_ms:1431 operation:evaluate.fixpoint system:kernel]
2026/05/19 15:02:49.693135 [info] kernel.evaluate | fields=map[duration_ms:1434 operation:evaluate system:kernel]
2026/05/19 15:02:49.693135 [info] kernel.Query | fields=map[duration_ms:811 operation:Query system:kernel]
2026/05/19 15:02:49.693135 [info] kernel.Query | fields=map[duration_ms:1434 operation:Query system:kernel]
2026/05/19 15:02:51.081218 [info] kernel.evaluate.fixpoint | fields=map[duration_ms:1384 operation:evaluate.fixpoint system:kernel]
2026/05/19 15:02:51.081218 [info] kernel.evaluate | fields=map[duration_ms:1388 operation:evaluate system:kernel]
2026/05/19 15:02:51.081218 [info] kernel.Query | fields=map[duration_ms:1388 operation:Query system:kernel]
2026/05/19 15:02:51.081218 [info] kernel.Query | fields=map[duration_ms:199 operation:Query system:kernel]
2026/05/19 15:02:52.432591 [info] kernel.evaluate.fixpoint | fields=map[duration_ms:1348 operation:evaluate.fixpoint system:kernel]
2026/05/19 15:02:52.432591 [info] kernel.evaluate | fields=map[duration_ms:1351 operation:evaluate system:kernel]
2026/05/19 15:02:52.432591 [info] kernel.Query | fields=map[duration_ms:0 operation:Query system:kernel]
2026/05/19 15:02:52.433581 [info] kernel.Query | fields=map[duration_ms:1352 operation:Query system:kernel]
2026/05/19 15:02:53.797970 [info] kernel.evaluate.fixpoint | fields=map[duration_ms:1362 operation:evaluate.fixpoint system:kernel]
2026/05/19 15:02:53.797970 [info] kernel.evaluate | fields=map[duration_ms:1364 operation:evaluate system:kernel]
2026/05/19 15:02:53.797970 [info] kernel.Query | fields=map[duration_ms:916 operation:Query system:kernel]
2026/05/19 15:02:53.797970 [info] kernel.Query | fields=map[duration_ms:1364 operation:Query system:kernel]
2026/05/19 15:02:53.797970 [info] kernel.Query | fields=map[duration_ms:1364 operation:Query system:kernel]
2026/05/19 15:02:55.162229 [info] kernel.evaluate.fixpoint | fields=map[duration_ms:1360 operation:evaluate.fixpoint system:kernel]
2026/05/19 15:02:55.162229 [info] kernel.evaluate | fields=map[duration_ms:1364 operation:evaluate system:kernel]
2026/05/19 15:02:55.162229 [info] kernel.Query | fields=map[duration_ms:280 operation:Query system:kernel]
2026/05/19 15:02:55.162229 [info] kernel.Query | fields=map[duration_ms:1364 operation:Query system:kernel]
2026/05/19 15:02:56.521837 [info] kernel.evaluate.fixpoint | fields=map[duration_ms:1355 operation:evaluate.fixpoint system:kernel]
2026/05/19 15:02:56.521837 [info] kernel.evaluate | fields=map[duration_ms:1358 operation:evaluate system:kernel]
2026/05/19 15:02:56.521837 [info] kernel.Query | fields=map[duration_ms:1359 operation:Query system:kernel]
2026/05/19 15:02:57.915971 [info] kernel.evaluate.fixpoint | fields=map[duration_ms:1389 operation:evaluate.fixpoint system:kernel]
2026/05/19 15:02:57.915971 [info] kernel.evaluate | fields=map[duration_ms:1394 operation:evaluate system:kernel]
2026/05/19 15:02:57.915971 [info] kernel.Query | fields=map[duration_ms:0 operation:Query system:kernel]
2026/05/19 15:02:57.915971 [info] kernel.Query | fields=map[duration_ms:1394 operation:Query system:kernel]
2026/05/19 15:02:57.915971 [info] kernel.Query | fields=map[duration_ms:1034 operation:Query system:kernel]
2026/05/19 15:02:59.262985 [info] kernel.evaluate.fixpoint | fields=map[duration_ms:1343 operation:evaluate.fixpoint system:kernel]
2026/05/19 15:02:59.262985 [info] kernel.evaluate | fields=map[duration_ms:1346 operation:evaluate system:kernel]
2026/05/19 15:02:59.262985 [info] kernel.Query | fields=map[duration_ms:381 operation:Query system:kernel]
2026/05/19 15:02:59.262985 [info] kernel.Query | fields=map[duration_ms:1347 operation:Query system:kernel]
2026/05/19 15:02:59.262985 [info] kernel.Query | fields=map[duration_ms:1347 operation:Query system:kernel]
2026/05/19 15:03:00.595971 [info] kernel.evaluate.fixpoint | fields=map[duration_ms:1329 operation:evaluate.fixpoint system:kernel]
2026/05/19 15:03:00.595971 [info] kernel.evaluate | fields=map[duration_ms:1332 operation:evaluate system:kernel]
2026/05/19 15:03:01.900683 [info] kernel.evaluate.fixpoint | fields=map[duration_ms:1301 operation:evaluate.fixpoint system:kernel]
2026/05/19 15:03:01.900683 [info] kernel.evaluate | fields=map[duration_ms:1304 operation:evaluate system:kernel]
2026/05/19 15:03:01.900683 [info] kernel.Query | fields=map[duration_ms:0 operation:Query system:kernel]
2026/05/19 15:03:01.900683 [info] kernel.Query | fields=map[duration_ms:1018 operation:Query system:kernel]
2026/05/19 15:03:03.221064 [info] kernel.evaluate.fixpoint | fields=map[duration_ms:1315 operation:evaluate.fixpoint system:kernel]
2026/05/19 15:03:03.221064 [info] kernel.evaluate | fields=map[duration_ms:1319 operation:evaluate system:kernel]
2026/05/19 15:03:03.221064 [info] kernel.Query | fields=map[duration_ms:1320 operation:Query system:kernel]
2026/05/19 15:03:03.221064 [info] kernel.Query | fields=map[duration_ms:339 operation:Query system:kernel]
2026/05/19 15:03:04.597542 [info] kernel.evaluate.fixpoint | fields=map[duration_ms:1372 operation:evaluate.fixpoint system:kernel]
2026/05/19 15:03:04.597542 [info] kernel.evaluate | fields=map[duration_ms:1376 operation:evaluate system:kernel]
2026/05/19 15:03:05.927039 [info] kernel.evaluate.fixpoint | fields=map[duration_ms:1325 operation:evaluate.fixpoint system:kernel]
2026/05/19 15:03:05.927039 [info] kernel.evaluate | fields=map[duration_ms:1329 operation:evaluate system:kernel]
2026/05/19 15:03:05.927039 [info] kernel.Query | fields=map[duration_ms:1045 operation:Query system:kernel]
2026/05/19 15:03:07.494330 [info] kernel.evaluate.fixpoint | fields=map[duration_ms:1562 operation:evaluate.fixpoint system:kernel]
2026/05/19 15:03:07.494330 [info] kernel.evaluate | fields=map[duration_ms:1566 operation:evaluate system:kernel]
2026/05/19 15:03:07.494330 [info] kernel.Query | fields=map[duration_ms:1567 operation:Query system:kernel]
2026/05/19 15:03:07.494330 [info] kernel.Query | fields=map[duration_ms:612 operation:Query system:kernel]
2026/05/19 15:03:09.047312 [info] kernel.evaluate.fixpoint | fields=map[duration_ms:1549 operation:evaluate.fixpoint system:kernel]
2026/05/19 15:03:09.047312 [info] kernel.evaluate | fields=map[duration_ms:1552 operation:evaluate system:kernel]
2026/05/19 15:03:09.047312 [info] kernel.Query | fields=map[duration_ms:165 operation:Query system:kernel]
2026/05/19 15:03:09.047312 [info] kernel.Query | fields=map[duration_ms:1552 operation:Query system:kernel]
2026/05/19 15:03:09.047312 [info] kernel.Query | fields=map[duration_ms:1552 operation:Query system:kernel]
2026/05/19 15:03:10.569395 [info] kernel.evaluate.fixpoint | fields=map[duration_ms:1518 operation:evaluate.fixpoint system:kernel]
2026/05/19 15:03:10.569395 [info] kernel.evaluate | fields=map[duration_ms:1522 operation:evaluate system:kernel]
2026/05/19 15:03:10.569395 [info] kernel.Query | fields=map[duration_ms:1522 operation:Query system:kernel]
2026/05/19 15:03:10.569395 [info] kernel.Query | fields=map[duration_ms:1522 operation:Query system:kernel]
2026/05/19 15:03:12.068811 [info] kernel.evaluate.fixpoint | fields=map[duration_ms:1495 operation:evaluate.fixpoint system:kernel]
2026/05/19 15:03:12.068811 [info] kernel.evaluate | fields=map[duration_ms:1499 operation:evaluate system:kernel]
2026/05/19 15:03:12.068811 [info] kernel.Query | fields=map[duration_ms:1499 operation:Query system:kernel]
2026/05/19 15:03:12.068811 [info] kernel.Query | fields=map[duration_ms:1186 operation:Query system:kernel]
2026/05/19 15:03:13.632523 [info] kernel.evaluate.fixpoint | fields=map[duration_ms:1560 operation:evaluate.fixpoint system:kernel]
2026/05/19 15:03:13.632523 [info] kernel.evaluate | fields=map[duration_ms:1563 operation:evaluate system:kernel]
2026/05/19 15:03:13.632523 [info] kernel.Query | fields=map[duration_ms:1563 operation:Query system:kernel]
2026/05/19 15:03:13.632523 [info] kernel.Query | fields=map[duration_ms:750 operation:Query system:kernel]
2026/05/19 15:03:15.172422 [info] kernel.evaluate.fixpoint | fields=map[duration_ms:1536 operation:evaluate.fixpoint system:kernel]
2026/05/19 15:03:15.172422 [info] kernel.evaluate | fields=map[duration_ms:1539 operation:evaluate system:kernel]
2026/05/19 15:03:15.172422 [info] kernel.Query | fields=map[duration_ms:0 operation:Query system:kernel]
2026/05/19 15:03:15.172422 [info] kernel.Query | fields=map[duration_ms:1539 operation:Query system:kernel]
2026/05/19 15:03:15.172422 [info] kernel.Query | fields=map[duration_ms:290 operation:Query system:kernel]
2026/05/19 15:03:16.678725 [info] kernel.evaluate.fixpoint | fields=map[duration_ms:1494 operation:evaluate.fixpoint system:kernel]
2026/05/19 15:03:16.678725 [info] kernel.evaluate | fields=map[duration_ms:1506 operation:evaluate system:kernel]
2026/05/19 15:03:16.678725 [info] kernel.Query | fields=map[duration_ms:1506 operation:Query system:kernel]
2026/05/19 15:03:16.678725 [info] kernel.Query | fields=map[duration_ms:1506 operation:Query system:kernel]
2026/05/19 15:03:18.253821 [info] kernel.evaluate.fixpoint | fields=map[duration_ms:1571 operation:evaluate.fixpoint system:kernel]
2026/05/19 15:03:18.253821 [info] kernel.evaluate | fields=map[duration_ms:1575 operation:evaluate system:kernel]
2026/05/19 15:03:18.253821 [info] kernel.Query | fields=map[duration_ms:1575 operation:Query system:kernel]
2026/05/19 15:03:18.253821 [info] kernel.Query | fields=map[duration_ms:1371 operation:Query system:kernel]
2026/05/19 15:03:18.685553 [info] store.ListLearningEmbeddingCandidates | fields=map[duration_ms:0 operation:ListLearningEmbeddingCandidates system:store]
2026/05/19 15:03:18.685553 [info] store.ListLearningEmbeddingCandidates | fields=map[duration_ms:0 operation:ListLearningEmbeddingCandidates system:store]
2026/05/19 15:03:18.686562 [info] store.ListLearningEmbeddingCandidates | fields=map[duration_ms:1 operation:ListLearningEmbeddingCandidates system:store]
2026/05/19 15:03:18.686562 [info] store.ListLearningEmbeddingCandidates | fields=map[duration_ms:0 operation:ListLearningEmbeddingCandidates system:store]
2026/05/19 15:03:18.686562 [info] store.ListLearningEmbeddingCandidates | fields=map[duration_ms:0 operation:ListLearningEmbeddingCandidates system:store]
2026/05/19 15:03:18.687561 [info] store.ListLearningEmbeddingCandidates | fields=map[duration_ms:0 operation:ListLearningEmbeddingCandidates system:store]
2026/05/19 15:03:18.687561 [info] store.ListLearningEmbeddingCandidates | fields=map[duration_ms:0 operation:ListLearningEmbeddingCandidates system:store]
2026/05/19 15:03:19.814494 [info] kernel.evaluate.fixpoint | fields=map[duration_ms:1557 operation:evaluate.fixpoint system:kernel]
2026/05/19 15:03:19.814494 [info] kernel.evaluate | fields=map[duration_ms:1560 operation:evaluate system:kernel]
2026/05/19 15:03:19.814494 [info] kernel.Query | fields=map[duration_ms:1560 operation:Query system:kernel]
2026/05/19 15:03:19.814494 [info] kernel.Query | fields=map[duration_ms:932 operation:Query system:kernel]
2026/05/19 15:03:21.378952 [info] kernel.evaluate.fixpoint | fields=map[duration_ms:1561 operation:evaluate.fixpoint system:kernel]
2026/05/19 15:03:21.378952 [info] kernel.evaluate | fields=map[duration_ms:1564 operation:evaluate system:kernel]
2026/05/19 15:03:21.378952 [info] kernel.Query | fields=map[duration_ms:1564 operation:Query system:kernel]
2026/05/19 15:03:21.378952 [info] kernel.Query | fields=map[duration_ms:0 operation:Query system:kernel]
2026/05/19 15:03:21.378952 [info] kernel.Query | fields=map[duration_ms:497 operation:Query system:kernel]
2026/05/19 15:03:22.858122 [info] kernel.evaluate.fixpoint | fields=map[duration_ms:1475 operation:evaluate.fixpoint system:kernel]
2026/05/19 15:03:22.858638 [info] kernel.evaluate | fields=map[duration_ms:1479 operation:evaluate system:kernel]
2026/05/19 15:03:22.858638 [info] kernel.Query | fields=map[duration_ms:1479 operation:Query system:kernel]
2026/05/19 15:03:22.858638 [info] kernel.Query | fields=map[duration_ms:1479 operation:Query system:kernel]
2026/05/19 15:03:24.391794 [info] kernel.evaluate.fixpoint | fields=map[duration_ms:1530 operation:evaluate.fixpoint system:kernel]
2026/05/19 15:03:24.391794 [info] kernel.evaluate | fields=map[duration_ms:1533 operation:evaluate system:kernel]
2026/05/19 15:03:24.391794 [info] kernel.Query | fields=map[duration_ms:1509 operation:Query system:kernel]
2026/05/19 15:03:24.391794 [info] kernel.Query | fields=map[duration_ms:1533 operation:Query system:kernel]
2026/05/19 15:03:25.913801 [info] kernel.evaluate.fixpoint | fields=map[duration_ms:1518 operation:evaluate.fixpoint system:kernel]
2026/05/19 15:03:25.913801 [info] kernel.evaluate | fields=map[duration_ms:1522 operation:evaluate system:kernel]
2026/05/19 15:03:25.913801 [info] kernel.Query | fields=map[duration_ms:1522 operation:Query system:kernel]
2026/05/19 15:03:25.913801 [info] kernel.Query | fields=map[duration_ms:1032 operation:Query system:kernel]
2026/05/19 15:03:27.442525 [info] kernel.evaluate.fixpoint | fields=map[duration_ms:1526 operation:evaluate.fixpoint system:kernel]
2026/05/19 15:03:27.442525 [info] kernel.evaluate | fields=map[duration_ms:1528 operation:evaluate system:kernel]
2026/05/19 15:03:27.442525 [info] kernel.Query | fields=map[duration_ms:0 operation:Query system:kernel]
2026/05/19 15:03:27.442525 [info] kernel.Query | fields=map[duration_ms:561 operation:Query system:kernel]
2026/05/19 15:03:29.019837 [info] kernel.evaluate.fixpoint | fields=map[duration_ms:1573 operation:evaluate.fixpoint system:kernel]
2026/05/19 15:03:29.019837 [info] kernel.evaluate | fields=map[duration_ms:1577 operation:evaluate system:kernel]
2026/05/19 15:03:29.019837 [info] kernel.Query | fields=map[duration_ms:138 operation:Query system:kernel]
2026/05/19 15:03:29.019837 [info] kernel.Query | fields=map[duration_ms:1577 operation:Query system:kernel]
2026/05/19 15:03:30.537809 [info] kernel.evaluate.fixpoint | fields=map[duration_ms:1513 operation:evaluate.fixpoint system:kernel]
2026/05/19 15:03:30.537809 [info] kernel.evaluate | fields=map[duration_ms:1517 operation:evaluate system:kernel]
2026/05/19 15:03:32.091634 [info] kernel.evaluate.fixpoint | fields=map[duration_ms:1550 operation:evaluate.fixpoint system:kernel]
2026/05/19 15:03:32.091634 [info] kernel.evaluate | fields=map[duration_ms:1553 operation:evaluate system:kernel]
2026/05/19 15:03:32.091634 [info] kernel.Query | fields=map[duration_ms:1209 operation:Query system:kernel]
2026/05/19 15:03:33.637482 [info] kernel.evaluate.fixpoint | fields=map[duration_ms:1541 operation:evaluate.fixpoint system:kernel]
2026/05/19 15:03:33.637482 [info] kernel.evaluate | fields=map[duration_ms:1545 operation:evaluate system:kernel]
2026/05/19 15:03:33.638000 [info] kernel.Query | fields=map[duration_ms:1545 operation:Query system:kernel]
2026/05/19 15:03:33.638000 [info] kernel.Query | fields=map[duration_ms:755 operation:Query system:kernel]
2026/05/19 15:03:35.236173 [info] kernel.evaluate.fixpoint | fields=map[duration_ms:1594 operation:evaluate.fixpoint system:kernel]
2026/05/19 15:03:35.236173 [info] kernel.evaluate | fields=map[duration_ms:1598 operation:evaluate system:kernel]
2026/05/19 15:03:35.236173 [info] kernel.Query | fields=map[duration_ms:0 operation:Query system:kernel]
2026/05/19 15:03:35.236173 [info] kernel.Query | fields=map[duration_ms:1598 operation:Query system:kernel]
2026/05/19 15:03:35.236173 [info] kernel.Query | fields=map[duration_ms:354 operation:Query system:kernel]
2026/05/19 15:03:36.851792 [info] kernel.evaluate.fixpoint | fields=map[duration_ms:1611 operation:evaluate.fixpoint system:kernel]
2026/05/19 15:03:36.851792 [info] kernel.evaluate | fields=map[duration_ms:1615 operation:evaluate system:kernel]
2026/05/19 15:03:36.851792 [info] kernel.Query | fields=map[duration_ms:1615 operation:Query system:kernel]
2026/05/19 15:03:38.401678 [info] kernel.evaluate.fixpoint | fields=map[duration_ms:1546 operation:evaluate.fixpoint system:kernel]
2026/05/19 15:03:38.401678 [info] kernel.evaluate | fields=map[duration_ms:1549 operation:evaluate system:kernel]
2026/05/19 15:03:38.401678 [info] kernel.Query | fields=map[duration_ms:1549 operation:Query system:kernel]
2026/05/19 15:03:38.401678 [info] kernel.Query | fields=map[duration_ms:1519 operation:Query system:kernel]
2026/05/19 15:03:39.949786 [info] kernel.evaluate.fixpoint | fields=map[duration_ms:1543 operation:evaluate.fixpoint system:kernel]
2026/05/19 15:03:39.949786 [info] kernel.evaluate | fields=map[duration_ms:1548 operation:evaluate system:kernel]
2026/05/19 15:03:39.949786 [info] kernel.Query | fields=map[duration_ms:0 operation:Query system:kernel]
2026/05/19 15:03:39.949786 [info] kernel.Query | fields=map[duration_ms:0 operation:Query system:kernel]
2026/05/19 15:03:39.949786 [info] kernel.Query | fields=map[duration_ms:1068 operation:Query system:kernel]
2026/05/19 15:03:39.949786 [info] kernel.Query | fields=map[duration_ms:1548 operation:Query system:kernel]
2026/05/19 15:03:41.557349 [info] kernel.evaluate.fixpoint | fields=map[duration_ms:1604 operation:evaluate.fixpoint system:kernel]
2026/05/19 15:03:41.557349 [info] kernel.evaluate | fields=map[duration_ms:1607 operation:evaluate system:kernel]
2026/05/19 15:03:41.557349 [info] kernel.Query | fields=map[duration_ms:1607 operation:Query system:kernel]
2026/05/19 15:03:41.557349 [info] kernel.Query | fields=map[duration_ms:675 operation:Query system:kernel]
2026/05/19 15:03:43.101840 [info] kernel.evaluate.fixpoint | fields=map[duration_ms:1540 operation:evaluate.fixpoint system:kernel]
2026/05/19 15:03:43.103292 [info] kernel.evaluate | fields=map[duration_ms:1545 operation:evaluate system:kernel]
2026/05/19 15:03:43.103292 [info] kernel.Query | fields=map[duration_ms:1545 operation:Query system:kernel]
2026/05/19 15:03:43.103292 [info] kernel.Query | fields=map[duration_ms:221 operation:Query system:kernel]
2026/05/19 15:03:44.740768 [info] kernel.evaluate.fixpoint | fields=map[duration_ms:1633 operation:evaluate.fixpoint system:kernel]
2026/05/19 15:03:44.740768 [info] kernel.evaluate | fields=map[duration_ms:1637 operation:evaluate system:kernel]
2026/05/19 15:03:44.740768 [info] kernel.Query | fields=map[duration_ms:0 operation:Query system:kernel]
2026/05/19 15:03:44.740768 [info] kernel.Query | fields=map[duration_ms:1637 operation:Query system:kernel]
2026/05/19 15:03:46.265407 [info] kernel.evaluate.fixpoint | fields=map[duration_ms:1522 operation:evaluate.fixpoint system:kernel]
2026/05/19 15:03:46.265407 [info] kernel.evaluate | fields=map[duration_ms:1524 operation:evaluate system:kernel]
2026/05/19 15:03:46.265407 [info] kernel.Query | fields=map[duration_ms:1524 operation:Query system:kernel]
2026/05/19 15:03:46.265407 [info] kernel.Query | fields=map[duration_ms:1383 operation:Query system:kernel]
2026/05/19 15:03:46.265407 [info] kernel.Query | fields=map[duration_ms:1524 operation:Query system:kernel]
2026/05/19 15:03:47.815616 [info] kernel.evaluate.fixpoint | fields=map[duration_ms:1547 operation:evaluate.fixpoint system:kernel]
2026/05/19 15:03:47.815616 [info] kernel.evaluate | fields=map[duration_ms:1550 operation:evaluate system:kernel]
2026/05/19 15:03:47.815616 [info] kernel.Query | fields=map[duration_ms:1550 operation:Query system:kernel]
2026/05/19 15:03:47.815616 [info] kernel.Query | fields=map[duration_ms:934 operation:Query system:kernel]
2026/05/19 15:03:49.502025 [info] kernel.evaluate.fixpoint | fields=map[duration_ms:1680 operation:evaluate.fixpoint system:kernel]
2026/05/19 15:03:49.502025 [info] kernel.evaluate | fields=map[duration_ms:1686 operation:evaluate system:kernel]
2026/05/19 15:03:49.502025 [info] kernel.Query | fields=map[duration_ms:1686 operation:Query system:kernel]
2026/05/19 15:03:49.502025 [info] kernel.Query | fields=map[duration_ms:620 operation:Query system:kernel]
2026/05/19 15:03:51.085261 [info] kernel.evaluate.fixpoint | fields=map[duration_ms:1581 operation:evaluate.fixpoint system:kernel]
2026/05/19 15:03:51.085261 [info] kernel.evaluate | fields=map[duration_ms:1583 operation:evaluate system:kernel]
2026/05/19 15:03:51.086278 [info] kernel.Query | fields=map[duration_ms:1 operation:Query system:kernel]
2026/05/19 15:03:51.086278 [info] kernel.Query | fields=map[duration_ms:1584 operation:Query system:kernel]
2026/05/19 15:03:51.086278 [info] kernel.Query | fields=map[duration_ms:204 operation:Query system:kernel]
2026/05/19 15:03:52.636047 [info] kernel.evaluate.fixpoint | fields=map[duration_ms:1546 operation:evaluate.fixpoint system:kernel]
2026/05/19 15:03:52.636591 [info] kernel.evaluate | fields=map[duration_ms:1550 operation:evaluate system:kernel]
2026/05/19 15:03:52.636591 [info] kernel.Query | fields=map[duration_ms:1550 operation:Query system:kernel]
2026/05/19 15:03:52.636591 [info] kernel.Query | fields=map[duration_ms:1550 operation:Query system:kernel]
2026/05/19 15:03:54.137200 [info] kernel.evaluate.fixpoint | fields=map[duration_ms:1497 operation:evaluate.fixpoint system:kernel]
2026/05/19 15:03:54.137200 [info] kernel.evaluate | fields=map[duration_ms:1500 operation:evaluate system:kernel]
2026/05/19 15:03:54.137200 [info] kernel.Query | fields=map[duration_ms:1500 operation:Query system:kernel]
2026/05/19 15:03:54.137200 [info] kernel.Query | fields=map[duration_ms:1255 operation:Query system:kernel]
2026/05/19 15:03:55.639279 [info] kernel.evaluate.fixpoint | fields=map[duration_ms:1496 operation:evaluate.fixpoint system:kernel]
2026/05/19 15:03:55.639279 [info] kernel.evaluate | fields=map[duration_ms:1502 operation:evaluate system:kernel]
2026/05/19 15:03:55.640286 [info] kernel.Query | fields=map[duration_ms:0 operation:Query system:kernel]
2026/05/19 15:03:55.640286 [info] kernel.Query | fields=map[duration_ms:758 operation:Query system:kernel]
2026/05/19 15:03:57.126972 [info] kernel.evaluate.fixpoint | fields=map[duration_ms:1479 operation:evaluate.fixpoint system:kernel]
2026/05/19 15:03:57.126972 [info] kernel.evaluate | fields=map[duration_ms:1486 operation:evaluate system:kernel]
2026/05/19 15:03:57.126972 [info] kernel.Query | fields=map[duration_ms:245 operation:Query system:kernel]
2026/05/19 15:03:57.126972 [info] kernel.Query | fields=map[duration_ms:1486 operation:Query system:kernel]
2026/05/19 15:03:58.645762 [info] kernel.evaluate.fixpoint | fields=map[duration_ms:1515 operation:evaluate.fixpoint system:kernel]
2026/05/19 15:03:58.645762 [info] kernel.evaluate | fields=map[duration_ms:1518 operation:evaluate system:kernel]
2026/05/19 15:04:00.193068 [info] kernel.evaluate.fixpoint | fields=map[duration_ms:1543 operation:evaluate.fixpoint system:kernel]
2026/05/19 15:04:00.193068 [info] kernel.evaluate | fields=map[duration_ms:1547 operation:evaluate system:kernel]
2026/05/19 15:04:00.193068 [info] kernel.Query | fields=map[duration_ms:1311 operation:Query system:kernel]
2026/05/19 15:04:01.725733 [info] kernel.evaluate.fixpoint | fields=map[duration_ms:1530 operation:evaluate.fixpoint system:kernel]
2026/05/19 15:04:01.725733 [info] kernel.evaluate | fields=map[duration_ms:1532 operation:evaluate system:kernel]
2026/05/19 15:04:01.725733 [info] kernel.Query | fields=map[duration_ms:1532 operation:Query system:kernel]
2026/05/19 15:04:01.725733 [info] kernel.Query | fields=map[duration_ms:844 operation:Query system:kernel]
2026/05/19 15:04:03.290537 [info] kernel.evaluate.fixpoint | fields=map[duration_ms:1560 operation:evaluate.fixpoint system:kernel]
2026/05/19 15:04:03.290537 [info] kernel.evaluate | fields=map[duration_ms:1564 operation:evaluate system:kernel]
2026/05/19 15:04:03.290537 [info] kernel.Query | fields=map[duration_ms:0 operation:Query system:kernel]
2026/05/19 15:04:03.290537 [info] kernel.Query | fields=map[duration_ms:1564 operation:Query system:kernel]
2026/05/19 15:04:03.290537 [info] kernel.Query | fields=map[duration_ms:408 operation:Query system:kernel]
2026/05/19 15:04:03.685703 [info] store.ListLearningEmbeddingCandidates | fields=map[duration_ms:1 operation:ListLearningEmbeddingCandidates system:store]
2026/05/19 15:04:03.685703 [info] store.ListLearningEmbeddingCandidates | fields=map[duration_ms:0 operation:ListLearningEmbeddingCandidates system:store]
2026/05/19 15:04:03.685703 [info] store.ListLearningEmbeddingCandidates | fields=map[duration_ms:0 operation:ListLearningEmbeddingCandidates system:store]
2026/05/19 15:04:03.686705 [info] store.ListLearningEmbeddingCandidates | fields=map[duration_ms:1 operation:ListLearningEmbeddingCandidates system:store]
2026/05/19 15:04:03.686705 [info] store.ListLearningEmbeddingCandidates | fields=map[duration_ms:0 operation:ListLearningEmbeddingCandidates system:store]
2026/05/19 15:04:03.686705 [info] store.ListLearningEmbeddingCandidates | fields=map[duration_ms:0 operation:ListLearningEmbeddingCandidates system:store]
2026/05/19 15:04:03.686705 [info] store.ListLearningEmbeddingCandidates | fields=map[duration_ms:0 operation:ListLearningEmbeddingCandidates system:store]
2026/05/19 15:04:04.890926 [info] kernel.evaluate.fixpoint | fields=map[duration_ms:1596 operation:evaluate.fixpoint system:kernel]
2026/05/19 15:04:04.890926 [info] kernel.evaluate | fields=map[duration_ms:1599 operation:evaluate system:kernel]
2026/05/19 15:04:04.890926 [info] kernel.Query | fields=map[duration_ms:9 operation:Query system:kernel]
2026/05/19 15:04:04.891441 [info] kernel.Query | fields=map[duration_ms:1600 operation:Query system:kernel]
2026/05/19 15:04:06.534779 [info] kernel.evaluate.fixpoint | fields=map[duration_ms:1639 operation:evaluate.fixpoint system:kernel]
2026/05/19 15:04:06.534779 [info] kernel.evaluate | fields=map[duration_ms:1643 operation:evaluate system:kernel]
2026/05/19 15:04:06.534779 [info] kernel.Query | fields=map[duration_ms:1643 operation:Query system:kernel]
2026/05/19 15:04:08.125652 [info] kernel.evaluate.fixpoint | fields=map[duration_ms:1586 operation:evaluate.fixpoint system:kernel]
2026/05/19 15:04:08.125652 [info] kernel.evaluate | fields=map[duration_ms:1590 operation:evaluate system:kernel]
2026/05/19 15:04:08.125652 [info] kernel.Query | fields=map[duration_ms:0 operation:Query system:kernel]
2026/05/19 15:04:08.125652 [info] kernel.Query | fields=map[duration_ms:1590 operation:Query system:kernel]
2026/05/19 15:04:08.125652 [info] kernel.Query | fields=map[duration_ms:1244 operation:Query system:kernel]
2026/05/19 15:04:09.670780 [info] kernel.evaluate.fixpoint | fields=map[duration_ms:1540 operation:evaluate.fixpoint system:kernel]
2026/05/19 15:04:09.670780 [info] kernel.evaluate | fields=map[duration_ms:1545 operation:evaluate system:kernel]
2026/05/19 15:04:09.670780 [info] kernel.Query | fields=map[duration_ms:1545 operation:Query system:kernel]
2026/05/19 15:04:09.670780 [info] kernel.Query | fields=map[duration_ms:789 operation:Query system:kernel]
2026/05/19 15:04:09.670780 [info] kernel.Query | fields=map[duration_ms:1545 operation:Query system:kernel]
2026/05/19 15:04:11.212083 [info] kernel.evaluate.fixpoint | fields=map[duration_ms:1538 operation:evaluate.fixpoint system:kernel]
2026/05/19 15:04:11.212083 [info] kernel.evaluate | fields=map[duration_ms:1541 operation:evaluate system:kernel]
2026/05/19 15:04:11.212083 [info] kernel.Query | fields=map[duration_ms:1541 operation:Query system:kernel]
2026/05/19 15:04:11.212083 [info] kernel.Query | fields=map[duration_ms:326 operation:Query system:kernel]
2026/05/19 15:04:12.728555 [info] kernel.evaluate.fixpoint | fields=map[duration_ms:1511 operation:evaluate.fixpoint system:kernel]
2026/05/19 15:04:12.728555 [info] kernel.evaluate | fields=map[duration_ms:1516 operation:evaluate system:kernel]
2026/05/19 15:04:12.728555 [info] kernel.Query | fields=map[duration_ms:1516 operation:Query system:kernel]
2026/05/19 15:04:14.287504 [info] kernel.evaluate.fixpoint | fields=map[duration_ms:1553 operation:evaluate.fixpoint system:kernel]
2026/05/19 15:04:14.287504 [info] kernel.evaluate | fields=map[duration_ms:1558 operation:evaluate system:kernel]
2026/05/19 15:04:14.287504 [info] kernel.Query | fields=map[duration_ms:0 operation:Query system:kernel]
2026/05/19 15:04:14.287504 [info] kernel.Query | fields=map[duration_ms:1558 operation:Query system:kernel]
2026/05/19 15:04:14.287504 [info] kernel.Query | fields=map[duration_ms:1405 operation:Query system:kernel]
2026/05/19 15:04:15.764028 [info] kernel.evaluate.fixpoint | fields=map[duration_ms:1472 operation:evaluate.fixpoint system:kernel]
2026/05/19 15:04:15.764028 [info] kernel.evaluate | fields=map[duration_ms:1476 operation:evaluate system:kernel]
2026/05/19 15:04:15.764028 [info] kernel.Query | fields=map[duration_ms:882 operation:Query system:kernel]
2026/05/19 15:04:15.764028 [info] kernel.Query | fields=map[duration_ms:1476 operation:Query system:kernel]
2026/05/19 15:04:15.764028 [info] kernel.Query | fields=map[duration_ms:1476 operation:Query system:kernel]
2026/05/19 15:04:17.219171 [info] kernel.evaluate.fixpoint | fields=map[duration_ms:1451 operation:evaluate.fixpoint system:kernel]
2026/05/19 15:04:17.219171 [info] kernel.evaluate | fields=map[duration_ms:1455 operation:evaluate system:kernel]
2026/05/19 15:04:17.219171 [info] kernel.Query | fields=map[duration_ms:1455 operation:Query system:kernel]
2026/05/19 15:04:17.219171 [info] kernel.Query | fields=map[duration_ms:337 operation:Query system:kernel]
2026/05/19 15:04:18.734002 [info] kernel.evaluate.fixpoint | fields=map[duration_ms:1511 operation:evaluate.fixpoint system:kernel]
2026/05/19 15:04:18.734002 [info] kernel.evaluate | fields=map[duration_ms:1514 operation:evaluate system:kernel]
2026/05/19 15:04:18.734002 [info] kernel.Query | fields=map[duration_ms:1514 operation:Query system:kernel]
2026/05/19 15:04:20.303044 [info] kernel.evaluate.fixpoint | fields=map[duration_ms:1562 operation:evaluate.fixpoint system:kernel]
2026/05/19 15:04:20.303044 [info] kernel.evaluate | fields=map[duration_ms:1567 operation:evaluate system:kernel]
2026/05/19 15:04:20.303044 [info] kernel.Query | fields=map[duration_ms:0 operation:Query system:kernel]
2026/05/19 15:04:20.303044 [info] kernel.Query | fields=map[duration_ms:1567 operation:Query system:kernel]
2026/05/19 15:04:20.303044 [info] kernel.Query | fields=map[duration_ms:1421 operation:Query system:kernel]
2026/05/19 15:04:21.850533 [info] kernel.evaluate.fixpoint | fields=map[duration_ms:1543 operation:evaluate.fixpoint system:kernel]
2026/05/19 15:04:21.850533 [info] kernel.evaluate | fields=map[duration_ms:1547 operation:evaluate system:kernel]
2026/05/19 15:04:21.851574 [info] kernel.Query | fields=map[duration_ms:970 operation:Query system:kernel]
2026/05/19 15:04:21.851574 [info] kernel.Query | fields=map[duration_ms:1547 operation:Query system:kernel]
2026/05/19 15:04:21.851574 [info] kernel.Query | fields=map[duration_ms:1548 operation:Query system:kernel]
2026/05/19 15:04:23.400596 [info] kernel.evaluate.fixpoint | fields=map[duration_ms:1545 operation:evaluate.fixpoint system:kernel]
2026/05/19 15:04:23.400596 [info] kernel.evaluate | fields=map[duration_ms:1549 operation:evaluate system:kernel]
2026/05/19 15:04:23.400596 [info] kernel.Query | fields=map[duration_ms:518 operation:Query system:kernel]
2026/05/19 15:04:24.865264 [info] kernel.evaluate.fixpoint | fields=map[duration_ms:1458 operation:evaluate.fixpoint system:kernel]
2026/05/19 15:04:24.865264 [info] kernel.evaluate | fields=map[duration_ms:1464 operation:evaluate system:kernel]
2026/05/19 15:04:26.363509 [info] kernel.evaluate.fixpoint | fields=map[duration_ms:1490 operation:evaluate.fixpoint system:kernel]
2026/05/19 15:04:26.363509 [info] kernel.evaluate | fields=map[duration_ms:1498 operation:evaluate system:kernel]
2026/05/19 15:04:26.363509 [info] kernel.Query | fields=map[duration_ms:1482 operation:Query system:kernel]
2026/05/19 15:04:26.363509 [info] kernel.Query | fields=map[duration_ms:0 operation:Query system:kernel]
2026/05/19 15:04:27.817428 [info] kernel.evaluate.fixpoint | fields=map[duration_ms:1450 operation:evaluate.fixpoint system:kernel]
2026/05/19 15:04:27.817428 [info] kernel.evaluate | fields=map[duration_ms:1452 operation:evaluate system:kernel]
2026/05/19 15:04:27.817428 [info] kernel.Query | fields=map[duration_ms:1453 operation:Query system:kernel]
2026/05/19 15:04:27.817428 [info] kernel.Query | fields=map[duration_ms:935 operation:Query system:kernel]
2026/05/19 15:04:29.354396 [info] kernel.evaluate.fixpoint | fields=map[duration_ms:1530 operation:evaluate.fixpoint system:kernel]
2026/05/19 15:04:29.354396 [info] kernel.evaluate | fields=map[duration_ms:1536 operation:evaluate system:kernel]
2026/05/19 15:04:29.354396 [info] kernel.Query | fields=map[duration_ms:472 operation:Query system:kernel]
2026/05/19 15:04:30.867992 [info] kernel.evaluate.fixpoint | fields=map[duration_ms:1509 operation:evaluate.fixpoint system:kernel]
2026/05/19 15:04:30.867992 [info] kernel.evaluate | fields=map[duration_ms:1512 operation:evaluate system:kernel]
2026/05/19 15:04:32.394124 [info] kernel.evaluate.fixpoint | fields=map[duration_ms:1522 operation:evaluate.fixpoint system:kernel]
2026/05/19 15:04:32.394124 [info] kernel.evaluate | fields=map[duration_ms:1526 operation:evaluate system:kernel]
2026/05/19 15:04:32.394124 [info] kernel.Query | fields=map[duration_ms:1526 operation:Query system:kernel]
2026/05/19 15:04:32.394124 [info] kernel.Query | fields=map[duration_ms:1512 operation:Query system:kernel]
2026/05/19 15:04:33.959634 [info] kernel.evaluate.fixpoint | fields=map[duration_ms:1562 operation:evaluate.fixpoint system:kernel]
2026/05/19 15:04:33.959634 [info] kernel.evaluate | fields=map[duration_ms:1565 operation:evaluate system:kernel]
2026/05/19 15:04:33.959634 [info] kernel.Query | fields=map[duration_ms:1565 operation:Query system:kernel]
2026/05/19 15:04:33.959634 [info] kernel.Query | fields=map[duration_ms:1077 operation:Query system:kernel]
2026/05/19 15:04:33.959634 [info] kernel.Query | fields=map[duration_ms:1565 operation:Query system:kernel]
2026/05/19 15:04:35.570281 [info] kernel.evaluate.fixpoint | fields=map[duration_ms:1607 operation:evaluate.fixpoint system:kernel]
2026/05/19 15:04:35.570281 [info] kernel.evaluate | fields=map[duration_ms:1610 operation:evaluate system:kernel]
2026/05/19 15:04:35.570281 [info] kernel.Query | fields=map[duration_ms:1610 operation:Query system:kernel]
2026/05/19 15:04:35.570281 [info] kernel.Query | fields=map[duration_ms:688 operation:Query system:kernel]
2026/05/19 15:04:35.570281 [info] kernel.Query | fields=map[duration_ms:1610 operation:Query system:kernel]
2026/05/19 15:04:37.324197 [info] kernel.evaluate.fixpoint | fields=map[duration_ms:1750 operation:evaluate.fixpoint system:kernel]
2026/05/19 15:04:37.324197 [info] kernel.evaluate | fields=map[duration_ms:1753 operation:evaluate system:kernel]
2026/05/19 15:04:37.324197 [info] kernel.Query | fields=map[duration_ms:1753 operation:Query system:kernel]
2026/05/19 15:04:37.325204 [info] kernel.Query | fields=map[duration_ms:442 operation:Query system:kernel]
2026/05/19 15:04:38.874555 [info] kernel.evaluate.fixpoint | fields=map[duration_ms:1546 operation:evaluate.fixpoint system:kernel]
2026/05/19 15:04:38.875058 [info] kernel.evaluate | fields=map[duration_ms:1549 operation:evaluate system:kernel]
2026/05/19 15:04:38.875058 [info] kernel.Query | fields=map[duration_ms:1549 operation:Query system:kernel]
2026/05/19 15:04:40.482919 [info] kernel.evaluate.fixpoint | fields=map[duration_ms:1604 operation:evaluate.fixpoint system:kernel]
2026/05/19 15:04:40.482919 [info] kernel.evaluate | fields=map[duration_ms:1607 operation:evaluate system:kernel]
2026/05/19 15:04:40.483923 [info] kernel.Query | fields=map[duration_ms:1 operation:Query system:kernel]
2026/05/19 15:04:40.483923 [info] kernel.Query | fields=map[duration_ms:1608 operation:Query system:kernel]
2026/05/19 15:04:40.483923 [info] kernel.Query | fields=map[duration_ms:1602 operation:Query system:kernel]
2026/05/19 15:04:41.839170 [info] kernel.evaluate.fixpoint | fields=map[duration_ms:1351 operation:evaluate.fixpoint system:kernel]
2026/05/19 15:04:41.839170 [info] kernel.evaluate | fields=map[duration_ms:1355 operation:evaluate system:kernel]
2026/05/19 15:04:41.839683 [info] kernel.Query | fields=map[duration_ms:957 operation:Query system:kernel]
2026/05/19 15:04:41.839683 [info] kernel.Query | fields=map[duration_ms:1355 operation:Query system:kernel]
2026/05/19 15:04:41.839683 [info] kernel.Query | fields=map[duration_ms:1355 operation:Query system:kernel]
2026/05/19 15:04:43.157199 [info] kernel.evaluate.fixpoint | fields=map[duration_ms:1314 operation:evaluate.fixpoint system:kernel]
2026/05/19 15:04:43.157199 [info] kernel.evaluate | fields=map[duration_ms:1317 operation:evaluate system:kernel]
2026/05/19 15:04:43.157199 [info] kernel.Query | fields=map[duration_ms:275 operation:Query system:kernel]
2026/05/19 15:04:43.157199 [info] kernel.Query | fields=map[duration_ms:1317 operation:Query system:kernel]
2026/05/19 15:04:44.630775 [info] kernel.evaluate.fixpoint | fields=map[duration_ms:1469 operation:evaluate.fixpoint system:kernel]
2026/05/19 15:04:44.630775 [info] kernel.evaluate | fields=map[duration_ms:1473 operation:evaluate system:kernel]
2026/05/19 15:04:44.630775 [info] kernel.Query | fields=map[duration_ms:1473 operation:Query system:kernel]
2026/05/19 15:04:45.973872 [info] kernel.evaluate.fixpoint | fields=map[duration_ms:1339 operation:evaluate.fixpoint system:kernel]
2026/05/19 15:04:45.973872 [info] kernel.evaluate | fields=map[duration_ms:1343 operation:evaluate system:kernel]
2026/05/19 15:04:45.973872 [info] kernel.Query | fields=map[duration_ms:0 operation:Query system:kernel]
2026/05/19 15:04:45.974873 [info] kernel.Query | fields=map[duration_ms:0 operation:Query system:kernel]
2026/05/19 15:04:45.974873 [info] kernel.Query | fields=map[duration_ms:1344 operation:Query system:kernel]
2026/05/19 15:04:45.974873 [info] kernel.Query | fields=map[duration_ms:0 operation:Query system:kernel]
2026/05/19 15:04:47.361851 [info] kernel.evaluate.fixpoint | fields=map[duration_ms:1380 operation:evaluate.fixpoint system:kernel]
2026/05/19 15:04:47.361851 [info] kernel.evaluate | fields=map[duration_ms:1386 operation:evaluate system:kernel]
2026/05/19 15:04:47.361851 [info] kernel.Query | fields=map[duration_ms:1386 operation:Query system:kernel]
2026/05/19 15:04:47.361851 [info] kernel.Query | fields=map[duration_ms:2480 operation:Query system:kernel]
2026/05/19 15:04:48.685538 [info] store.ListLearningEmbeddingCandidates | fields=map[duration_ms:0 operation:ListLearningEmbeddingCandidates system:store]
2026/05/19 15:04:48.685538 [info] store.ListLearningEmbeddingCandidates | fields=map[duration_ms:0 operation:ListLearningEmbeddingCandidates system:store]
2026/05/19 15:04:48.685538 [info] store.ListLearningEmbeddingCandidates | fields=map[duration_ms:0 operation:ListLearningEmbeddingCandidates system:store]
2026/05/19 15:04:48.685538 [info] store.ListLearningEmbeddingCandidates | fields=map[duration_ms:0 operation:ListLearningEmbeddingCandidates system:store]
2026/05/19 15:04:48.687057 [info] store.ListLearningEmbeddingCandidates | fields=map[duration_ms:1 operation:ListLearningEmbeddingCandidates system:store]
2026/05/19 15:04:48.687057 [info] store.ListLearningEmbeddingCandidates | fields=map[duration_ms:0 operation:ListLearningEmbeddingCandidates system:store]
2026/05/19 15:04:48.687586 [info] store.ListLearningEmbeddingCandidates | fields=map[duration_ms:0 operation:ListLearningEmbeddingCandidates system:store]
2026/05/19 15:04:48.784054 [info] kernel.evaluate.fixpoint | fields=map[duration_ms:1419 operation:evaluate.fixpoint system:kernel]
2026/05/19 15:04:48.784054 [info] kernel.evaluate | fields=map[duration_ms:1422 operation:evaluate system:kernel]
2026/05/19 15:04:48.784593 [info] kernel.Query | fields=map[duration_ms:1422 operation:Query system:kernel]
2026/05/19 15:04:48.784593 [info] kernel.Query | fields=map[duration_ms:1422 operation:Query system:kernel]
2026/05/19 15:04:48.784593 [info] kernel.Query | fields=map[duration_ms:1422 operation:Query system:kernel]
2026/05/19 15:04:50.219753 [info] kernel.evaluate.fixpoint | fields=map[duration_ms:1429 operation:evaluate.fixpoint system:kernel]
2026/05/19 15:04:50.219753 [info] kernel.evaluate | fields=map[duration_ms:1435 operation:evaluate system:kernel]
2026/05/19 15:04:50.219753 [info] kernel.Query | fields=map[duration_ms:1435 operation:Query system:kernel]
2026/05/19 15:04:50.219753 [info] kernel.Query | fields=map[duration_ms:1338 operation:Query system:kernel]
2026/05/19 15:04:51.579866 [info] kernel.evaluate.fixpoint | fields=map[duration_ms:1356 operation:evaluate.fixpoint system:kernel]
2026/05/19 15:04:51.579866 [info] kernel.evaluate | fields=map[duration_ms:1360 operation:evaluate system:kernel]
2026/05/19 15:04:51.579866 [info] kernel.Query | fields=map[duration_ms:697 operation:Query system:kernel]
2026/05/19 15:04:52.859211 [info] kernel.evaluate.fixpoint | fields=map[duration_ms:1275 operation:evaluate.fixpoint system:kernel]
2026/05/19 15:04:52.859211 [info] kernel.evaluate | fields=map[duration_ms:1279 operation:evaluate system:kernel]
2026/05/19 15:04:54.141720 [info] kernel.evaluate.fixpoint | fields=map[duration_ms:1279 operation:evaluate.fixpoint system:kernel]
2026/05/19 15:04:54.142729 [info] kernel.evaluate | fields=map[duration_ms:1282 operation:evaluate system:kernel]
2026/05/19 15:04:54.142729 [info] kernel.Query | fields=map[duration_ms:1283 operation:Query system:kernel]
2026/05/19 15:04:54.142729 [info] kernel.Query | fields=map[duration_ms:1261 operation:Query system:kernel]
2026/05/19 15:04:55.477240 [info] kernel.evaluate.fixpoint | fields=map[duration_ms:1330 operation:evaluate.fixpoint system:kernel]
2026/05/19 15:04:55.477240 [info] kernel.evaluate | fields=map[duration_ms:1334 operation:evaluate system:kernel]
2026/05/19 15:04:55.477240 [info] kernel.Query | fields=map[duration_ms:0 operation:Query system:kernel]
2026/05/19 15:04:55.477240 [info] kernel.Query | fields=map[duration_ms:1334 operation:Query system:kernel]
2026/05/19 15:04:55.477240 [info] kernel.Query | fields=map[duration_ms:595 operation:Query system:kernel]
2026/05/19 15:04:56.765726 [info] kernel.evaluate.fixpoint | fields=map[duration_ms:1284 operation:evaluate.fixpoint system:kernel]
2026/05/19 15:04:56.765726 [info] kernel.evaluate | fields=map[duration_ms:1288 operation:evaluate system:kernel]
2026/05/19 15:04:56.765726 [info] kernel.Query | fields=map[duration_ms:1288 operation:Query system:kernel]
2026/05/19 15:04:58.060575 [info] kernel.evaluate.fixpoint | fields=map[duration_ms:1290 operation:evaluate.fixpoint system:kernel]
2026/05/19 15:04:58.060575 [info] kernel.evaluate | fields=map[duration_ms:1293 operation:evaluate system:kernel]
2026/05/19 15:04:58.060575 [info] kernel.Query | fields=map[duration_ms:0 operation:Query system:kernel]
2026/05/19 15:04:58.060575 [info] kernel.Query | fields=map[duration_ms:1178 operation:Query system:kernel]
2026/05/19 15:04:58.060575 [info] kernel.Query | fields=map[duration_ms:1293 operation:Query system:kernel]
2026/05/19 15:04:59.381416 [info] kernel.evaluate.fixpoint | fields=map[duration_ms:1318 operation:evaluate.fixpoint system:kernel]
2026/05/19 15:04:59.381416 [info] kernel.evaluate | fields=map[duration_ms:1320 operation:evaluate system:kernel]
2026/05/19 15:04:59.381416 [info] kernel.Query | fields=map[duration_ms:499 operation:Query system:kernel]
2026/05/19 15:04:59.381416 [info] kernel.Query | fields=map[duration_ms:1320 operation:Query system:kernel]
2026/05/19 15:04:59.381416 [info] kernel.Query | fields=map[duration_ms:1320 operation:Query system:kernel]
2026/05/19 15:05:00.694970 [info] kernel.evaluate.fixpoint | fields=map[duration_ms:1309 operation:evaluate.fixpoint system:kernel]
2026/05/19 15:05:00.694970 [info] kernel.evaluate | fields=map[duration_ms:1313 operation:evaluate system:kernel]
2026/05/19 15:05:00.694970 [info] kernel.Query | fields=map[duration_ms:1313 operation:Query system:kernel]
2026/05/19 15:05:02.000978 [info] kernel.evaluate.fixpoint | fields=map[duration_ms:1302 operation:evaluate.fixpoint system:kernel]
2026/05/19 15:05:02.000978 [info] kernel.evaluate | fields=map[duration_ms:1306 operation:evaluate system:kernel]
2026/05/19 15:05:02.000978 [info] kernel.Query | fields=map[duration_ms:1306 operation:Query system:kernel]
2026/05/19 15:05:02.000978 [info] kernel.Query | fields=map[duration_ms:1119 operation:Query system:kernel]
2026/05/19 15:05:03.377994 [info] kernel.evaluate.fixpoint | fields=map[duration_ms:1372 operation:evaluate.fixpoint system:kernel]
2026/05/19 15:05:03.377994 [info] kernel.evaluate | fields=map[duration_ms:1376 operation:evaluate system:kernel]
2026/05/19 15:05:03.377994 [info] kernel.Query | fields=map[duration_ms:0 operation:Query system:kernel]
2026/05/19 15:05:03.377994 [info] kernel.Query | fields=map[duration_ms:1377 operation:Query system:kernel]
2026/05/19 15:05:03.377994 [info] kernel.Query | fields=map[duration_ms:496 operation:Query system:kernel]
2026/05/19 15:05:04.761500 [info] kernel.evaluate.fixpoint | fields=map[duration_ms:1380 operation:evaluate.fixpoint system:kernel]
2026/05/19 15:05:04.761500 [info] kernel.evaluate | fields=map[duration_ms:1383 operation:evaluate system:kernel]
2026/05/19 15:05:04.761500 [info] kernel.Query | fields=map[duration_ms:1383 operation:Query system:kernel]
2026/05/19 15:05:04.761500 [info] kernel.Query | fields=map[duration_ms:1383 operation:Query system:kernel]
2026/05/19 15:05:06.024821 [info] kernel.evaluate.fixpoint | fields=map[duration_ms:1260 operation:evaluate.fixpoint system:kernel]
2026/05/19 15:05:06.024821 [info] kernel.evaluate | fields=map[duration_ms:1263 operation:evaluate system:kernel]
2026/05/19 15:05:06.024821 [info] kernel.Query | fields=map[duration_ms:1263 operation:Query system:kernel]
2026/05/19 15:05:06.024821 [info] kernel.Query | fields=map[duration_ms:1143 operation:Query system:kernel]
2026/05/19 15:05:07.363440 [info] kernel.evaluate.fixpoint | fields=map[duration_ms:1335 operation:evaluate.fixpoint system:kernel]
2026/05/19 15:05:07.363440 [info] kernel.evaluate | fields=map[duration_ms:1338 operation:evaluate system:kernel]
2026/05/19 15:05:07.363440 [info] kernel.Query | fields=map[duration_ms:481 operation:Query system:kernel]
2026/05/19 15:05:07.363440 [info] kernel.Query | fields=map[duration_ms:1338 operation:Query system:kernel]
2026/05/19 15:05:08.673412 [info] kernel.evaluate.fixpoint | fields=map[duration_ms:1305 operation:evaluate.fixpoint system:kernel]
2026/05/19 15:05:08.673412 [info] kernel.evaluate | fields=map[duration_ms:1309 operation:evaluate system:kernel]
2026/05/19 15:05:08.673412 [info] kernel.Query | fields=map[duration_ms:0 operation:Query system:kernel]
2026/05/19 15:05:08.673412 [info] kernel.Query | fields=map[duration_ms:0 operation:Query system:kernel]
2026/05/19 15:05:08.673412 [info] kernel.Query | fields=map[duration_ms:1309 operation:Query system:kernel]
2026/05/19 15:05:09.965421 [info] kernel.evaluate.fixpoint | fields=map[duration_ms:1284 operation:evaluate.fixpoint system:kernel]
2026/05/19 15:05:09.965421 [info] kernel.evaluate | fields=map[duration_ms:1292 operation:evaluate system:kernel]
2026/05/19 15:05:09.965421 [info] kernel.Query | fields=map[duration_ms:1292 operation:Query system:kernel]
2026/05/19 15:05:09.965421 [info] kernel.Query | fields=map[duration_ms:1083 operation:Query system:kernel]
2026/05/19 15:05:11.367869 [info] kernel.evaluate.fixpoint | fields=map[duration_ms:1398 operation:evaluate.fixpoint system:kernel]
2026/05/19 15:05:11.367869 [info] kernel.evaluate | fields=map[duration_ms:1402 operation:evaluate system:kernel]
2026/05/19 15:05:11.368655 [info] kernel.Query | fields=map[duration_ms:487 operation:Query system:kernel]
2026/05/19 15:05:11.368655 [info] kernel.Query | fields=map[duration_ms:1403 operation:Query system:kernel]
2026/05/19 15:05:11.369167 [info] kernel.Query | fields=map[duration_ms:1403 operation:Query system:kernel]
2026/05/19 15:05:12.713786 [info] kernel.evaluate.fixpoint | fields=map[duration_ms:1336 operation:evaluate.fixpoint system:kernel]
2026/05/19 15:05:12.713786 [info] kernel.evaluate | fields=map[duration_ms:1344 operation:evaluate system:kernel]
2026/05/19 15:05:12.714311 [info] kernel.Query | fields=map[duration_ms:1344 operation:Query system:kernel]
2026/05/19 15:05:14.017851 [info] kernel.evaluate.fixpoint | fields=map[duration_ms:1296 operation:evaluate.fixpoint system:kernel]
2026/05/19 15:05:14.017851 [info] kernel.evaluate | fields=map[duration_ms:1303 operation:evaluate system:kernel]
2026/05/19 15:05:14.017851 [info] kernel.Query | fields=map[duration_ms:1136 operation:Query system:kernel]
2026/05/19 15:05:15.345958 [info] kernel.evaluate.fixpoint | fields=map[duration_ms:1325 operation:evaluate.fixpoint system:kernel]
2026/05/19 15:05:15.345958 [info] kernel.evaluate | fields=map[duration_ms:1327 operation:evaluate system:kernel]
2026/05/19 15:05:15.345958 [info] kernel.Query | fields=map[duration_ms:464 operation:Query system:kernel]
2026/05/19 15:05:16.692766 [info] kernel.evaluate.fixpoint | fields=map[duration_ms:1344 operation:evaluate.fixpoint system:kernel]
2026/05/19 15:05:16.692766 [info] kernel.evaluate | fields=map[duration_ms:1346 operation:evaluate system:kernel]
2026/05/19 15:05:16.692766 [info] kernel.Query | fields=map[duration_ms:1346 operation:Query system:kernel]
2026/05/19 15:05:18.040888 [info] kernel.evaluate.fixpoint | fields=map[duration_ms:1339 operation:evaluate.fixpoint system:kernel]
2026/05/19 15:05:18.040888 [info] kernel.evaluate | fields=map[duration_ms:1348 operation:evaluate system:kernel]
2026/05/19 15:05:18.040888 [info] kernel.Query | fields=map[duration_ms:0 operation:Query system:kernel]
2026/05/19 15:05:18.040888 [info] kernel.Query | fields=map[duration_ms:1158 operation:Query system:kernel]
2026/05/19 15:05:18.040888 [info] kernel.Query | fields=map[duration_ms:1348 operation:Query system:kernel]
2026/05/19 15:05:19.437072 [info] kernel.evaluate.fixpoint | fields=map[duration_ms:1389 operation:evaluate.fixpoint system:kernel]
2026/05/19 15:05:19.437072 [info] kernel.evaluate | fields=map[duration_ms:1396 operation:evaluate system:kernel]
2026/05/19 15:05:19.437072 [info] kernel.Query | fields=map[duration_ms:555 operation:Query system:kernel]
2026/05/19 15:05:19.437072 [info] kernel.Query | fields=map[duration_ms:1396 operation:Query system:kernel]
2026/05/19 15:05:20.820809 [info] kernel.evaluate.fixpoint | fields=map[duration_ms:1380 operation:evaluate.fixpoint system:kernel]
2026/05/19 15:05:20.820809 [info] kernel.evaluate | fields=map[duration_ms:1383 operation:evaluate system:kernel]
2026/05/19 15:05:20.820809 [info] kernel.Query | fields=map[duration_ms:1383 operation:Query system:kernel]
2026/05/19 15:05:22.112118 [info] kernel.evaluate.fixpoint | fields=map[duration_ms:1287 operation:evaluate.fixpoint system:kernel]
2026/05/19 15:05:22.112118 [info] kernel.evaluate | fields=map[duration_ms:1291 operation:evaluate system:kernel]
2026/05/19 15:05:22.112118 [info] kernel.Query | fields=map[duration_ms:0 operation:Query system:kernel]
2026/05/19 15:05:22.112118 [info] kernel.Query | fields=map[duration_ms:1291 operation:Query system:kernel]
2026/05/19 15:05:22.112118 [info] kernel.Query | fields=map[duration_ms:1230 operation:Query system:kernel]
2026/05/19 15:05:23.435730 [info] kernel.evaluate.fixpoint | fields=map[duration_ms:1319 operation:evaluate.fixpoint system:kernel]
2026/05/19 15:05:23.435730 [info] kernel.evaluate | fields=map[duration_ms:1323 operation:evaluate system:kernel]
2026/05/19 15:05:23.435730 [info] kernel.Query | fields=map[duration_ms:554 operation:Query system:kernel]
2026/05/19 15:05:23.435730 [info] kernel.Query | fields=map[duration_ms:1323 operation:Query system:kernel]
2026/05/19 15:05:23.435730 [info] kernel.Query | fields=map[duration_ms:1323 operation:Query system:kernel]
2026/05/19 15:05:24.759691 [info] kernel.evaluate.fixpoint | fields=map[duration_ms:1319 operation:evaluate.fixpoint system:kernel]
2026/05/19 15:05:24.759691 [info] kernel.evaluate | fields=map[duration_ms:1323 operation:evaluate system:kernel]
2026/05/19 15:05:24.759691 [info] kernel.Query | fields=map[duration_ms:1323 operation:Query system:kernel]
2026/05/19 15:05:26.046808 [info] kernel.evaluate.fixpoint | fields=map[duration_ms:1284 operation:evaluate.fixpoint system:kernel]
2026/05/19 15:05:26.046808 [info] kernel.evaluate | fields=map[duration_ms:1287 operation:evaluate system:kernel]
2026/05/19 15:05:26.046808 [info] kernel.Query | fields=map[duration_ms:0 operation:Query system:kernel]
2026/05/19 15:05:26.046808 [info] kernel.Query | fields=map[duration_ms:1287 operation:Query system:kernel]
2026/05/19 15:05:26.046808 [info] kernel.Query | fields=map[duration_ms:1164 operation:Query system:kernel]
2026/05/19 15:05:27.391580 [info] kernel.evaluate.fixpoint | fields=map[duration_ms:1340 operation:evaluate.fixpoint system:kernel]
2026/05/19 15:05:27.391580 [info] kernel.evaluate | fields=map[duration_ms:1344 operation:evaluate system:kernel]
2026/05/19 15:05:27.391580 [info] kernel.Query | fields=map[duration_ms:509 operation:Query system:kernel]
2026/05/19 15:05:27.391580 [info] kernel.Query | fields=map[duration_ms:1344 operation:Query system:kernel]
2026/05/19 15:05:27.392587 [info] kernel.Query | fields=map[duration_ms:1344 operation:Query system:kernel]
2026/05/19 15:05:28.796710 [info] kernel.evaluate.fixpoint | fields=map[duration_ms:1401 operation:evaluate.fixpoint system:kernel]
2026/05/19 15:05:28.796710 [info] kernel.evaluate | fields=map[duration_ms:1404 operation:evaluate system:kernel]
2026/05/19 15:05:28.796710 [info] kernel.Query | fields=map[duration_ms:1404 operation:Query system:kernel]
2026/05/19 15:05:30.100037 [info] kernel.evaluate.fixpoint | fields=map[duration_ms:1299 operation:evaluate.fixpoint system:kernel]
2026/05/19 15:05:30.101041 [info] kernel.evaluate | fields=map[duration_ms:1304 operation:evaluate system:kernel]
2026/05/19 15:05:30.101041 [info] kernel.Query | fields=map[duration_ms:1304 operation:Query system:kernel]
2026/05/19 15:05:30.101041 [info] kernel.Query | fields=map[duration_ms:1219 operation:Query system:kernel]
2026/05/19 15:05:31.422590 [info] kernel.evaluate.fixpoint | fields=map[duration_ms:1318 operation:evaluate.fixpoint system:kernel]
2026/05/19 15:05:31.422590 [info] kernel.evaluate | fields=map[duration_ms:1321 operation:evaluate system:kernel]
2026/05/19 15:05:31.422590 [info] kernel.Query | fields=map[duration_ms:0 operation:Query system:kernel]
2026/05/19 15:05:31.422590 [info] kernel.Query | fields=map[duration_ms:1321 operation:Query system:kernel]
2026/05/19 15:05:31.422590 [info] kernel.Query | fields=map[duration_ms:541 operation:Query system:kernel]
2026/05/19 15:05:32.787643 [info] kernel.evaluate.fixpoint | fields=map[duration_ms:1361 operation:evaluate.fixpoint system:kernel]
2026/05/19 15:05:32.787643 [info] kernel.evaluate | fields=map[duration_ms:1365 operation:evaluate system:kernel]
2026/05/19 15:05:32.787643 [info] kernel.Query | fields=map[duration_ms:1365 operation:Query system:kernel]
2026/05/19 15:05:32.787643 [info] kernel.Query | fields=map[duration_ms:1365 operation:Query system:kernel]
2026/05/19 15:05:33.684744 [info] store.ListLearningEmbeddingCandidates | fields=map[duration_ms:0 operation:ListLearningEmbeddingCandidates system:store]
2026/05/19 15:05:33.684744 [info] store.ListLearningEmbeddingCandidates | fields=map[duration_ms:0 operation:ListLearningEmbeddingCandidates system:store]
2026/05/19 15:05:33.684744 [info] store.ListLearningEmbeddingCandidates | fields=map[duration_ms:0 operation:ListLearningEmbeddingCandidates system:store]
2026/05/19 15:05:33.686265 [info] store.ListLearningEmbeddingCandidates | fields=map[duration_ms:1 operation:ListLearningEmbeddingCandidates system:store]
2026/05/19 15:05:33.686265 [info] store.ListLearningEmbeddingCandidates | fields=map[duration_ms:0 operation:ListLearningEmbeddingCandidates system:store]
2026/05/19 15:05:33.686265 [info] store.ListLearningEmbeddingCandidates | fields=map[duration_ms:0 operation:ListLearningEmbeddingCandidates system:store]
2026/05/19 15:05:33.686265 [info] store.ListLearningEmbeddingCandidates | fields=map[duration_ms:0 operation:ListLearningEmbeddingCandidates system:store]
2026/05/19 15:05:34.190887 [info] kernel.evaluate.fixpoint | fields=map[duration_ms:1400 operation:evaluate.fixpoint system:kernel]
2026/05/19 15:05:34.190887 [info] kernel.evaluate | fields=map[duration_ms:1403 operation:evaluate system:kernel]
2026/05/19 15:05:34.190887 [info] kernel.Query | fields=map[duration_ms:1403 operation:Query system:kernel]
2026/05/19 15:05:34.190887 [info] kernel.Query | fields=map[duration_ms:1309 operation:Query system:kernel]
