2026/05/19 14:57:39.821463 [DEBUG] Adding 351 facts
2026/05/19 14:57:39.823064 [DEBUG] Evaluation derived 4 new facts (total derived: 2168, limit: 100000)
2026/05/19 14:57:39.823064 [INFO] Mangle Inference: +4 facts, total 2168
2026/05/19 14:57:39.825291 [INFO] Initializing RealKernel with workspace root: C:\CodeProjects\codeNERD
2026/05/19 14:57:39.825291 [DEBUG] Kernel struct created with workspaceRoot=C:\CodeProjects\codeNERD, policyDirty=true
2026/05/19 14:57:39.825291 [INFO] Loading Mangle files (schemas, policy, learned rules)
2026/05/19 14:57:39.825291 [DEBUG] Loading baked-in core (Constitution)...
2026/05/19 14:57:39.825291 [DEBUG] Loaded schema index (6316 bytes)
2026/05/19 14:57:39.825291 [DEBUG] Loaded schema module: schemas_intent.mg (9740 bytes)
2026/05/19 14:57:39.825291 [DEBUG] Loaded schema module: schemas_world.mg (4154 bytes)
2026/05/19 14:57:39.825815 [DEBUG] Loaded schema module: schemas_execution.mg (7908 bytes)
2026/05/19 14:57:39.825815 [DEBUG] Loaded schema module: schemas_browser.mg (3113 bytes)
2026/05/19 14:57:39.825815 [DEBUG] Loaded schema module: schemas_project.mg (3157 bytes)
2026/05/19 14:57:39.825815 [DEBUG] Loaded schema module: schemas_dreamer.mg (7135 bytes)
2026/05/19 14:57:39.825815 [DEBUG] Loaded schema module: schemas_memory.mg (9414 bytes)
2026/05/19 14:57:39.825815 [DEBUG] Loaded schema module: schemas_knowledge.mg (6572 bytes)
2026/05/19 14:57:39.825815 [DEBUG] Loaded schema module: schemas_learning.mg (1316 bytes)
2026/05/19 14:57:39.825815 [DEBUG] Loaded schema module: schemas_state.mg (8582 bytes)
2026/05/19 14:57:39.825815 [DEBUG] Loaded schema module: chaos.mg (10261 bytes)
2026/05/19 14:57:39.825815 [DEBUG] Loaded schema module: schemas_safety.mg (8749 bytes)
2026/05/19 14:57:39.826340 [DEBUG] Loaded schema module: schemas_analysis.mg (9460 bytes)
2026/05/19 14:57:39.826340 [DEBUG] Loaded schema module: schemas_misc.mg (10660 bytes)
2026/05/19 14:57:39.826340 [DEBUG] Loaded schema module: schemas_codedom.mg (11164 bytes)
2026/05/19 14:57:39.826340 [DEBUG] Loaded schema module: schemas_codedom_polyglot.mg (8556 bytes)
2026/05/19 14:57:39.826340 [DEBUG] Loaded schema module: schemas_testing.mg (12388 bytes)
2026/05/19 14:57:39.826340 [DEBUG] Loaded schema module: schemas_campaign.mg (18704 bytes)
2026/05/19 14:57:39.826340 [DEBUG] Loaded schema module: schemas_intelligence.mg (7740 bytes)
2026/05/19 14:57:39.826340 [DEBUG] Loaded schema module: schemas_tools.mg (21018 bytes)
2026/05/19 14:57:39.826872 [DEBUG] Loaded schema module: schemas_mcp.mg (6667 bytes)
2026/05/19 14:57:39.826872 [DEBUG] Loaded schema module: schemas_prompts.mg (19331 bytes)
2026/05/19 14:57:39.826872 [DEBUG] Loaded schema module: schemas_reviewer.mg (21882 bytes)
2026/05/19 14:57:39.826872 [DEBUG] Loaded schema module: schemas_shards.mg (29263 bytes)
2026/05/19 14:57:39.826872 [DEBUG] Loaded schema module: schemas_coder.mg (7015 bytes)
2026/05/19 14:57:39.827397 [DEBUG] Loaded schema module: schemas_context.mg (3615 bytes)
2026/05/19 14:57:39.827397 [DEBUG] Loaded schema module: schemas_perception_latency.mg (1926 bytes)
2026/05/19 14:57:39.827397 [DEBUG] Loaded modular schemas (269490 bytes from 27 files)
2026/05/19 14:57:39.827936 [DEBUG] Loaded legacy JIT prompt schema (2000 bytes)
2026/05/19 14:57:39.827936 [DEBUG] Loaded policy module: activation.mg (779 bytes)
2026/05/19 14:57:39.827936 [DEBUG] Loaded policy module: autopoiesis.mg (7204 bytes)
2026/05/19 14:57:39.827936 [DEBUG] Loaded policy module: bridge.mg (8283 bytes)
2026/05/19 14:57:39.827936 [DEBUG] Loaded policy module: browser.mg (1251 bytes)
2026/05/19 14:57:39.827936 [DEBUG] Loaded policy module: browser_honeypot.mg (2574 bytes)
2026/05/19 14:57:39.827936 [DEBUG] Loaded policy module: campaign_autopoiesis.mg (1085 bytes)
2026/05/19 14:57:39.827936 [DEBUG] Loaded policy module: campaign_context.mg (608 bytes)
2026/05/19 14:57:39.827936 [DEBUG] Loaded policy module: campaign_core.mg (2056 bytes)
2026/05/19 14:57:39.827936 [DEBUG] Loaded policy module: campaign_phases.mg (5772 bytes)
2026/05/19 14:57:39.827936 [DEBUG] Loaded policy module: campaign_planning.mg (4592 bytes)
2026/05/19 14:57:39.827936 [DEBUG] Loaded policy module: campaign_tasks.mg (7166 bytes)
2026/05/19 14:57:39.827936 [DEBUG] Loaded policy module: capabilities.mg (4848 bytes)
2026/05/19 14:57:39.827936 [DEBUG] Loaded policy module: clarification.mg (4204 bytes)
2026/05/19 14:57:39.827936 [DEBUG] Loaded policy module: codedom_continuation.mg (2055 bytes)
2026/05/19 14:57:39.827936 [DEBUG] Loaded policy module: codedom_core.mg (3010 bytes)
2026/05/19 14:57:39.827936 [DEBUG] Loaded policy module: codedom_edit.mg (5862 bytes)
2026/05/19 14:57:39.827936 [DEBUG] Loaded policy module: codedom_safety.mg (7168 bytes)
2026/05/19 14:57:39.827936 [DEBUG] Loaded policy module: coder_build.mg (2218 bytes)
2026/05/19 14:57:39.828460 [DEBUG] Loaded policy module: coder_campaign.mg (2194 bytes)
2026/05/19 14:57:39.828460 [DEBUG] Loaded policy module: coder_classification.mg (7588 bytes)
2026/05/19 14:57:39.828460 [DEBUG] Loaded policy module: coder_context.mg (2467 bytes)
2026/05/19 14:57:39.828460 [DEBUG] Loaded policy module: coder_diagnostics.mg (2254 bytes)
2026/05/19 14:57:39.828460 [DEBUG] Loaded policy module: coder_impact.mg (2256 bytes)
2026/05/19 14:57:39.828460 [DEBUG] Loaded policy module: coder_language.mg (4979 bytes)
2026/05/19 14:57:39.828460 [DEBUG] Loaded policy module: coder_learning.mg (2400 bytes)
2026/05/19 14:57:39.828460 [DEBUG] Loaded policy module: coder_observability.mg (1863 bytes)
2026/05/19 14:57:39.828460 [DEBUG] Loaded policy module: coder_patterns.mg (2622 bytes)
2026/05/19 14:57:39.828460 [DEBUG] Loaded policy module: coder_quality.mg (8132 bytes)
2026/05/19 14:57:39.828460 [DEBUG] Loaded policy module: coder_safety.mg (3344 bytes)
2026/05/19 14:57:39.828460 [DEBUG] Loaded policy module: coder_tdd.mg (2040 bytes)
2026/05/19 14:57:39.828460 [DEBUG] Loaded policy module: coder_workflow.mg (8741 bytes)
2026/05/19 14:57:39.828460 [DEBUG] Loaded policy module: commit_gate.mg (1785 bytes)
2026/05/19 14:57:39.828460 [DEBUG] Loaded policy module: constitution.mg (11161 bytes)
2026/05/19 14:57:39.828460 [DEBUG] Loaded policy module: context_compilation.mg (6477 bytes)
2026/05/19 14:57:39.828460 [DEBUG] Loaded policy module: data_flow.mg (2738 bytes)
2026/05/19 14:57:39.828460 [DEBUG] Loaded policy module: delegation.mg (5260 bytes)
2026/05/19 14:57:39.828460 [DEBUG] Loaded policy module: dreamer.mg (997 bytes)
2026/05/19 14:57:39.828460 [DEBUG] Loaded policy module: git_safety.mg (898 bytes)
2026/05/19 14:57:39.828460 [DEBUG] Loaded policy module: impact.mg (2354 bytes)
2026/05/19 14:57:39.828460 [DEBUG] Loaded policy module: intelligence.mg (16722 bytes)
2026/05/19 14:57:39.828990 [DEBUG] Loaded policy module: jit_config.mg (1273 bytes)
2026/05/19 14:57:39.828990 [DEBUG] Loaded policy module: jit_logic.mg (3616 bytes)
2026/05/19 14:57:39.828990 [DEBUG] Loaded policy module: jit_selection.mg (8806 bytes)
2026/05/19 14:57:39.828990 [DEBUG] Loaded policy module: knowledge.mg (3374 bytes)
2026/05/19 14:57:39.828990 [DEBUG] Loaded policy module: learning.mg (1315 bytes)
2026/05/19 14:57:39.828990 [DEBUG] Loaded policy module: perception_routing.mg (2078 bytes)
2026/05/19 14:57:39.828990 [DEBUG] Loaded policy module: perception_stability.mg (814 bytes)
2026/05/19 14:57:39.828990 [DEBUG] Loaded policy module: prioritization.mg (1609 bytes)
2026/05/19 14:57:39.828990 [DEBUG] Loaded policy module: prompt_context.mg (6324 bytes)
2026/05/19 14:57:39.829519 [DEBUG] Loaded policy module: prompt_northstar.mg (4653 bytes)
2026/05/19 14:57:39.829519 [DEBUG] Loaded policy module: schemas_perception_latency.mg (1705 bytes)
2026/05/19 14:57:39.829519 [DEBUG] Loaded policy module: shadow_mode.mg (988 bytes)
2026/05/19 14:57:39.829519 [DEBUG] Loaded policy module: shards.mg (10870 bytes)
2026/05/19 14:57:39.829519 [DEBUG] Loaded policy module: strategy.mg (1781 bytes)
2026/05/19 14:57:39.829519 [DEBUG] Loaded policy module: system_autopoiesis.mg (1563 bytes)
2026/05/19 14:57:39.829519 [DEBUG] Loaded policy module: system_config.mg (513 bytes)
2026/05/19 14:57:39.829519 [DEBUG] Loaded policy module: system_core.mg (5665 bytes)
2026/05/19 14:57:39.829519 [DEBUG] Loaded policy module: system_ooda.mg (2231 bytes)
2026/05/19 14:57:39.830060 [DEBUG] Loaded policy module: system_routing.mg (2193 bytes)
2026/05/19 14:57:39.830060 [DEBUG] Loaded policy module: system_session.mg (1921 bytes)
2026/05/19 14:57:39.830060 [DEBUG] Loaded policy module: system_shards.mg (1276 bytes)
2026/05/19 14:57:39.830060 [DEBUG] Loaded policy module: system_world.mg (2106 bytes)
2026/05/19 14:57:39.830587 [DEBUG] Loaded policy module: taxonomy_inference.mg (10841 bytes)
2026/05/19 14:57:39.830587 [DEBUG] Loaded policy module: taxonomy_qualifiers.mg (7765 bytes)
2026/05/19 14:57:39.831653 [DEBUG] Loaded policy module: tdd_logic.mg (346 bytes)
2026/05/19 14:57:39.832190 [DEBUG] Loaded policy module: tdd_loop.mg (688 bytes)
2026/05/19 14:57:39.832190 [DEBUG] Loaded policy module: test_impact.mg (7560 bytes)
2026/05/19 14:57:39.832190 [DEBUG] Loaded policy module: tool_routing.mg (6482 bytes)
2026/05/19 14:57:39.832190 [DEBUG] Loaded policy module: trace_logic.mg (2336 bytes)
2026/05/19 14:57:39.832190 [DEBUG] Loaded policy module: validation.mg (7225 bytes)
2026/05/19 14:57:39.832725 [DEBUG] Loaded policy module: verification.mg (6419 bytes)
2026/05/19 14:57:39.832725 [DEBUG] Loaded stratified policy (286343 bytes from 71 files)
2026/05/19 14:57:39.832725 [DEBUG] Loaded core module: doc_taxonomy.mg (1367 bytes)
2026/05/19 14:57:39.832725 [DEBUG] Loaded core module: topology_planner.mg (1340 bytes)
2026/05/19 14:57:39.832725 [DEBUG] Loaded core module: build_topology.mg (3580 bytes)
2026/05/19 14:57:39.832725 [DEBUG] Loaded core module: campaign_rules.mg (35130 bytes)
2026/05/19 14:57:39.832725 [DEBUG] Loaded core module: selection_policy.mg (882 bytes)
2026/05/19 14:57:39.833271 [DEBUG] Loaded core module: taxonomy.mg (23554 bytes)
2026/05/19 14:57:39.833271 [DEBUG] Loaded core module: inference.mg (3823 bytes)
2026/05/19 14:57:39.833271 [DEBUG] Loaded core module: jit_compiler.mg (5798 bytes)
2026/05/19 14:57:39.833271 [DEBUG] Loaded 8/8 core modules
2026/05/19 14:57:39.860134 [INFO] Loaded 3190 intent corpus facts into boot EDB
2026/05/19 14:57:39.860134 [DEBUG] Loaded base learned rules (123 bytes)
2026/05/19 14:57:39.860134 [DEBUG] Loading user extensions...
2026/05/19 14:57:39.860134 [DEBUG] Checking user extension path: C:\CodeProjects\codeNERD\.nerd\mangle
2026/05/19 14:57:39.860134 [INFO] Loaded user schema extensions from C:\CodeProjects\codeNERD\.nerd\mangle\extensions.mg (196 bytes, 0 data facts, 0 intents, 0 prompts)
2026/05/19 14:57:39.860134 [INFO] Loaded user policy overrides from C:\CodeProjects\codeNERD\.nerd\mangle\policy_overrides.mg (299 bytes, 0 data facts, 0 intents, 0 prompts)
2026/05/19 14:57:39.860134 [INFO] Loaded user learned rules from C:\CodeProjects\codeNERD\.nerd\mangle\learned.mg (272 bytes, 0 data facts, 0 intents, 0 prompts)
2026/05/19 14:57:39.865671 [INFO] Startup validation: 1 rules total, 1 valid, 0 invalid, 0 previously healed
2026/05/19 14:57:39.865671 [DEBUG] Loaded 3 user extension files
2026/05/19 14:57:39.870691 [DEBUG] Schema validator refreshed
2026/05/19 14:57:39.870691 [DEBUG] loadMangleFiles completed in 45.3998ms
2026/05/19 14:57:39.870691 [INFO] Mangle files loaded: schemas=279054 bytes, policy=364709 bytes, learned=418 bytes
2026/05/19 14:57:39.870691 [INFO] Loading baked-in predicate corpus...
2026/05/19 14:57:39.874977 [INFO] Predicate corpus loaded: 878 predicates, 0 examples, 12 error patterns
2026/05/19 14:57:39.874977 [DEBUG] loadPredicateCorpus completed in 4.2865ms
2026/05/19 14:57:39.877502 [INFO] Booting Mangle engine with embedded constitution...
2026/05/19 14:57:39.877502 [DEBUG] evaluate: policy dirty or programInfo nil, rebuilding program
2026/05/19 14:57:39.877502 [INFO] Rebuilding Mangle program (parsing schemas+policy+learned)
2026/05/19 14:57:39.877502 [DEBUG] rebuildProgram: included schemas (279054 bytes)
2026/05/19 14:57:39.877502 [DEBUG] rebuildProgram: included policy (364709 bytes)
2026/05/19 14:57:39.877502 [DEBUG] rebuildProgram: included learned rules (418 bytes)
2026/05/19 14:57:39.877502 [DEBUG] rebuildProgram: total program size = 644238 bytes
2026/05/19 14:57:39.937314 [DEBUG] rebuildProgram.parse completed in 59.8119ms
2026/05/19 14:57:39.937314 [DEBUG] rebuildProgram: parsed 2332 clauses
2026/05/19 14:57:39.945871 [DEBUG] rebuildProgram.analyze completed in 8.5567ms
2026/05/19 14:57:39.948107 [DEBUG] rebuildProgram: analysis complete, 1547 predicates declared
2026/05/19 14:57:39.948107 [INFO] rebuildProgram completed in 70.6044ms
2026/05/19 14:57:39.948107 [INFO] Mangle program rebuilt successfully
2026/05/19 14:57:39.948107 [DEBUG] evaluate: populating store with 3190 EDB facts
2026/05/19 14:57:39.948107 [WARN] evaluate: cache desync (atoms=0 facts=3190), rebuilding cache
2026/05/19 14:57:39.950109 [DEBUG] evaluate: running fixpoint evaluation (derivedFactLimit=500000)
2026/05/19 14:57:39.986229 [DEBUG] evaluate.fixpoint completed in 36.1194ms
2026/05/19 14:57:39.986229 [DEBUG] evaluate: fixpoint reached - strata=727, evalTime=1.5092ms, wallTime=36.1194ms
2026/05/19 14:57:39.986229 [DEBUG] evaluate completed in 108.7262ms
2026/05/19 14:57:39.986229 [DEBUG] evaluate: complete, kernel initialized
2026/05/19 14:57:39.986229 [INFO] NewRealKernelWithWorkspace completed in 160.9379ms
2026/05/19 14:57:39.986229 [INFO] Kernel initialized successfully
2026/05/19 14:57:39.986229 [DEBUG] Evaluate: forcing re-evaluation of all rules
2026/05/19 14:57:39.986229 [DEBUG] evaluate: using cached programInfo
2026/05/19 14:57:39.986229 [DEBUG] evaluate: populating store with 3190 EDB facts
2026/05/19 14:57:39.986229 [DEBUG] evaluate: running fixpoint evaluation (derivedFactLimit=500000)
2026/05/19 14:57:40.022144 [DEBUG] evaluate.fixpoint completed in 35.9158ms
2026/05/19 14:57:40.022144 [DEBUG] evaluate: fixpoint reached - strata=727, evalTime=4.5087ms, wallTime=35.9158ms
2026/05/19 14:57:40.022144 [DEBUG] evaluate completed in 35.9158ms
2026/05/19 14:57:40.022144 [DEBUG] evaluate: complete, kernel initialized
2026/05/19 14:57:40.022144 [DEBUG] Evaluate completed in 35.9158ms
2026/05/19 14:57:40.023150 [DEBUG] Query: predicate=intent_definition
2026/05/19 14:57:40.023150 [DEBUG] Query completed in 0s
2026/05/19 14:57:40.023150 [DEBUG] Query: predicate=intent_definition returned 779 results
2026/05/19 14:57:50.609574 [INFO] LoadFacts: loading 12640 facts into EDB
2026/05/19 14:57:50.643176 [DEBUG] LoadFacts: added 12640/12640 facts, EDB: 3190 -> 15830 facts
2026/05/19 14:57:50.643176 [DEBUG]   [0] file_topology("C:\\CodeProjects\\codeNERD\\${CLAUDE_PLUGIN_ROOT}\\data\\state.db", "5c9dec1886cc01f5f2307ee1ea87f9b32a4cef0f8f9a2c68beebc558013bedab", /unknown, 1779070579, /false).
2026/05/19 14:57:50.643176 [DEBUG]   [1] file_topology("C:\\CodeProjects\\codeNERD\\${CLAUDE_PLUGIN_ROOT}\\data\\state.db-shm", "f3f87f11a521663bf416c2624570e503adf60f232c8ab51daf4f6db2833ce56a", /unknown, 1774295942, /false).
2026/05/19 14:57:50.643176 [DEBUG]   [2] file_topology("C:\\CodeProjects\\codeNERD\\.gitignore", "f252ddc76a30ff84292213c458739c9461d35e8e9196f4636591b9f43ff917b1", /unknown, 1779070579, /false).
2026/05/19 14:57:50.643176 [DEBUG]   [3] file_topology("C:\\CodeProjects\\codeNERD\\Docs\\Spec\\INDEX.md", "4153ecc432e101d4af80ee1985c243d583daec4c0edac3b666035909d753ac6d", /markdown, 1772909936, /false).
2026/05/19 14:57:50.643176 [DEBUG]   [4] file_topology("C:\\CodeProjects\\codeNERD\\Docs\\Spec\\cmd\\query-kb\\README.md", "be7fdce16e0899a7223deea2dfdfbbdee86a4f71b9c2333ecba0e2489f4b24e8", /markdown, 1779070579, /false).
2026/05/19 14:57:50.643176 [DEBUG]   ... and 12635 more facts
2026/05/19 14:57:50.643176 [DEBUG] rebuild: delegating to evaluate()
2026/05/19 14:57:50.643176 [DEBUG] evaluate: using cached programInfo
2026/05/19 14:57:50.643176 [DEBUG] evaluate: populating store with 15830 EDB facts
2026/05/19 14:57:50.646341 [DEBUG] evaluate: running fixpoint evaluation (derivedFactLimit=500000)
2026/05/19 14:57:52.054795 [DEBUG] evaluate.fixpoint completed in 1.4084533s
2026/05/19 14:57:52.055299 [DEBUG] evaluate: fixpoint reached - strata=727, evalTime=1.3840211s, wallTime=1.4084533s
2026/05/19 14:57:52.055299 [DEBUG] evaluate completed in 1.4121235s
2026/05/19 14:57:52.055299 [DEBUG] evaluate: complete, kernel initialized
2026/05/19 14:57:52.055299 [DEBUG] LoadFacts completed in 1.4457249s
2026/05/19 14:57:57.067851 [DEBUG] Query: predicate=safe_action
2026/05/19 14:57:57.067851 [DEBUG] Query completed in 0s
2026/05/19 14:57:57.067851 [DEBUG] Query: predicate=safe_action returned 93 results
2026/05/19 14:57:57.071092 [INFO] LimitsEnforcer initialized: memory=12288MB, shards=4, session=120min, facts=250000, derived=100000
2026/05/19 14:57:57.086297 [INFO] LoadFacts: loading 25 facts into EDB
2026/05/19 14:57:57.086297 [DEBUG] LoadFacts: added 25/25 facts, EDB: 15830 -> 15855 facts
2026/05/19 14:57:57.086297 [DEBUG]   [0] tool_registered("a_simple_hello_world_greeter", 1779217077).
2026/05/19 14:57:57.086297 [DEBUG]   [1] tool_hash("a_simple_hello_world_greeter", "17367320053a791ffa4fbf3036f8b353a81e56f33a4900126200157133102f1c").
2026/05/19 14:57:57.086297 [DEBUG]   [2] tool_capability("a_simple_hello_world_greeter", /a_simple_hello_world_greeter).
2026/05/19 14:57:57.086297 [DEBUG]   [3] tool_description("a_simple_hello_world_greeter", "Restored from disk").
2026/05/19 14:57:57.086297 [DEBUG]   [4] tool_binary_path("a_simple_hello_world_greeter", "C:\\CodeProjects\\codeNERD\\.nerd\\tools\\.compiled\\a_simple_hello_world_greeter.exe").
2026/05/19 14:57:57.086297 [DEBUG]   ... and 20 more facts
2026/05/19 14:57:57.086297 [DEBUG] rebuild: delegating to evaluate()
2026/05/19 14:57:57.086297 [DEBUG] evaluate: policy dirty or programInfo nil, rebuilding program
2026/05/19 14:57:57.086297 [INFO] Rebuilding Mangle program (parsing schemas+policy+learned)
2026/05/19 14:57:57.086297 [DEBUG] rebuildProgram: included schemas (279054 bytes)
2026/05/19 14:57:57.086297 [DEBUG] rebuildProgram: included policy (364709 bytes)
2026/05/19 14:57:57.086297 [DEBUG] rebuildProgram: included learned rules (418 bytes)
2026/05/19 14:57:57.086297 [DEBUG] rebuildProgram: total program size = 644238 bytes
2026/05/19 14:57:57.155922 [DEBUG] rebuildProgram.parse completed in 69.6256ms
2026/05/19 14:57:57.155922 [DEBUG] rebuildProgram: parsed 2332 clauses
2026/05/19 14:57:57.167703 [DEBUG] rebuildProgram.analyze completed in 11.7802ms
2026/05/19 14:57:57.169025 [DEBUG] rebuildProgram: analysis complete, 1547 predicates declared
2026/05/19 14:57:57.169025 [INFO] rebuildProgram completed in 82.7281ms
2026/05/19 14:57:57.169025 [INFO] Mangle program rebuilt successfully
2026/05/19 14:57:57.169025 [DEBUG] evaluate: populating store with 15855 EDB facts
2026/05/19 14:57:57.172593 [DEBUG] evaluate: running fixpoint evaluation (derivedFactLimit=500000)
2026/05/19 14:57:57.172593 [DEBUG] evaluate: registered 10/10 external predicates (filtered by Decl)
2026/05/19 14:57:58.497417 [DEBUG] evaluate.fixpoint completed in 1.3248248s
2026/05/19 14:57:58.497417 [DEBUG] evaluate: fixpoint reached - strata=727, evalTime=1.2974959s, wallTime=1.3248248s
2026/05/19 14:57:58.497417 [DEBUG] evaluate completed in 1.4111205s
2026/05/19 14:57:58.497417 [DEBUG] evaluate: complete, kernel initialized
2026/05/19 14:57:58.497417 [DEBUG] LoadFacts completed in 1.4111205s
2026/05/19 14:58:00.871884 [DEBUG] Query: predicate=activate_shard
2026/05/19 14:58:00.871884 [DEBUG] Query completed in 0s
2026/05/19 14:58:00.871884 [DEBUG] Query: predicate=activate_shard returned 0 results
2026/05/19 14:58:00.881354 [DEBUG] Assert: registered_tool("a_simple_hello_world_greeter", "C:\\CodeProjects\\codeNERD\\.nerd\\tools\\.compiled\\a_simple_hello_world_greeter.exe", /all).
2026/05/19 14:58:00.881354 [DEBUG] evaluate: using cached programInfo
2026/05/19 14:58:00.881354 [DEBUG] evaluate: populating store with 15856 EDB facts
2026/05/19 14:58:00.884396 [DEBUG] evaluate: running fixpoint evaluation (derivedFactLimit=500000)
2026/05/19 14:58:00.884396 [DEBUG] evaluate: registered 10/10 external predicates (filtered by Decl)
2026/05/19 14:58:02.246608 [DEBUG] evaluate.fixpoint completed in 1.3622127s
2026/05/19 14:58:02.246608 [DEBUG] evaluate: fixpoint reached - strata=727, evalTime=1.3327809s, wallTime=1.3622127s
2026/05/19 14:58:02.246608 [DEBUG] evaluate completed in 1.365254s
2026/05/19 14:58:02.246608 [DEBUG] evaluate: complete, kernel initialized
2026/05/19 14:58:02.246608 [DEBUG] Assert: fact added successfully, total facts=15856
2026/05/19 14:58:02.246608 [DEBUG] Assert: tool_registered("a_simple_hello_world_greeter", "2026-05-19T14:57:57-04:00").
2026/05/19 14:58:02.246608 [DEBUG] Transaction.Commit: 5 ops (3 retracts, 2 asserts, 2 new), single rebuild
2026/05/19 14:58:02.246608 [DEBUG] rebuild: delegating to evaluate()
2026/05/19 14:58:02.246608 [DEBUG] evaluate: using cached programInfo
2026/05/19 14:58:02.246608 [DEBUG] evaluate: populating store with 15858 EDB facts
2026/05/19 14:58:02.250038 [DEBUG] evaluate: running fixpoint evaluation (derivedFactLimit=500000)
2026/05/19 14:58:02.250038 [DEBUG] evaluate: registered 10/10 external predicates (filtered by Decl)
2026/05/19 14:58:02.881846 [DEBUG] Query: predicate=delegate_task
2026/05/19 14:58:03.646572 [DEBUG] evaluate.fixpoint completed in 1.3965339s
2026/05/19 14:58:03.646572 [DEBUG] evaluate: fixpoint reached - strata=727, evalTime=1.3667768s, wallTime=1.3965339s
2026/05/19 14:58:03.646572 [DEBUG] evaluate completed in 1.3999636s
2026/05/19 14:58:03.646572 [DEBUG] evaluate: complete, kernel initialized
2026/05/19 14:58:03.646572 [DEBUG] Transaction.Commit completed in 1.3999636s
2026/05/19 14:58:03.646572 [DEBUG] Query: predicate=relevant_tool
2026/05/19 14:58:03.646572 [DEBUG] Query completed in 0s
2026/05/19 14:58:03.646572 [DEBUG] Query: predicate=relevant_tool returned 5 results
2026/05/19 14:58:03.646572 [DEBUG] Query completed in 764.7262ms
2026/05/19 14:58:03.646572 [DEBUG] Query: predicate=tool_registered
2026/05/19 14:58:03.646572 [DEBUG] Query: predicate=delegate_task returned 0 results
2026/05/19 14:58:03.646572 [DEBUG] evaluate: using cached programInfo
2026/05/19 14:58:03.646572 [DEBUG] evaluate: populating store with 15859 EDB facts
2026/05/19 14:58:03.649089 [DEBUG] evaluate: running fixpoint evaluation (derivedFactLimit=500000)
2026/05/19 14:58:03.649089 [DEBUG] evaluate: registered 10/10 external predicates (filtered by Decl)
2026/05/19 14:58:04.881669 [DEBUG] Query: predicate=delegate_task
2026/05/19 14:58:05.041383 [DEBUG] evaluate.fixpoint completed in 1.3922946s
2026/05/19 14:58:05.041383 [DEBUG] evaluate: fixpoint reached - strata=727, evalTime=1.3694472s, wallTime=1.3922946s
2026/05/19 14:58:05.041383 [DEBUG] evaluate completed in 1.3948113s
2026/05/19 14:58:05.041383 [DEBUG] evaluate: complete, kernel initialized
2026/05/19 14:58:05.041383 [DEBUG] Assert: fact added successfully, total facts=15859
2026/05/19 14:58:05.041383 [DEBUG] Assert: tool_hash("a_simple_hello_world_greeter", "17367320053a791ffa4fbf3036f8b353a81e56f33a4900126200157133102f1c").
2026/05/19 14:58:05.041383 [DEBUG] Query completed in 159.7141ms
2026/05/19 14:58:05.041383 [DEBUG] Query completed in 1.3948113s
2026/05/19 14:58:05.042389 [DEBUG] Query: predicate=tool_registered returned 6 results
2026/05/19 14:58:05.042389 [DEBUG] Query: predicate=tool_description
2026/05/19 14:58:05.042389 [DEBUG] Query: predicate=delegate_task returned 0 results
2026/05/19 14:58:05.042389 [DEBUG] Assert: duplicate fact skipped: tool_hash("a_simple_hello_world_greeter", "17367320053a791ffa4fbf3036f8b353a81e56f33a4900126200157133102f1c").
2026/05/19 14:58:05.042389 [DEBUG] Assert: registered_tool("a_tool_that_analyzes_go_code_a", "C:\\CodeProjects\\codeNERD\\.nerd\\tools\\.compiled\\a_tool_that_analyzes_go_code_a.exe", /all).
2026/05/19 14:58:05.042389 [DEBUG] Query completed in 0s
2026/05/19 14:58:05.042389 [DEBUG] Query: predicate=tool_description returned 5 results
2026/05/19 14:58:05.042389 [DEBUG] Query: predicate=tool_binary_path
2026/05/19 14:58:05.042389 [DEBUG] evaluate: using cached programInfo
2026/05/19 14:58:05.042389 [DEBUG] evaluate: populating store with 15860 EDB facts
2026/05/19 14:58:05.044904 [DEBUG] evaluate: running fixpoint evaluation (derivedFactLimit=500000)
2026/05/19 14:58:05.044904 [DEBUG] evaluate: registered 10/10 external predicates (filtered by Decl)
2026/05/19 14:58:06.369709 [DEBUG] evaluate.fixpoint completed in 1.3248048s
2026/05/19 14:58:06.369709 [DEBUG] evaluate: fixpoint reached - strata=727, evalTime=1.2945923s, wallTime=1.3248048s
2026/05/19 14:58:06.369709 [DEBUG] evaluate completed in 1.3273198s
2026/05/19 14:58:06.369709 [DEBUG] evaluate: complete, kernel initialized
2026/05/19 14:58:06.369709 [DEBUG] Assert: fact added successfully, total facts=15860
2026/05/19 14:58:06.369709 [DEBUG] Assert: tool_registered("a_tool_that_analyzes_go_code_a", "2026-05-19T14:57:57-04:00").
2026/05/19 14:58:06.369709 [DEBUG] Query completed in 1.3273198s
2026/05/19 14:58:06.369709 [DEBUG] Query: predicate=tool_binary_path returned 5 results
2026/05/19 14:58:06.369709 [DEBUG] evaluate: using cached programInfo
2026/05/19 14:58:06.370706 [DEBUG] evaluate: populating store with 15861 EDB facts
2026/05/19 14:58:06.371214 [DEBUG] Assert: active_shard("constitution_gate-1779217086369709200-1", /constitution_gate).
2026/05/19 14:58:06.376226 [DEBUG] evaluate: running fixpoint evaluation (derivedFactLimit=500000)
2026/05/19 14:58:06.376226 [DEBUG] evaluate: registered 10/10 external predicates (filtered by Decl)
2026/05/19 14:58:06.881751 [DEBUG] Query: predicate=delegate_task
2026/05/19 14:58:07.672486 [DEBUG] evaluate.fixpoint completed in 1.2962603s
2026/05/19 14:58:07.672486 [DEBUG] evaluate: fixpoint reached - strata=727, evalTime=1.2660321s, wallTime=1.2962603s
2026/05/19 14:58:07.672486 [DEBUG] evaluate completed in 1.3027772s
2026/05/19 14:58:07.672486 [DEBUG] evaluate: complete, kernel initialized
2026/05/19 14:58:07.672486 [DEBUG] Assert: fact added successfully, total facts=15861
2026/05/19 14:58:07.672486 [DEBUG] Assert: tool_hash("a_tool_that_analyzes_go_code_a", "a5cca6cc6890b3e82d6144b1cd1737c27e9e14748c2051b873e259bce3b9baa5").
2026/05/19 14:58:07.672486 [DEBUG] Query completed in 790.7348ms
2026/05/19 14:58:07.672486 [DEBUG] Query: predicate=delegate_task returned 0 results
2026/05/19 14:58:07.673493 [DEBUG] Assert: duplicate fact skipped: tool_hash("a_tool_that_analyzes_go_code_a", "a5cca6cc6890b3e82d6144b1cd1737c27e9e14748c2051b873e259bce3b9baa5").
2026/05/19 14:58:07.673493 [DEBUG] evaluate: using cached programInfo
2026/05/19 14:58:07.673493 [DEBUG] evaluate: populating store with 15862 EDB facts
2026/05/19 14:58:07.673493 [DEBUG] Assert: registered_tool("create_a_tool_that_validates_j", "C:\\CodeProjects\\codeNERD\\.nerd\\tools\\.compiled\\create_a_tool_that_validates_j.exe", /all).
2026/05/19 14:58:07.680495 [DEBUG] evaluate: running fixpoint evaluation (derivedFactLimit=500000)
2026/05/19 14:58:07.681493 [DEBUG] evaluate: registered 10/10 external predicates (filtered by Decl)
2026/05/19 14:58:08.881673 [DEBUG] Query: predicate=delegate_task
2026/05/19 14:58:08.981182 [DEBUG] evaluate.fixpoint completed in 1.2996893s
2026/05/19 14:58:08.981182 [DEBUG] evaluate: fixpoint reached - strata=727, evalTime=1.271794s, wallTime=1.2996893s
2026/05/19 14:58:08.981182 [DEBUG] evaluate completed in 1.3076895s
2026/05/19 14:58:08.981182 [DEBUG] evaluate: complete, kernel initialized
2026/05/19 14:58:08.981182 [DEBUG] Assert: fact added successfully, total facts=15862
2026/05/19 14:58:08.982188 [DEBUG] Assert: shard_status("constitution_gate-1779217086369709200-1", /running, "system_start").
2026/05/19 14:58:08.982188 [DEBUG] Query completed in 100.5146ms
2026/05/19 14:58:08.982188 [DEBUG] Query: predicate=delegate_task returned 0 results
2026/05/19 14:58:08.982188 [DEBUG] evaluate: using cached programInfo
2026/05/19 14:58:08.982188 [DEBUG] evaluate: populating store with 15863 EDB facts
2026/05/19 14:58:08.987736 [DEBUG] evaluate: running fixpoint evaluation (derivedFactLimit=500000)
2026/05/19 14:58:08.990269 [DEBUG] evaluate: registered 10/10 external predicates (filtered by Decl)
2026/05/19 14:58:10.306939 [DEBUG] evaluate.fixpoint completed in 1.3166702s
2026/05/19 14:58:10.306939 [DEBUG] evaluate: fixpoint reached - strata=727, evalTime=1.2872397s, wallTime=1.3166702s
2026/05/19 14:58:10.306939 [DEBUG] evaluate completed in 1.3247512s
2026/05/19 14:58:10.306939 [DEBUG] evaluate: complete, kernel initialized
2026/05/19 14:58:10.306939 [DEBUG] Assert: fact added successfully, total facts=15863
2026/05/19 14:58:10.306939 [DEBUG] evaluate: using cached programInfo
2026/05/19 14:58:10.306939 [DEBUG] evaluate: populating store with 15864 EDB facts
2026/05/19 14:58:10.309505 [DEBUG] evaluate: running fixpoint evaluation (derivedFactLimit=500000)
2026/05/19 14:58:10.309505 [DEBUG] evaluate: registered 10/10 external predicates (filtered by Decl)
2026/05/19 14:58:10.357350 [DEBUG] Query: predicate=pending_action
2026/05/19 14:58:10.881661 [DEBUG] Query: predicate=delegate_task
2026/05/19 14:58:11.642785 [DEBUG] evaluate.fixpoint completed in 1.3332795s
2026/05/19 14:58:11.643320 [DEBUG] evaluate: fixpoint reached - strata=727, evalTime=1.302683s, wallTime=1.3332795s
2026/05/19 14:58:11.643320 [DEBUG] evaluate completed in 1.3363809s
2026/05/19 14:58:11.643320 [DEBUG] evaluate: complete, kernel initialized
2026/05/19 14:58:11.643320 [DEBUG] Assert: fact added successfully, total facts=15864
2026/05/19 14:58:11.643320 [DEBUG] Assert: tool_registered("create_a_tool_that_validates_j", "2026-05-19T14:57:57-04:00").
2026/05/19 14:58:11.643320 [DEBUG] Query completed in 761.659ms
2026/05/19 14:58:11.643320 [DEBUG] Query completed in 1.2859703s
2026/05/19 14:58:11.643320 [DEBUG] Query: predicate=delegate_task returned 0 results
2026/05/19 14:58:11.643320 [DEBUG] Query: predicate=pending_action returned 0 results
2026/05/19 14:58:11.643320 [DEBUG] Query: predicate=user_requests_appeal
2026/05/19 14:58:11.643320 [DEBUG] evaluate: using cached programInfo
2026/05/19 14:58:11.643320 [DEBUG] evaluate: populating store with 15865 EDB facts
2026/05/19 14:58:11.648614 [DEBUG] evaluate: running fixpoint evaluation (derivedFactLimit=500000)
2026/05/19 14:58:11.648614 [DEBUG] evaluate: registered 10/10 external predicates (filtered by Decl)
2026/05/19 14:58:12.881759 [DEBUG] Query: predicate=delegate_task
2026/05/19 14:58:12.986962 [DEBUG] evaluate.fixpoint completed in 1.3383478s
2026/05/19 14:58:12.986962 [DEBUG] evaluate: fixpoint reached - strata=727, evalTime=1.3088883s, wallTime=1.3383478s
2026/05/19 14:58:12.986962 [DEBUG] evaluate completed in 1.3436421s
2026/05/19 14:58:12.986962 [DEBUG] evaluate: complete, kernel initialized
2026/05/19 14:58:12.986962 [DEBUG] Assert: fact added successfully, total facts=15865
2026/05/19 14:58:12.986962 [DEBUG] Query completed in 1.3436421s
2026/05/19 14:58:12.986962 [DEBUG] Query: predicate=user_requests_appeal returned 0 results
2026/05/19 14:58:12.986962 [DEBUG] Assert: tool_hash("create_a_tool_that_validates_j", "97e714dc719e6d5a59c12383539a3be255956d9a7192b6d17e258f95ec5e8800").
2026/05/19 14:58:12.986962 [DEBUG] Assert: system_heartbeat("constitution_gate", 1779217092).
2026/05/19 14:58:12.986962 [DEBUG] Query completed in 105.2035ms
2026/05/19 14:58:12.986962 [DEBUG] Query: predicate=delegate_task returned 0 results
2026/05/19 14:58:13.009299 [DEBUG] Transaction.Commit: 5 ops (3 retracts, 2 asserts, 2 new), single rebuild
2026/05/19 14:58:13.009299 [DEBUG] rebuild: delegating to evaluate()
2026/05/19 14:58:13.009299 [DEBUG] evaluate: using cached programInfo
2026/05/19 14:58:13.009299 [DEBUG] evaluate: populating store with 15865 EDB facts
2026/05/19 14:58:13.009299 [WARN] evaluate: cache desync (atoms=2 facts=15865), rebuilding cache
2026/05/19 14:58:13.027833 [DEBUG] evaluate: running fixpoint evaluation (derivedFactLimit=500000)
2026/05/19 14:58:13.027833 [DEBUG] evaluate: registered 10/10 external predicates (filtered by Decl)
2026/05/19 14:58:14.418426 [DEBUG] evaluate.fixpoint completed in 1.3905923s
2026/05/19 14:58:14.418426 [DEBUG] evaluate: fixpoint reached - strata=727, evalTime=1.362458s, wallTime=1.3905923s
2026/05/19 14:58:14.418426 [DEBUG] evaluate completed in 1.409127s
2026/05/19 14:58:14.418426 [DEBUG] evaluate: complete, kernel initialized
2026/05/19 14:58:14.418426 [DEBUG] Transaction.Commit completed in 1.4314637s
2026/05/19 14:58:14.418426 [DEBUG] Query: predicate=relevant_tool
2026/05/19 14:58:14.418426 [DEBUG] Query completed in 0s
2026/05/19 14:58:14.418426 [DEBUG] Query: predicate=relevant_tool returned 5 results
2026/05/19 14:58:14.418426 [DEBUG] Query: predicate=tool_registered
2026/05/19 14:58:14.418426 [DEBUG] Assert: duplicate fact skipped: tool_hash("create_a_tool_that_validates_j", "97e714dc719e6d5a59c12383539a3be255956d9a7192b6d17e258f95ec5e8800").
2026/05/19 14:58:14.418426 [DEBUG] Assert: registered_tool("echo_tool_that_returns_its_inp", "C:\\CodeProjects\\codeNERD\\.nerd\\tools\\.compiled\\echo_tool_that_returns_its_inp.exe", /all).
2026/05/19 14:58:14.418426 [DEBUG] Query completed in 0s
2026/05/19 14:58:14.418426 [DEBUG] Query: predicate=tool_registered returned 8 results
2026/05/19 14:58:14.418426 [DEBUG] Query: predicate=tool_description
2026/05/19 14:58:14.418426 [DEBUG] evaluate: using cached programInfo
2026/05/19 14:58:14.418426 [DEBUG] evaluate: populating store with 15866 EDB facts
2026/05/19 14:58:14.421577 [DEBUG] evaluate: running fixpoint evaluation (derivedFactLimit=500000)
2026/05/19 14:58:14.421577 [DEBUG] evaluate: registered 10/10 external predicates (filtered by Decl)
2026/05/19 14:58:14.881559 [DEBUG] Query: predicate=delegate_task
2026/05/19 14:58:15.739773 [DEBUG] evaluate.fixpoint completed in 1.3181958s
2026/05/19 14:58:15.739773 [DEBUG] evaluate: fixpoint reached - strata=727, evalTime=1.2933244s, wallTime=1.3181958s
2026/05/19 14:58:15.739773 [DEBUG] evaluate completed in 1.321347s
2026/05/19 14:58:15.739773 [DEBUG] evaluate: complete, kernel initialized
2026/05/19 14:58:15.739773 [DEBUG] Assert: fact added successfully, total facts=15866
2026/05/19 14:58:15.739773 [DEBUG] Query completed in 1.321347s
2026/05/19 14:58:15.739773 [DEBUG] Query: predicate=tool_description returned 5 results
2026/05/19 14:58:15.739773 [DEBUG] Query completed in 858.2133ms
2026/05/19 14:58:15.739773 [DEBUG] Assert: tool_registered("echo_tool_that_returns_its_inp", "2026-05-19T14:57:57-04:00").
2026/05/19 14:58:15.739773 [DEBUG] Query: predicate=tool_binary_path
2026/05/19 14:58:15.739773 [DEBUG] Query: predicate=delegate_task returned 0 results
2026/05/19 14:58:15.739773 [DEBUG] evaluate: using cached programInfo
2026/05/19 14:58:15.739773 [DEBUG] evaluate: populating store with 15867 EDB facts
2026/05/19 14:58:15.742414 [DEBUG] evaluate: running fixpoint evaluation (derivedFactLimit=500000)
2026/05/19 14:58:15.742414 [DEBUG] evaluate: registered 10/10 external predicates (filtered by Decl)
2026/05/19 14:58:16.881411 [DEBUG] Query: predicate=delegate_task
2026/05/19 14:58:17.054711 [DEBUG] evaluate.fixpoint completed in 1.312297s
2026/05/19 14:58:17.054711 [DEBUG] evaluate: fixpoint reached - strata=727, evalTime=1.2866807s, wallTime=1.312297s
2026/05/19 14:58:17.054711 [DEBUG] evaluate completed in 1.3149382s
2026/05/19 14:58:17.054711 [DEBUG] evaluate: complete, kernel initialized
2026/05/19 14:58:17.054711 [DEBUG] Assert: fact added successfully, total facts=15867
2026/05/19 14:58:17.054711 [DEBUG] Query: predicate=pending_action
2026/05/19 14:58:17.054711 [DEBUG] Query completed in 0s
2026/05/19 14:58:17.054711 [DEBUG] Query: predicate=pending_action returned 0 results
2026/05/19 14:58:17.054711 [DEBUG] Query completed in 173.3001ms
2026/05/19 14:58:17.054711 [DEBUG] Query completed in 1.3149382s
2026/05/19 14:58:17.054711 [DEBUG] Query: predicate=user_requests_appeal
2026/05/19 14:58:17.054711 [DEBUG] Query: predicate=tool_binary_path returned 5 results
2026/05/19 14:58:17.054711 [DEBUG] Query: predicate=delegate_task returned 0 results
2026/05/19 14:58:17.054711 [DEBUG] evaluate: using cached programInfo
2026/05/19 14:58:17.054711 [DEBUG] evaluate: populating store with 15868 EDB facts
2026/05/19 14:58:17.058857 [DEBUG] evaluate: running fixpoint evaluation (derivedFactLimit=500000)
2026/05/19 14:58:17.058857 [DEBUG] evaluate: registered 10/10 external predicates (filtered by Decl)
2026/05/19 14:58:18.391018 [DEBUG] evaluate.fixpoint completed in 1.332161s
2026/05/19 14:58:18.391018 [DEBUG] evaluate: fixpoint reached - strata=727, evalTime=1.30345s, wallTime=1.332161s
2026/05/19 14:58:18.391018 [DEBUG] evaluate completed in 1.3363067s
2026/05/19 14:58:18.391018 [DEBUG] evaluate: complete, kernel initialized
2026/05/19 14:58:18.391018 [DEBUG] Assert: fact added successfully, total facts=15868
2026/05/19 14:58:18.391018 [DEBUG] Assert: tool_hash("echo_tool_that_returns_its_inp", "b224f2d923c57dcbe89b75120bed770fceee9836be6f2a8fce1c7f92716fc430").
2026/05/19 14:58:18.391018 [DEBUG] Query completed in 1.3363067s
2026/05/19 14:58:18.391018 [DEBUG] Query: predicate=user_requests_appeal returned 0 results
2026/05/19 14:58:18.391018 [DEBUG] Assert: system_heartbeat("constitution_gate", 1779217098).
2026/05/19 14:58:18.391018 [DEBUG] Assert: duplicate fact skipped: tool_hash("echo_tool_that_returns_its_inp", "b224f2d923c57dcbe89b75120bed770fceee9836be6f2a8fce1c7f92716fc430").
2026/05/19 14:58:18.391018 [DEBUG] Assert: registered_tool("string_reverser", "C:\\CodeProjects\\codeNERD\\.nerd\\tools\\.compiled\\string_reverser.exe", /all).
2026/05/19 14:58:18.391018 [DEBUG] evaluate: using cached programInfo
2026/05/19 14:58:18.391018 [DEBUG] evaluate: populating store with 15869 EDB facts
2026/05/19 14:58:18.393545 [DEBUG] evaluate: running fixpoint evaluation (derivedFactLimit=500000)
2026/05/19 14:58:18.393545 [DEBUG] evaluate: registered 10/10 external predicates (filtered by Decl)
2026/05/19 14:58:18.881886 [DEBUG] Query: predicate=delegate_task
2026/05/19 14:58:19.758165 [DEBUG] evaluate.fixpoint completed in 1.3646192s
2026/05/19 14:58:19.758165 [DEBUG] evaluate: fixpoint reached - strata=727, evalTime=1.3340527s, wallTime=1.3646192s
2026/05/19 14:58:19.758165 [DEBUG] evaluate completed in 1.367147s
2026/05/19 14:58:19.758165 [DEBUG] evaluate: complete, kernel initialized
2026/05/19 14:58:19.758165 [DEBUG] Assert: fact added successfully, total facts=15869
2026/05/19 14:58:19.758165 [DEBUG] Query: predicate=pending_action
2026/05/19 14:58:19.758165 [DEBUG] Query completed in 0s
2026/05/19 14:58:19.758165 [DEBUG] Query: predicate=pending_action returned 0 results
2026/05/19 14:58:19.758165 [DEBUG] Query completed in 876.2791ms
2026/05/19 14:58:19.758165 [DEBUG] Query: predicate=user_requests_appeal
2026/05/19 14:58:19.758165 [DEBUG] Query: predicate=delegate_task returned 0 results
2026/05/19 14:58:19.758165 [DEBUG] evaluate: using cached programInfo
2026/05/19 14:58:19.758165 [DEBUG] evaluate: populating store with 15870 EDB facts
2026/05/19 14:58:19.761270 [DEBUG] evaluate: running fixpoint evaluation (derivedFactLimit=500000)
2026/05/19 14:58:19.761270 [DEBUG] evaluate: registered 10/10 external predicates (filtered by Decl)
2026/05/19 14:58:20.881454 [DEBUG] Query: predicate=delegate_task
2026/05/19 14:58:21.071393 [DEBUG] evaluate.fixpoint completed in 1.3101228s
2026/05/19 14:58:21.071393 [DEBUG] evaluate: fixpoint reached - strata=727, evalTime=1.2800895s, wallTime=1.3101228s
2026/05/19 14:58:21.071393 [DEBUG] evaluate completed in 1.3132282s
2026/05/19 14:58:21.071393 [DEBUG] evaluate: complete, kernel initialized
2026/05/19 14:58:21.071393 [DEBUG] Assert: fact added successfully, total facts=15870
2026/05/19 14:58:21.071393 [DEBUG] Assert: tool_registered("string_reverser", "2026-05-19T14:57:57-04:00").
2026/05/19 14:58:21.071393 [DEBUG] Query completed in 189.9385ms
2026/05/19 14:58:21.071393 [DEBUG] Query: predicate=delegate_task returned 0 results
2026/05/19 14:58:21.071393 [DEBUG] Query completed in 1.3132282s
2026/05/19 14:58:21.071393 [DEBUG] Query: predicate=user_requests_appeal returned 0 results
2026/05/19 14:58:21.071393 [DEBUG] Assert: system_heartbeat("constitution_gate", 1779217101).
2026/05/19 14:58:21.071393 [DEBUG] evaluate: using cached programInfo
2026/05/19 14:58:21.071393 [DEBUG] evaluate: populating store with 15871 EDB facts
2026/05/19 14:58:21.074439 [DEBUG] evaluate: running fixpoint evaluation (derivedFactLimit=500000)
2026/05/19 14:58:21.074439 [DEBUG] evaluate: registered 10/10 external predicates (filtered by Decl)
2026/05/19 14:58:22.364166 [DEBUG] evaluate.fixpoint completed in 1.2897266s
2026/05/19 14:58:22.364166 [DEBUG] evaluate: fixpoint reached - strata=727, evalTime=1.2668401s, wallTime=1.2897266s
2026/05/19 14:58:22.364166 [DEBUG] evaluate completed in 1.2927731s
2026/05/19 14:58:22.364166 [DEBUG] evaluate: complete, kernel initialized
2026/05/19 14:58:22.364166 [DEBUG] Assert: fact added successfully, total facts=15871
2026/05/19 14:58:22.364166 [DEBUG] Assert: tool_hash("string_reverser", "9128c7532e46bcfb62a23b04e431dada029d31c7459d5c9c95283ad860c77970").
2026/05/19 14:58:22.364166 [DEBUG] Assert: duplicate fact skipped: tool_hash("string_reverser", "9128c7532e46bcfb62a23b04e431dada029d31c7459d5c9c95283ad860c77970").
2026/05/19 14:58:22.364166 [DEBUG] evaluate: using cached programInfo
2026/05/19 14:58:22.364166 [DEBUG] evaluate: populating store with 15872 EDB facts
2026/05/19 14:58:22.367836 [DEBUG] evaluate: running fixpoint evaluation (derivedFactLimit=500000)
2026/05/19 14:58:22.367836 [DEBUG] evaluate: registered 10/10 external predicates (filtered by Decl)
2026/05/19 14:58:22.374581 [DEBUG] Assert: active_shard("perception_firewall-1779217097054711400-2", /perception_firewall).
2026/05/19 14:58:22.881633 [DEBUG] Query: predicate=delegate_task
2026/05/19 14:58:23.699908 [DEBUG] evaluate.fixpoint completed in 1.3320721s
2026/05/19 14:58:23.699908 [DEBUG] evaluate: fixpoint reached - strata=727, evalTime=1.298435s, wallTime=1.3320721s
2026/05/19 14:58:23.699908 [DEBUG] evaluate completed in 1.3357423s
2026/05/19 14:58:23.699908 [DEBUG] evaluate: complete, kernel initialized
2026/05/19 14:58:23.699908 [DEBUG] Assert: fact added successfully, total facts=15872
2026/05/19 14:58:23.699908 [DEBUG] Query: predicate=pending_action
2026/05/19 14:58:23.699908 [DEBUG] Query completed in 0s
2026/05/19 14:58:23.699908 [DEBUG] Query: predicate=pending_action returned 0 results
2026/05/19 14:58:23.699908 [DEBUG] Query completed in 818.2756ms
2026/05/19 14:58:23.699908 [DEBUG] Query: predicate=user_requests_appeal
2026/05/19 14:58:23.699908 [DEBUG] Query: predicate=delegate_task returned 0 results
2026/05/19 14:58:23.699908 [DEBUG] evaluate: using cached programInfo
2026/05/19 14:58:23.699908 [DEBUG] evaluate: populating store with 15873 EDB facts
2026/05/19 14:58:23.703434 [DEBUG] evaluate: running fixpoint evaluation (derivedFactLimit=500000)
2026/05/19 14:58:23.703434 [DEBUG] evaluate: registered 10/10 external predicates (filtered by Decl)
2026/05/19 14:58:24.881454 [DEBUG] Query: predicate=delegate_task
2026/05/19 14:58:25.044369 [DEBUG] evaluate.fixpoint completed in 1.3409348s
2026/05/19 14:58:25.044369 [DEBUG] evaluate: fixpoint reached - strata=727, evalTime=1.3138924s, wallTime=1.3409348s
2026/05/19 14:58:25.044369 [DEBUG] evaluate completed in 1.3444604s
2026/05/19 14:58:25.044369 [DEBUG] evaluate: complete, kernel initialized
2026/05/19 14:58:25.044369 [DEBUG] Assert: fact added successfully, total facts=15873
2026/05/19 14:58:25.044369 [DEBUG] Assert: shard_status("perception_firewall-1779217097054711400-2", /running, "system_start").
2026/05/19 14:58:25.044369 [DEBUG] Query completed in 162.9143ms
2026/05/19 14:58:25.044369 [DEBUG] Query completed in 1.3444604s
2026/05/19 14:58:25.044369 [DEBUG] Query: predicate=delegate_task returned 0 results
2026/05/19 14:58:25.044369 [DEBUG] Query: predicate=user_requests_appeal returned 0 results
2026/05/19 14:58:25.044369 [DEBUG] Assert: system_heartbeat("constitution_gate", 1779217105).
2026/05/19 14:58:25.044369 [DEBUG] evaluate: using cached programInfo
2026/05/19 14:58:25.044369 [DEBUG] evaluate: populating store with 15874 EDB facts
2026/05/19 14:58:25.047419 [DEBUG] evaluate: running fixpoint evaluation (derivedFactLimit=500000)
2026/05/19 14:58:25.047419 [DEBUG] evaluate: registered 10/10 external predicates (filtered by Decl)
2026/05/19 14:58:26.363734 [DEBUG] evaluate.fixpoint completed in 1.316315s
2026/05/19 14:58:26.363734 [DEBUG] evaluate: fixpoint reached - strata=727, evalTime=1.2915743s, wallTime=1.316315s
2026/05/19 14:58:26.363734 [DEBUG] evaluate completed in 1.319365s
2026/05/19 14:58:26.363734 [DEBUG] evaluate: complete, kernel initialized
2026/05/19 14:58:26.363734 [DEBUG] Assert: fact added successfully, total facts=15874
2026/05/19 14:58:26.363734 [DEBUG] evaluate: using cached programInfo
2026/05/19 14:58:26.363734 [DEBUG] evaluate: populating store with 15875 EDB facts
2026/05/19 14:58:26.367750 [DEBUG] evaluate: running fixpoint evaluation (derivedFactLimit=500000)
2026/05/19 14:58:26.367750 [DEBUG] evaluate: registered 10/10 external predicates (filtered by Decl)
2026/05/19 14:58:26.414006 [DEBUG] Assert: system_heartbeat("perception_firewall", 1779217106).
2026/05/19 14:58:26.881808 [DEBUG] Query: predicate=delegate_task
2026/05/19 14:58:27.659718 [DEBUG] evaluate.fixpoint completed in 1.2919685s
2026/05/19 14:58:27.659718 [DEBUG] evaluate: fixpoint reached - strata=727, evalTime=1.2649631s, wallTime=1.2919685s
2026/05/19 14:58:27.659718 [DEBUG] evaluate completed in 1.2959846s
2026/05/19 14:58:27.659718 [DEBUG] evaluate: complete, kernel initialized
2026/05/19 14:58:27.659718 [DEBUG] Assert: fact added successfully, total facts=15875
2026/05/19 14:58:27.659718 [DEBUG] Query: predicate=pending_action
2026/05/19 14:58:27.659718 [DEBUG] Query completed in 0s
2026/05/19 14:58:27.659718 [DEBUG] Query: predicate=pending_action returned 0 results
2026/05/19 14:58:27.659718 [DEBUG] Query: predicate=user_requests_appeal
2026/05/19 14:58:27.659718 [DEBUG] Query completed in 777.9106ms
2026/05/19 14:58:27.659718 [DEBUG] Query: predicate=delegate_task returned 0 results
2026/05/19 14:58:27.685371 [DEBUG] Transaction.Commit: 5 ops (3 retracts, 2 asserts, 2 new), single rebuild
2026/05/19 14:58:27.685371 [DEBUG] rebuild: delegating to evaluate()
2026/05/19 14:58:27.685371 [DEBUG] evaluate: using cached programInfo
2026/05/19 14:58:27.685371 [DEBUG] evaluate: populating store with 15875 EDB facts
2026/05/19 14:58:27.685371 [WARN] evaluate: cache desync (atoms=2 facts=15875), rebuilding cache
2026/05/19 14:58:27.695735 [DEBUG] evaluate: running fixpoint evaluation (derivedFactLimit=500000)
2026/05/19 14:58:27.697353 [DEBUG] evaluate: registered 10/10 external predicates (filtered by Decl)
2026/05/19 14:58:28.881766 [DEBUG] Query: predicate=delegate_task
2026/05/19 14:58:28.990001 [DEBUG] evaluate.fixpoint completed in 1.2926478s
2026/05/19 14:58:28.990001 [DEBUG] evaluate: fixpoint reached - strata=727, evalTime=1.2711779s, wallTime=1.2926478s
2026/05/19 14:58:28.990001 [DEBUG] evaluate completed in 1.3046297s
2026/05/19 14:58:28.990001 [DEBUG] evaluate: complete, kernel initialized
2026/05/19 14:58:28.990001 [DEBUG] Transaction.Commit completed in 1.3302829s
2026/05/19 14:58:28.990001 [DEBUG] Query: predicate=relevant_tool
2026/05/19 14:58:28.990001 [DEBUG] Query completed in 0s
2026/05/19 14:58:28.990001 [DEBUG] Query: predicate=relevant_tool returned 5 results
2026/05/19 14:58:28.990001 [DEBUG] Query completed in 1.3302829s
2026/05/19 14:58:28.990001 [DEBUG] Query completed in 108.2348ms
2026/05/19 14:58:28.990001 [DEBUG] Query: predicate=user_requests_appeal returned 0 results
2026/05/19 14:58:28.990001 [DEBUG] Query: predicate=tool_registered
2026/05/19 14:58:28.990001 [DEBUG] Assert: system_heartbeat("constitution_gate", 1779217108).
2026/05/19 14:58:28.990001 [DEBUG] Query: predicate=delegate_task returned 0 results
2026/05/19 14:58:28.990001 [DEBUG] evaluate: using cached programInfo
2026/05/19 14:58:28.990001 [DEBUG] evaluate: populating store with 15876 EDB facts
2026/05/19 14:58:28.994037 [DEBUG] evaluate: running fixpoint evaluation (derivedFactLimit=500000)
2026/05/19 14:58:28.994037 [DEBUG] evaluate: registered 10/10 external predicates (filtered by Decl)
2026/05/19 14:58:30.280047 [DEBUG] evaluate.fixpoint completed in 1.2860105s
2026/05/19 14:58:30.280047 [DEBUG] evaluate: fixpoint reached - strata=727, evalTime=1.2607164s, wallTime=1.2860105s
2026/05/19 14:58:30.280047 [DEBUG] evaluate completed in 1.2900462s
2026/05/19 14:58:30.280047 [DEBUG] evaluate: complete, kernel initialized
2026/05/19 14:58:30.280047 [DEBUG] Assert: fact added successfully, total facts=15876
2026/05/19 14:58:30.280568 [DEBUG] Assert: system_heartbeat("perception_firewall", 1779217110).
2026/05/19 14:58:30.280568 [DEBUG] Query completed in 1.2905673s
2026/05/19 14:58:30.280568 [DEBUG] Query: predicate=tool_registered returned 10 results
2026/05/19 14:58:30.280568 [DEBUG] Query: predicate=tool_description
2026/05/19 14:58:30.280568 [DEBUG] evaluate: using cached programInfo
2026/05/19 14:58:30.280568 [DEBUG] evaluate: populating store with 15877 EDB facts
2026/05/19 14:58:30.283810 [DEBUG] evaluate: running fixpoint evaluation (derivedFactLimit=500000)
2026/05/19 14:58:30.283810 [DEBUG] evaluate: registered 10/10 external predicates (filtered by Decl)
2026/05/19 14:58:30.881784 [DEBUG] Query: predicate=delegate_task
2026/05/19 14:58:31.581904 [DEBUG] evaluate.fixpoint completed in 1.2980939s
2026/05/19 14:58:31.581904 [DEBUG] evaluate: fixpoint reached - strata=727, evalTime=1.2724775s, wallTime=1.2980939s
2026/05/19 14:58:31.581904 [DEBUG] evaluate completed in 1.3013354s
2026/05/19 14:58:31.581904 [DEBUG] evaluate: complete, kernel initialized
2026/05/19 14:58:31.581904 [DEBUG] Assert: fact added successfully, total facts=15877
2026/05/19 14:58:31.581904 [DEBUG] Query: predicate=pending_action
2026/05/19 14:58:31.581904 [DEBUG] Query completed in 0s
2026/05/19 14:58:31.581904 [DEBUG] Query completed in 1.3013354s
2026/05/19 14:58:31.581904 [DEBUG] Query: predicate=pending_action returned 0 results
2026/05/19 14:58:31.581904 [DEBUG] Query completed in 700.12ms
2026/05/19 14:58:31.581904 [DEBUG] Query: predicate=tool_description returned 5 results
2026/05/19 14:58:31.581904 [DEBUG] Query: predicate=user_requests_appeal
2026/05/19 14:58:31.581904 [DEBUG] Query: predicate=tool_binary_path
2026/05/19 14:58:31.581904 [DEBUG] Query: predicate=delegate_task returned 0 results
2026/05/19 14:58:31.582919 [DEBUG] evaluate: using cached programInfo
2026/05/19 14:58:31.582919 [DEBUG] evaluate: populating store with 15878 EDB facts
2026/05/19 14:58:31.585446 [DEBUG] evaluate: running fixpoint evaluation (derivedFactLimit=500000)
2026/05/19 14:58:31.585446 [DEBUG] evaluate: registered 10/10 external predicates (filtered by Decl)
2026/05/19 14:58:32.882426 [DEBUG] Query: predicate=delegate_task
2026/05/19 14:58:32.904411 [DEBUG] evaluate.fixpoint completed in 1.3189658s
2026/05/19 14:58:32.904411 [DEBUG] evaluate: fixpoint reached - strata=727, evalTime=1.2902079s, wallTime=1.3189658s
2026/05/19 14:58:32.904411 [DEBUG] evaluate completed in 1.3214926s
2026/05/19 14:58:32.904411 [DEBUG] evaluate: complete, kernel initialized
2026/05/19 14:58:32.904411 [DEBUG] Assert: fact added successfully, total facts=15878
2026/05/19 14:58:32.904411 [DEBUG] Assert: system_heartbeat("perception_firewall", 1779217112).
2026/05/19 14:58:32.904411 [DEBUG] Query completed in 21.9857ms
2026/05/19 14:58:32.904411 [DEBUG] Query completed in 1.3225076s
2026/05/19 14:58:32.904411 [DEBUG] Query completed in 1.3225076s
2026/05/19 14:58:32.904411 [DEBUG] Query: predicate=user_requests_appeal returned 0 results
2026/05/19 14:58:32.904411 [DEBUG] Assert: system_heartbeat("constitution_gate", 1779217112).
2026/05/19 14:58:32.904411 [DEBUG] Query: predicate=delegate_task returned 0 results
2026/05/19 14:58:32.904411 [DEBUG] Query: predicate=tool_binary_path returned 5 results
2026/05/19 14:58:32.904411 [DEBUG] evaluate: using cached programInfo
2026/05/19 14:58:32.904411 [DEBUG] evaluate: populating store with 15879 EDB facts
2026/05/19 14:58:32.907493 [DEBUG] evaluate: running fixpoint evaluation (derivedFactLimit=500000)
2026/05/19 14:58:32.907493 [DEBUG] evaluate: registered 10/10 external predicates (filtered by Decl)
2026/05/19 14:58:34.317853 [DEBUG] evaluate.fixpoint completed in 1.4098538s
2026/05/19 14:58:34.317853 [DEBUG] evaluate: fixpoint reached - strata=727, evalTime=1.3820164s, wallTime=1.4098538s
2026/05/19 14:58:34.317853 [DEBUG] evaluate completed in 1.4134411s
2026/05/19 14:58:34.317853 [DEBUG] evaluate: complete, kernel initialized
2026/05/19 14:58:34.317853 [DEBUG] Assert: fact added successfully, total facts=15879
2026/05/19 14:58:34.317853 [DEBUG] Assert: system_heartbeat("perception_firewall", 1779217114).
2026/05/19 14:58:34.317853 [DEBUG] evaluate: using cached programInfo
2026/05/19 14:58:34.317853 [DEBUG] evaluate: populating store with 15880 EDB facts
2026/05/19 14:58:34.321412 [DEBUG] evaluate: running fixpoint evaluation (derivedFactLimit=500000)
2026/05/19 14:58:34.321412 [DEBUG] evaluate: registered 10/10 external predicates (filtered by Decl)
2026/05/19 14:58:34.881757 [DEBUG] Query: predicate=delegate_task
2026/05/19 14:58:35.712481 [DEBUG] evaluate.fixpoint completed in 1.3910687s
2026/05/19 14:58:35.712481 [DEBUG] evaluate: fixpoint reached - strata=727, evalTime=1.3672461s, wallTime=1.3910687s
2026/05/19 14:58:35.712481 [DEBUG] evaluate completed in 1.3946286s
2026/05/19 14:58:35.712481 [DEBUG] evaluate: complete, kernel initialized
2026/05/19 14:58:35.712481 [DEBUG] Assert: fact added successfully, total facts=15880
2026/05/19 14:58:35.712481 [DEBUG] Query: predicate=pending_action
2026/05/19 14:58:35.713003 [DEBUG] Query completed in 521.7µs
2026/05/19 14:58:35.713003 [DEBUG] Query: predicate=pending_action returned 0 results
2026/05/19 14:58:35.713003 [DEBUG] Query: predicate=user_requests_appeal
2026/05/19 14:58:35.713003 [DEBUG] Query completed in 831.2459ms
2026/05/19 14:58:35.713003 [DEBUG] Query: predicate=delegate_task returned 0 results
2026/05/19 14:58:35.713003 [DEBUG] evaluate: using cached programInfo
2026/05/19 14:58:35.713003 [DEBUG] evaluate: populating store with 15881 EDB facts
2026/05/19 14:58:35.715251 [DEBUG] evaluate: running fixpoint evaluation (derivedFactLimit=500000)
2026/05/19 14:58:35.715251 [DEBUG] evaluate: registered 10/10 external predicates (filtered by Decl)
2026/05/19 14:58:36.881895 [DEBUG] Query: predicate=delegate_task
2026/05/19 14:58:37.058153 [DEBUG] evaluate.fixpoint completed in 1.3429022s
2026/05/19 14:58:37.058153 [DEBUG] evaluate: fixpoint reached - strata=727, evalTime=1.3132287s, wallTime=1.3429022s
2026/05/19 14:58:37.058153 [DEBUG] evaluate completed in 1.3451499s
2026/05/19 14:58:37.058153 [DEBUG] evaluate: complete, kernel initialized
2026/05/19 14:58:37.058153 [DEBUG] Assert: fact added successfully, total facts=15881
2026/05/19 14:58:37.058153 [DEBUG] Assert: system_heartbeat("perception_firewall", 1779217117).
2026/05/19 14:58:37.058153 [DEBUG] Query completed in 176.2582ms
2026/05/19 14:58:37.059164 [DEBUG] Query completed in 1.3451499s
2026/05/19 14:58:37.059164 [DEBUG] Query: predicate=user_requests_appeal returned 0 results
2026/05/19 14:58:37.059164 [DEBUG] Query: predicate=delegate_task returned 0 results
2026/05/19 14:58:37.059164 [DEBUG] Assert: system_heartbeat("constitution_gate", 1779217117).
2026/05/19 14:58:37.059164 [DEBUG] evaluate: using cached programInfo
2026/05/19 14:58:37.059164 [DEBUG] evaluate: populating store with 15882 EDB facts
2026/05/19 14:58:37.061195 [DEBUG] evaluate: running fixpoint evaluation (derivedFactLimit=500000)
2026/05/19 14:58:37.061195 [DEBUG] evaluate: registered 10/10 external predicates (filtered by Decl)
2026/05/19 14:58:38.407067 [DEBUG] evaluate.fixpoint completed in 1.3458723s
2026/05/19 14:58:38.407067 [DEBUG] evaluate: fixpoint reached - strata=727, evalTime=1.3132863s, wallTime=1.3458723s
2026/05/19 14:58:38.407067 [DEBUG] evaluate completed in 1.3479027s
2026/05/19 14:58:38.407067 [DEBUG] evaluate: complete, kernel initialized
2026/05/19 14:58:38.407067 [DEBUG] Assert: fact added successfully, total facts=15882
2026/05/19 14:58:38.407067 [INFO] Repair interceptor attached to kernel
2026/05/19 14:58:38.407067 [DEBUG] evaluate: using cached programInfo
2026/05/19 14:58:38.407067 [DEBUG] Assert: system_heartbeat("perception_firewall", 1779217118).
2026/05/19 14:58:38.407067 [DEBUG] Assert: active_shard("mangle_repair-1779217112904411900-3", /mangle_repair).
2026/05/19 14:58:38.407067 [DEBUG] evaluate: populating store with 15883 EDB facts
2026/05/19 14:58:38.410113 [DEBUG] evaluate: running fixpoint evaluation (derivedFactLimit=500000)
2026/05/19 14:58:38.410113 [DEBUG] evaluate: registered 10/10 external predicates (filtered by Decl)
2026/05/19 14:58:38.881692 [DEBUG] Query: predicate=delegate_task
2026/05/19 14:58:39.751058 [DEBUG] evaluate.fixpoint completed in 1.3409447s
2026/05/19 14:58:39.751058 [DEBUG] evaluate: fixpoint reached - strata=727, evalTime=1.3122438s, wallTime=1.3409447s
2026/05/19 14:58:39.751058 [DEBUG] evaluate completed in 1.3439908s
2026/05/19 14:58:39.751058 [DEBUG] evaluate: complete, kernel initialized
2026/05/19 14:58:39.751058 [DEBUG] Assert: fact added successfully, total facts=15883
2026/05/19 14:58:39.751058 [DEBUG] Query: predicate=pending_action
2026/05/19 14:58:39.751058 [DEBUG] Query completed in 0s
2026/05/19 14:58:39.751058 [DEBUG] Query completed in 869.3659ms
2026/05/19 14:58:39.751058 [DEBUG] Query: predicate=pending_action returned 0 results
2026/05/19 14:58:39.751058 [DEBUG] Query: predicate=user_requests_appeal
2026/05/19 14:58:39.751058 [DEBUG] Query: predicate=delegate_task returned 0 results
2026/05/19 14:58:39.751058 [DEBUG] evaluate: using cached programInfo
2026/05/19 14:58:39.751058 [DEBUG] evaluate: populating store with 15884 EDB facts
2026/05/19 14:58:39.754070 [DEBUG] evaluate: running fixpoint evaluation (derivedFactLimit=500000)
2026/05/19 14:58:39.754070 [DEBUG] evaluate: registered 10/10 external predicates (filtered by Decl)
2026/05/19 14:58:40.882358 [DEBUG] Query: predicate=delegate_task
2026/05/19 14:58:41.075592 [DEBUG] evaluate.fixpoint completed in 1.3215229s
2026/05/19 14:58:41.075592 [DEBUG] evaluate: fixpoint reached - strata=727, evalTime=1.2942255s, wallTime=1.3215229s
2026/05/19 14:58:41.075592 [DEBUG] evaluate completed in 1.3245348s
2026/05/19 14:58:41.075592 [DEBUG] evaluate: complete, kernel initialized
2026/05/19 14:58:41.075592 [DEBUG] Assert: fact added successfully, total facts=15884
2026/05/19 14:58:41.075592 [DEBUG] Assert: system_heartbeat("perception_firewall", 1779217121).
2026/05/19 14:58:41.075592 [DEBUG] Query completed in 193.2345ms
2026/05/19 14:58:41.075592 [DEBUG] Query completed in 1.3245348s
2026/05/19 14:58:41.075592 [DEBUG] Query: predicate=delegate_task returned 0 results
2026/05/19 14:58:41.076119 [DEBUG] Query: predicate=user_requests_appeal returned 0 results
2026/05/19 14:58:41.076119 [DEBUG] Assert: system_heartbeat("constitution_gate", 1779217121).
2026/05/19 14:58:41.076119 [DEBUG] evaluate: using cached programInfo
2026/05/19 14:58:41.076119 [DEBUG] evaluate: populating store with 15885 EDB facts
2026/05/19 14:58:41.078786 [DEBUG] evaluate: running fixpoint evaluation (derivedFactLimit=500000)
2026/05/19 14:58:41.078786 [DEBUG] evaluate: registered 10/10 external predicates (filtered by Decl)
2026/05/19 14:58:42.436286 [DEBUG] evaluate.fixpoint completed in 1.3574998s
2026/05/19 14:58:42.436286 [DEBUG] evaluate: fixpoint reached - strata=727, evalTime=1.3302339s, wallTime=1.3574998s
2026/05/19 14:58:42.436286 [DEBUG] evaluate completed in 1.3601663s
2026/05/19 14:58:42.436286 [DEBUG] evaluate: complete, kernel initialized
2026/05/19 14:58:42.436286 [DEBUG] Assert: fact added successfully, total facts=15885
2026/05/19 14:58:42.436286 [DEBUG] evaluate: using cached programInfo
2026/05/19 14:58:42.436286 [DEBUG] evaluate: populating store with 15886 EDB facts
2026/05/19 14:58:42.436286 [DEBUG] Assert: system_heartbeat("perception_firewall", 1779217122).
2026/05/19 14:58:42.440379 [DEBUG] evaluate: running fixpoint evaluation (derivedFactLimit=500000)
2026/05/19 14:58:42.440379 [DEBUG] evaluate: registered 10/10 external predicates (filtered by Decl)
2026/05/19 14:58:42.881474 [DEBUG] Query: predicate=delegate_task
2026/05/19 14:58:43.927330 [DEBUG] evaluate.fixpoint completed in 1.4869506s
2026/05/19 14:58:43.927330 [DEBUG] evaluate: fixpoint reached - strata=727, evalTime=1.4592968s, wallTime=1.4869506s
2026/05/19 14:58:43.927330 [DEBUG] evaluate completed in 1.4910441s
2026/05/19 14:58:43.927330 [DEBUG] evaluate: complete, kernel initialized
2026/05/19 14:58:43.927330 [DEBUG] Assert: fact added successfully, total facts=15886
2026/05/19 14:58:43.927330 [DEBUG] Query completed in 1.0458561s
2026/05/19 14:58:43.927330 [DEBUG] Assert: shard_status("mangle_repair-1779217112904411900-3", /running, "system_start").
2026/05/19 14:58:43.927330 [DEBUG] Query: predicate=delegate_task returned 0 results
2026/05/19 14:58:43.927330 [DEBUG] evaluate: using cached programInfo
2026/05/19 14:58:43.927330 [DEBUG] evaluate: populating store with 15887 EDB facts
2026/05/19 14:58:43.931909 [DEBUG] evaluate: running fixpoint evaluation (derivedFactLimit=500000)
2026/05/19 14:58:43.931909 [DEBUG] evaluate: registered 10/10 external predicates (filtered by Decl)
2026/05/19 14:58:44.881810 [DEBUG] Query: predicate=delegate_task
2026/05/19 14:58:45.363116 [DEBUG] evaluate.fixpoint completed in 1.4312065s
2026/05/19 14:58:45.363116 [DEBUG] evaluate: fixpoint reached - strata=727, evalTime=1.4043032s, wallTime=1.4312065s
2026/05/19 14:58:45.363116 [DEBUG] evaluate completed in 1.4357862s
2026/05/19 14:58:45.363116 [DEBUG] evaluate: complete, kernel initialized
2026/05/19 14:58:45.363116 [DEBUG] Assert: fact added successfully, total facts=15887
2026/05/19 14:58:45.363116 [DEBUG] Query completed in 481.3058ms
2026/05/19 14:58:45.363116 [DEBUG] Query: predicate=pending_action
2026/05/19 14:58:45.363116 [DEBUG] Query: predicate=delegate_task returned 0 results
2026/05/19 14:58:45.363116 [DEBUG] evaluate: using cached programInfo
2026/05/19 14:58:45.363116 [DEBUG] evaluate: populating store with 15888 EDB facts
2026/05/19 14:58:45.366429 [DEBUG] evaluate: running fixpoint evaluation (derivedFactLimit=500000)
2026/05/19 14:58:45.366429 [DEBUG] evaluate: registered 10/10 external predicates (filtered by Decl)
2026/05/19 14:58:46.776032 [DEBUG] evaluate.fixpoint completed in 1.4096033s
2026/05/19 14:58:46.776032 [DEBUG] evaluate: fixpoint reached - strata=727, evalTime=1.3808824s, wallTime=1.4096033s
2026/05/19 14:58:46.776032 [DEBUG] evaluate completed in 1.4129161s
2026/05/19 14:58:46.776032 [DEBUG] evaluate: complete, kernel initialized
2026/05/19 14:58:46.776032 [DEBUG] Assert: fact added successfully, total facts=15888
2026/05/19 14:58:46.776032 [DEBUG] Assert: system_heartbeat("perception_firewall", 1779217126).
2026/05/19 14:58:46.776032 [DEBUG] Query completed in 1.4129161s
2026/05/19 14:58:46.776032 [DEBUG] Query: predicate=pending_action returned 0 results
2026/05/19 14:58:46.776032 [DEBUG] Query: predicate=user_requests_appeal
2026/05/19 14:58:46.776032 [DEBUG] evaluate: using cached programInfo
2026/05/19 14:58:46.776032 [DEBUG] evaluate: populating store with 15889 EDB facts
2026/05/19 14:58:46.779230 [DEBUG] evaluate: running fixpoint evaluation (derivedFactLimit=500000)
2026/05/19 14:58:46.779230 [DEBUG] evaluate: registered 10/10 external predicates (filtered by Decl)
2026/05/19 14:58:46.881684 [DEBUG] Query: predicate=delegate_task
2026/05/19 14:58:48.128237 [DEBUG] evaluate.fixpoint completed in 1.3490069s
2026/05/19 14:58:48.128237 [DEBUG] evaluate: fixpoint reached - strata=727, evalTime=1.3257336s, wallTime=1.3490069s
2026/05/19 14:58:48.128237 [DEBUG] evaluate completed in 1.3522048s
2026/05/19 14:58:48.128237 [DEBUG] evaluate: complete, kernel initialized
2026/05/19 14:58:48.128237 [DEBUG] Assert: fact added successfully, total facts=15889
2026/05/19 14:58:48.128237 [DEBUG] Query completed in 1.3522048s
2026/05/19 14:58:48.128237 [DEBUG] Query completed in 1.2465529s
2026/05/19 14:58:48.128237 [DEBUG] Query: predicate=user_requests_appeal returned 0 results
2026/05/19 14:58:48.128237 [DEBUG] Assert: system_heartbeat("constitution_gate", 1779217128).
2026/05/19 14:58:48.128237 [DEBUG] Query: predicate=delegate_task returned 0 results
2026/05/19 14:58:48.151969 [DEBUG] Transaction.Commit: 5 ops (3 retracts, 2 asserts, 2 new), single rebuild
2026/05/19 14:58:48.151969 [DEBUG] rebuild: delegating to evaluate()
2026/05/19 14:58:48.151969 [DEBUG] evaluate: using cached programInfo
2026/05/19 14:58:48.151969 [DEBUG] evaluate: populating store with 15889 EDB facts
2026/05/19 14:58:48.151969 [WARN] evaluate: cache desync (atoms=2 facts=15889), rebuilding cache
2026/05/19 14:58:48.163891 [DEBUG] evaluate: running fixpoint evaluation (derivedFactLimit=500000)
2026/05/19 14:58:48.163891 [DEBUG] evaluate: registered 10/10 external predicates (filtered by Decl)
2026/05/19 14:58:48.881704 [DEBUG] Query: predicate=delegate_task
2026/05/19 14:58:49.561862 [DEBUG] evaluate.fixpoint completed in 1.3979707s
2026/05/19 14:58:49.561862 [DEBUG] evaluate: fixpoint reached - strata=727, evalTime=1.3710372s, wallTime=1.3979707s
2026/05/19 14:58:49.561862 [DEBUG] evaluate completed in 1.4098927s
2026/05/19 14:58:49.561862 [DEBUG] evaluate: complete, kernel initialized
2026/05/19 14:58:49.561862 [DEBUG] Transaction.Commit completed in 1.4336249s
2026/05/19 14:58:49.561862 [DEBUG] Query completed in 680.1577ms
2026/05/19 14:58:49.561862 [DEBUG] Query: predicate=relevant_tool
2026/05/19 14:58:49.561862 [DEBUG] Query: predicate=delegate_task returned 0 results
2026/05/19 14:58:49.561862 [DEBUG] evaluate: using cached programInfo
2026/05/19 14:58:49.562871 [DEBUG] evaluate: populating store with 15890 EDB facts
2026/05/19 14:58:49.567451 [DEBUG] evaluate: running fixpoint evaluation (derivedFactLimit=500000)
2026/05/19 14:58:49.568459 [DEBUG] evaluate: registered 10/10 external predicates (filtered by Decl)
2026/05/19 14:58:50.881672 [DEBUG] Query: predicate=delegate_task
2026/05/19 14:58:50.910194 [DEBUG] evaluate.fixpoint completed in 1.3417347s
2026/05/19 14:58:50.910708 [DEBUG] evaluate: fixpoint reached - strata=727, evalTime=1.3138512s, wallTime=1.3417347s
2026/05/19 14:58:50.910708 [DEBUG] evaluate completed in 1.348846s
2026/05/19 14:58:50.910708 [DEBUG] evaluate: complete, kernel initialized
2026/05/19 14:58:50.910708 [DEBUG] Assert: fact added successfully, total facts=15890
2026/05/19 14:58:50.910708 [DEBUG] Query completed in 1.348846s
2026/05/19 14:58:50.910708 [DEBUG] Query: predicate=relevant_tool returned 5 results
2026/05/19 14:58:50.910708 [DEBUG] Query completed in 29.0361ms
2026/05/19 14:58:50.910708 [DEBUG] Assert: system_heartbeat("perception_firewall", 1779217130).
2026/05/19 14:58:50.910708 [DEBUG] Query: predicate=tool_registered
2026/05/19 14:58:50.910708 [DEBUG] Query: predicate=delegate_task returned 0 results
2026/05/19 14:58:50.910708 [DEBUG] evaluate: using cached programInfo
2026/05/19 14:58:50.910708 [DEBUG] evaluate: populating store with 15891 EDB facts
2026/05/19 14:58:50.913739 [DEBUG] evaluate: running fixpoint evaluation (derivedFactLimit=500000)
2026/05/19 14:58:50.913739 [DEBUG] evaluate: registered 10/10 external predicates (filtered by Decl)
2026/05/19 14:58:52.211965 [DEBUG] evaluate.fixpoint completed in 1.2982254s
2026/05/19 14:58:52.211965 [DEBUG] evaluate: fixpoint reached - strata=727, evalTime=1.2744726s, wallTime=1.2982254s
2026/05/19 14:58:52.211965 [DEBUG] evaluate completed in 1.3012572s
2026/05/19 14:58:52.211965 [DEBUG] evaluate: complete, kernel initialized
2026/05/19 14:58:52.211965 [DEBUG] Assert: fact added successfully, total facts=15891
2026/05/19 14:58:52.211965 [DEBUG] Query: predicate=pending_action
2026/05/19 14:58:52.211965 [DEBUG] Query completed in 0s
2026/05/19 14:58:52.211965 [DEBUG] Query: predicate=pending_action returned 0 results
2026/05/19 14:58:52.211965 [DEBUG] Query: predicate=user_requests_appeal
2026/05/19 14:58:52.211965 [DEBUG] Query completed in 0s
2026/05/19 14:58:52.211965 [DEBUG] Query: predicate=user_requests_appeal returned 0 results
2026/05/19 14:58:52.211965 [DEBUG] Query completed in 1.3012572s
2026/05/19 14:58:52.211965 [DEBUG] Assert: system_heartbeat("constitution_gate", 1779217132).
2026/05/19 14:58:52.211965 [DEBUG] Query: predicate=tool_registered returned 10 results
2026/05/19 14:58:52.211965 [DEBUG] Query: predicate=tool_description
2026/05/19 14:58:52.211965 [DEBUG] evaluate: using cached programInfo
2026/05/19 14:58:52.211965 [DEBUG] evaluate: populating store with 15892 EDB facts
2026/05/19 14:58:52.216647 [DEBUG] evaluate: running fixpoint evaluation (derivedFactLimit=500000)
2026/05/19 14:58:52.216647 [DEBUG] evaluate: registered 10/10 external predicates (filtered by Decl)
2026/05/19 14:58:52.881679 [DEBUG] Query: predicate=delegate_task
2026/05/19 14:58:53.588340 [DEBUG] evaluate.fixpoint completed in 1.3716925s
2026/05/19 14:58:53.588340 [DEBUG] evaluate: fixpoint reached - strata=727, evalTime=1.3450232s, wallTime=1.3716925s
2026/05/19 14:58:53.588340 [DEBUG] evaluate completed in 1.3763748s
2026/05/19 14:58:53.588340 [DEBUG] evaluate: complete, kernel initialized
2026/05/19 14:58:53.588340 [DEBUG] Assert: fact added successfully, total facts=15892
2026/05/19 14:58:53.588340 [DEBUG] Assert: system_heartbeat("perception_firewall", 1779217133).
2026/05/19 14:58:53.588340 [DEBUG] Query completed in 706.6606ms
2026/05/19 14:58:53.589341 [DEBUG] Query completed in 1.3773757s
2026/05/19 14:58:53.589341 [DEBUG] Query: predicate=delegate_task returned 0 results
2026/05/19 14:58:53.589341 [DEBUG] Query: predicate=tool_description returned 5 results
2026/05/19 14:58:53.589341 [DEBUG] Query: predicate=tool_binary_path
2026/05/19 14:58:53.589341 [DEBUG] evaluate: using cached programInfo
2026/05/19 14:58:53.589341 [DEBUG] evaluate: populating store with 15893 EDB facts
2026/05/19 14:58:53.591369 [DEBUG] evaluate: running fixpoint evaluation (derivedFactLimit=500000)
2026/05/19 14:58:53.591369 [DEBUG] evaluate: registered 10/10 external predicates (filtered by Decl)
2026/05/19 14:58:54.881743 [DEBUG] Query: predicate=delegate_task
2026/05/19 14:58:54.944726 [DEBUG] evaluate.fixpoint completed in 1.3533578s
2026/05/19 14:58:54.944726 [DEBUG] evaluate: fixpoint reached - strata=727, evalTime=1.3208376s, wallTime=1.3533578s
2026/05/19 14:58:54.944726 [DEBUG] evaluate completed in 1.3553859s
2026/05/19 14:58:54.944726 [DEBUG] evaluate: complete, kernel initialized
2026/05/19 14:58:54.944726 [DEBUG] Assert: fact added successfully, total facts=15893
2026/05/19 14:58:54.944726 [DEBUG] Query completed in 1.3553859s
2026/05/19 14:58:54.944726 [DEBUG] Query: predicate=tool_binary_path returned 5 results
2026/05/19 14:58:54.944726 [DEBUG] Assert: system_heartbeat("perception_firewall", 1779217134).
2026/05/19 14:58:54.944726 [DEBUG] Query completed in 62.9831ms
2026/05/19 14:58:54.944726 [DEBUG] Query: predicate=delegate_task returned 0 results
2026/05/19 14:58:54.944726 [DEBUG] evaluate: using cached programInfo
2026/05/19 14:58:54.944726 [DEBUG] evaluate: populating store with 15894 EDB facts
2026/05/19 14:58:54.944726 [DEBUG] Assert: active_shard("executive_policy-1779217134944726900-4", /executive_policy).
2026/05/19 14:58:54.947307 [DEBUG] evaluate: running fixpoint evaluation (derivedFactLimit=500000)
2026/05/19 14:58:54.947307 [DEBUG] evaluate: registered 10/10 external predicates (filtered by Decl)
2026/05/19 14:58:56.265037 [DEBUG] evaluate.fixpoint completed in 1.3177295s
2026/05/19 14:58:56.265037 [DEBUG] evaluate: fixpoint reached - strata=727, evalTime=1.2852376s, wallTime=1.3177295s
2026/05/19 14:58:56.265037 [DEBUG] evaluate completed in 1.3203105s
2026/05/19 14:58:56.265037 [DEBUG] evaluate: complete, kernel initialized
2026/05/19 14:58:56.265037 [DEBUG] Assert: fact added successfully, total facts=15894
2026/05/19 14:58:56.265037 [DEBUG] Query: predicate=pending_action
2026/05/19 14:58:56.265037 [DEBUG] evaluate: using cached programInfo
2026/05/19 14:58:56.265603 [DEBUG] evaluate: populating store with 15895 EDB facts
2026/05/19 14:58:56.270881 [DEBUG] evaluate: running fixpoint evaluation (derivedFactLimit=500000)
2026/05/19 14:58:56.270881 [DEBUG] evaluate: registered 10/10 external predicates (filtered by Decl)
2026/05/19 14:58:56.881596 [DEBUG] Query: predicate=delegate_task
2026/05/19 14:58:57.601837 [DEBUG] evaluate.fixpoint completed in 1.3309558s
2026/05/19 14:58:57.601837 [DEBUG] evaluate: fixpoint reached - strata=727, evalTime=1.2995353s, wallTime=1.3309558s
2026/05/19 14:58:57.601837 [DEBUG] evaluate completed in 1.3368001s
2026/05/19 14:58:57.601837 [DEBUG] evaluate: complete, kernel initialized
2026/05/19 14:58:57.601837 [DEBUG] Assert: fact added successfully, total facts=15895
2026/05/19 14:58:57.601837 [DEBUG] Assert: system_heartbeat("perception_firewall", 1779217137).
2026/05/19 14:58:57.601837 [DEBUG] Query completed in 1.3368001s
2026/05/19 14:58:57.601837 [DEBUG] Query completed in 720.2413ms
2026/05/19 14:58:57.601837 [DEBUG] Query: predicate=pending_action returned 0 results
2026/05/19 14:58:57.601837 [DEBUG] Query: predicate=delegate_task returned 0 results
2026/05/19 14:58:57.601837 [DEBUG] Query: predicate=user_requests_appeal
2026/05/19 14:58:57.601837 [DEBUG] evaluate: using cached programInfo
2026/05/19 14:58:57.601837 [DEBUG] evaluate: populating store with 15896 EDB facts
2026/05/19 14:58:57.605433 [DEBUG] evaluate: running fixpoint evaluation (derivedFactLimit=500000)
2026/05/19 14:58:57.605433 [DEBUG] evaluate: registered 10/10 external predicates (filtered by Decl)
2026/05/19 14:58:58.881778 [DEBUG] Query: predicate=delegate_task
2026/05/19 14:58:58.912489 [DEBUG] evaluate.fixpoint completed in 1.3070561s
2026/05/19 14:58:58.912489 [DEBUG] evaluate: fixpoint reached - strata=727, evalTime=1.285442s, wallTime=1.3070561s
2026/05/19 14:58:58.912489 [DEBUG] evaluate completed in 1.3106522s
2026/05/19 14:58:58.912489 [DEBUG] evaluate: complete, kernel initialized
2026/05/19 14:58:58.912489 [DEBUG] Assert: fact added successfully, total facts=15896
2026/05/19 14:58:58.912489 [DEBUG] Query completed in 30.7114ms
2026/05/19 14:58:58.912489 [DEBUG] Query completed in 1.3106522s
2026/05/19 14:58:58.912489 [DEBUG] Assert: system_heartbeat("perception_firewall", 1779217138).
2026/05/19 14:58:58.912489 [DEBUG] Query: predicate=user_requests_appeal returned 0 results
2026/05/19 14:58:58.912489 [DEBUG] Assert: system_heartbeat("constitution_gate", 1779217138).
2026/05/19 14:58:58.912489 [DEBUG] Query: predicate=delegate_task returned 0 results
2026/05/19 14:58:58.912489 [DEBUG] evaluate: using cached programInfo
2026/05/19 14:58:58.912489 [DEBUG] evaluate: populating store with 15897 EDB facts
2026/05/19 14:58:58.915532 [DEBUG] evaluate: running fixpoint evaluation (derivedFactLimit=500000)
2026/05/19 14:58:58.915532 [DEBUG] evaluate: registered 10/10 external predicates (filtered by Decl)
2026/05/19 14:59:00.222351 [DEBUG] evaluate.fixpoint completed in 1.3068193s
2026/05/19 14:59:00.222351 [DEBUG] evaluate: fixpoint reached - strata=727, evalTime=1.2816183s, wallTime=1.3068193s
2026/05/19 14:59:00.222351 [DEBUG] evaluate completed in 1.3098622s
2026/05/19 14:59:00.222351 [DEBUG] evaluate: complete, kernel initialized
2026/05/19 14:59:00.222351 [DEBUG] Assert: fact added successfully, total facts=15897
2026/05/19 14:59:00.222351 [DEBUG] Assert: shard_status("executive_policy-1779217134944726900-4", /running, "system_start").
2026/05/19 14:59:00.222351 [DEBUG] evaluate: using cached programInfo
2026/05/19 14:59:00.222351 [DEBUG] evaluate: populating store with 15898 EDB facts
2026/05/19 14:59:00.227003 [DEBUG] evaluate: running fixpoint evaluation (derivedFactLimit=500000)
2026/05/19 14:59:00.227003 [DEBUG] evaluate: registered 10/10 external predicates (filtered by Decl)
2026/05/19 14:59:00.881442 [DEBUG] Query: predicate=delegate_task
2026/05/19 14:59:01.556894 [DEBUG] evaluate.fixpoint completed in 1.3298905s
2026/05/19 14:59:01.556894 [DEBUG] evaluate: fixpoint reached - strata=727, evalTime=1.3028085s, wallTime=1.3298905s
2026/05/19 14:59:01.556894 [DEBUG] evaluate completed in 1.3345424s
2026/05/19 14:59:01.556894 [DEBUG] evaluate: complete, kernel initialized
2026/05/19 14:59:01.556894 [DEBUG] Assert: fact added successfully, total facts=15898
2026/05/19 14:59:01.556894 [DEBUG] Query completed in 675.4521ms
2026/05/19 14:59:01.557437 [DEBUG] Query: predicate=delegate_task returned 0 results
2026/05/19 14:59:01.557437 [DEBUG] evaluate: using cached programInfo
2026/05/19 14:59:01.557437 [DEBUG] evaluate: populating store with 15899 EDB facts
2026/05/19 14:59:01.557437 [DEBUG] RetractFact: removing fact matching predicate=active_shard, firstArg=[mangle_repair-1779217112904411900-3 /mangle_repair]
2026/05/19 14:59:01.560679 [DEBUG] evaluate: running fixpoint evaluation (derivedFactLimit=500000)
2026/05/19 14:59:01.560679 [DEBUG] evaluate: registered 10/10 external predicates (filtered by Decl)
2026/05/19 14:59:01.575710 [DEBUG] Assert: registered_tool("go_build", "go build ./...", /coder).
2026/05/19 14:59:02.881604 [DEBUG] Query: predicate=delegate_task
2026/05/19 14:59:02.910373 [DEBUG] evaluate.fixpoint completed in 1.3496937s
2026/05/19 14:59:02.910373 [DEBUG] evaluate: fixpoint reached - strata=727, evalTime=1.3216666s, wallTime=1.3496937s
2026/05/19 14:59:02.910373 [DEBUG] evaluate completed in 1.3529358s
2026/05/19 14:59:02.910373 [DEBUG] evaluate: complete, kernel initialized
2026/05/19 14:59:02.910373 [DEBUG] Assert: fact added successfully, total facts=15899
2026/05/19 14:59:02.910373 [DEBUG] Query completed in 28.7691ms
2026/05/19 14:59:02.910373 [DEBUG] Assert: system_heartbeat("perception_firewall", 1779217142).
2026/05/19 14:59:02.910373 [DEBUG] Query: predicate=delegate_task returned 0 results
2026/05/19 14:59:02.910373 [DEBUG] evaluate: using cached programInfo
2026/05/19 14:59:02.910373 [DEBUG] evaluate: populating store with 15900 EDB facts
2026/05/19 14:59:02.913596 [DEBUG] evaluate: running fixpoint evaluation (derivedFactLimit=500000)
2026/05/19 14:59:02.913596 [DEBUG] evaluate: registered 10/10 external predicates (filtered by Decl)
2026/05/19 14:59:04.308598 [DEBUG] evaluate.fixpoint completed in 1.3950013s
2026/05/19 14:59:04.308598 [DEBUG] evaluate: fixpoint reached - strata=727, evalTime=1.3672435s, wallTime=1.3950013s
2026/05/19 14:59:04.308598 [DEBUG] evaluate completed in 1.3982248s
2026/05/19 14:59:04.308598 [DEBUG] evaluate: complete, kernel initialized
2026/05/19 14:59:04.308598 [DEBUG] Assert: fact added successfully, total facts=15900
2026/05/19 14:59:04.310105 [DEBUG] Query: predicate=pending_action
2026/05/19 14:59:04.334983 [DEBUG] RetractFact: removed 1 facts, EDB: 15900 -> 15899 facts
2026/05/19 14:59:04.334983 [DEBUG] rebuild: delegating to evaluate()
2026/05/19 14:59:04.334983 [DEBUG] evaluate: using cached programInfo
2026/05/19 14:59:04.334983 [DEBUG] evaluate: populating store with 15899 EDB facts
2026/05/19 14:59:04.334983 [WARN] evaluate: cache desync (atoms=15900 facts=15899), rebuilding cache
2026/05/19 14:59:04.347620 [DEBUG] evaluate: running fixpoint evaluation (derivedFactLimit=500000)
2026/05/19 14:59:04.347620 [DEBUG] evaluate: registered 10/10 external predicates (filtered by Decl)
2026/05/19 14:59:04.881881 [DEBUG] Query: predicate=delegate_task
2026/05/19 14:59:05.714655 [DEBUG] evaluate.fixpoint completed in 1.3670348s
2026/05/19 14:59:05.714655 [DEBUG] evaluate: fixpoint reached - strata=727, evalTime=1.3372162s, wallTime=1.3670348s
2026/05/19 14:59:05.714655 [DEBUG] evaluate completed in 1.3796717s
2026/05/19 14:59:05.714655 [DEBUG] evaluate: complete, kernel initialized
2026/05/19 14:59:05.716160 [DEBUG] Query completed in 1.4060552s
2026/05/19 14:59:05.717166 [DEBUG] Query: predicate=pending_action returned 0 results
2026/05/19 14:59:05.717166 [DEBUG] Query: predicate=user_requests_appeal
2026/05/19 14:59:05.717166 [DEBUG] Query completed in 0s
2026/05/19 14:59:05.717166 [DEBUG] Query: predicate=user_requests_appeal returned 0 results
2026/05/19 14:59:05.717166 [DEBUG] Assert: system_heartbeat("constitution_gate", 1779217145).
2026/05/19 14:59:05.718671 [DEBUG] RetractFact: removing fact matching predicate=shard_status, firstArg=[mangle_repair-1779217112904411900-3 /running system_start]
2026/05/19 14:59:05.721550 [DEBUG] Transaction.Commit: 4 ops (4 retracts, 0 asserts, 0 new), single rebuild
2026/05/19 14:59:05.721550 [DEBUG] Transaction.Commit completed in 4.3842ms
2026/05/19 14:59:05.722054 [DEBUG] Query completed in 840.1722ms
2026/05/19 14:59:05.722054 [DEBUG] Query: predicate=delegate_task returned 0 results
2026/05/19 14:59:05.722583 [DEBUG] evaluate: using cached programInfo
2026/05/19 14:59:05.722583 [DEBUG] evaluate: populating store with 15900 EDB facts
2026/05/19 14:59:05.725218 [DEBUG] evaluate: running fixpoint evaluation (derivedFactLimit=500000)
2026/05/19 14:59:05.725218 [DEBUG] evaluate: registered 10/10 external predicates (filtered by Decl)
2026/05/19 14:59:05.821726 [DEBUG] Query: predicate=active_strategy
2026/05/19 14:59:06.881697 [DEBUG] Query: predicate=delegate_task
2026/05/19 14:59:07.095704 [DEBUG] evaluate.fixpoint completed in 1.3704858s
2026/05/19 14:59:07.095704 [DEBUG] evaluate: fixpoint reached - strata=727, evalTime=1.3422291s, wallTime=1.3704858s
2026/05/19 14:59:07.095704 [DEBUG] evaluate completed in 1.3731212s
2026/05/19 14:59:07.095704 [DEBUG] evaluate: complete, kernel initialized
2026/05/19 14:59:07.095704 [DEBUG] Assert: fact added successfully, total facts=15900
2026/05/19 14:59:07.095704 [DEBUG] Query completed in 1.2739784s
2026/05/19 14:59:07.095704 [DEBUG] Query: predicate=active_strategy returned 0 results
2026/05/19 14:59:07.095704 [DEBUG] Assert: tool_registered("go_build", "2026-05-19T14:59:01-04:00").
2026/05/19 14:59:07.095704 [DEBUG] Query: predicate=block_commit
2026/05/19 14:59:07.095704 [DEBUG] Query completed in 214.0074ms
2026/05/19 14:59:07.095704 [DEBUG] Query: predicate=delegate_task returned 0 results
2026/05/19 14:59:07.095704 [DEBUG] evaluate: using cached programInfo
2026/05/19 14:59:07.095704 [DEBUG] evaluate: populating store with 15901 EDB facts
2026/05/19 14:59:07.100301 [DEBUG] evaluate: running fixpoint evaluation (derivedFactLimit=500000)
2026/05/19 14:59:07.100301 [DEBUG] evaluate: registered 10/10 external predicates (filtered by Decl)
2026/05/19 14:59:08.439685 [DEBUG] evaluate.fixpoint completed in 1.3393837s
2026/05/19 14:59:08.439685 [DEBUG] evaluate: fixpoint reached - strata=727, evalTime=1.3119378s, wallTime=1.3393837s
2026/05/19 14:59:08.439685 [DEBUG] evaluate completed in 1.3439806s
2026/05/19 14:59:08.439685 [DEBUG] evaluate: complete, kernel initialized
2026/05/19 14:59:08.439685 [DEBUG] Assert: fact added successfully, total facts=15901
2026/05/19 14:59:08.439685 [DEBUG] Assert: system_heartbeat("perception_firewall", 1779217148).
2026/05/19 14:59:08.439685 [DEBUG] Query completed in 1.3439806s
2026/05/19 14:59:08.439685 [DEBUG] Query: predicate=block_commit returned 0 results
2026/05/19 14:59:08.439685 [DEBUG] Query: predicate=block_action
2026/05/19 14:59:08.439685 [DEBUG] evaluate: using cached programInfo
2026/05/19 14:59:08.439685 [DEBUG] evaluate: populating store with 15902 EDB facts
2026/05/19 14:59:08.443252 [DEBUG] evaluate: running fixpoint evaluation (derivedFactLimit=500000)
2026/05/19 14:59:08.443252 [DEBUG] evaluate: registered 10/10 external predicates (filtered by Decl)
2026/05/19 14:59:08.881694 [DEBUG] Query: predicate=delegate_task
2026/05/19 14:59:09.726714 [DEBUG] evaluate.fixpoint completed in 1.283462s
2026/05/19 14:59:09.726714 [DEBUG] evaluate: fixpoint reached - strata=727, evalTime=1.2517913s, wallTime=1.283462s
2026/05/19 14:59:09.726714 [DEBUG] evaluate completed in 1.2870292s
2026/05/19 14:59:09.726714 [DEBUG] evaluate: complete, kernel initialized
2026/05/19 14:59:09.726714 [DEBUG] Assert: fact added successfully, total facts=15902
2026/05/19 14:59:09.726714 [DEBUG] Query completed in 1.2870292s
2026/05/19 14:59:09.726714 [DEBUG] Query: predicate=pending_action
2026/05/19 14:59:09.726714 [DEBUG] Query completed in 845.02ms
2026/05/19 14:59:09.726714 [DEBUG] Query: predicate=block_action returned 0 results
2026/05/19 14:59:09.726714 [DEBUG] Query: predicate=delegate_task returned 0 results
2026/05/19 14:59:09.726714 [DEBUG] Query: predicate=executive_blocked
2026/05/19 14:59:09.748073 [DEBUG] RetractFact: removed 1 facts, EDB: 15902 -> 15901 facts
2026/05/19 14:59:09.748073 [DEBUG] rebuild: delegating to evaluate()
2026/05/19 14:59:09.748073 [DEBUG] evaluate: using cached programInfo
2026/05/19 14:59:09.748073 [DEBUG] evaluate: populating store with 15901 EDB facts
2026/05/19 14:59:09.748073 [WARN] evaluate: cache desync (atoms=15902 facts=15901), rebuilding cache
2026/05/19 14:59:09.760198 [DEBUG] evaluate: running fixpoint evaluation (derivedFactLimit=500000)
2026/05/19 14:59:09.760198 [DEBUG] evaluate: registered 10/10 external predicates (filtered by Decl)
2026/05/19 14:59:10.881939 [DEBUG] Query: predicate=delegate_task
2026/05/19 14:59:11.053298 [DEBUG] evaluate.fixpoint completed in 1.2930995s
2026/05/19 14:59:11.053298 [DEBUG] evaluate: fixpoint reached - strata=727, evalTime=1.2655814s, wallTime=1.2930995s
2026/05/19 14:59:11.053298 [DEBUG] evaluate completed in 1.3052244s
2026/05/19 14:59:11.054407 [DEBUG] evaluate: complete, kernel initialized
2026/05/19 14:59:11.054407 [DEBUG] Query completed in 1.3276928s
2026/05/19 14:59:11.054407 [DEBUG] Query completed in 1.3276928s
2026/05/19 14:59:11.054407 [DEBUG] Query: predicate=pending_action returned 0 results
2026/05/19 14:59:11.054407 [DEBUG] Query: predicate=user_requests_appeal
2026/05/19 14:59:11.054407 [DEBUG] Query completed in 172.4679ms
2026/05/19 14:59:11.054407 [DEBUG] Query: predicate=executive_blocked returned 0 results
2026/05/19 14:59:11.054407 [DEBUG] Query: predicate=delegate_task returned 0 results
2026/05/19 14:59:11.054407 [DEBUG] Query: predicate=test_state_blocking
2026/05/19 14:59:11.054407 [DEBUG] evaluate: using cached programInfo
2026/05/19 14:59:11.054407 [DEBUG] evaluate: populating store with 15902 EDB facts
2026/05/19 14:59:11.058067 [DEBUG] evaluate: running fixpoint evaluation (derivedFactLimit=500000)
2026/05/19 14:59:11.058067 [DEBUG] evaluate: registered 10/10 external predicates (filtered by Decl)
2026/05/19 14:59:12.403105 [DEBUG] evaluate.fixpoint completed in 1.345038s
2026/05/19 14:59:12.403105 [DEBUG] evaluate: fixpoint reached - strata=727, evalTime=1.3182886s, wallTime=1.345038s
2026/05/19 14:59:12.403105 [DEBUG] evaluate completed in 1.3486981s
2026/05/19 14:59:12.403105 [DEBUG] evaluate: complete, kernel initialized
2026/05/19 14:59:12.403105 [DEBUG] Assert: fact added successfully, total facts=15902
2026/05/19 14:59:12.403105 [DEBUG] Query completed in 1.3486981s
2026/05/19 14:59:12.403105 [DEBUG] Assert: tool_capability("go_build", "build").
2026/05/19 14:59:12.403105 [DEBUG] Query completed in 1.3486981s
2026/05/19 14:59:12.403105 [DEBUG] Query: predicate=user_requests_appeal returned 0 results
2026/05/19 14:59:12.403105 [DEBUG] Query: predicate=test_state_blocking returned 0 results
2026/05/19 14:59:12.403105 [DEBUG] Assert: system_heartbeat("constitution_gate", 1779217152).
2026/05/19 14:59:12.403105 [DEBUG] Query: predicate=next_action
2026/05/19 14:59:12.403105 [DEBUG] evaluate: using cached programInfo
2026/05/19 14:59:12.403105 [DEBUG] evaluate: populating store with 15903 EDB facts
2026/05/19 14:59:12.406132 [DEBUG] evaluate: running fixpoint evaluation (derivedFactLimit=500000)
2026/05/19 14:59:12.406132 [DEBUG] evaluate: registered 10/10 external predicates (filtered by Decl)
2026/05/19 14:59:12.881446 [DEBUG] Query: predicate=delegate_task
2026/05/19 14:59:13.745846 [DEBUG] evaluate.fixpoint completed in 1.3397144s
2026/05/19 14:59:13.745846 [DEBUG] evaluate: fixpoint reached - strata=727, evalTime=1.3118754s, wallTime=1.3397144s
2026/05/19 14:59:13.745846 [DEBUG] evaluate completed in 1.3427414s
2026/05/19 14:59:13.745846 [DEBUG] evaluate: complete, kernel initialized
2026/05/19 14:59:13.745846 [DEBUG] Assert: fact added successfully, total facts=15903
2026/05/19 14:59:13.745846 [DEBUG] Assert: system_heartbeat("perception_firewall", 1779217153).
2026/05/19 14:59:13.745846 [DEBUG] Query completed in 1.3427414s
2026/05/19 14:59:13.745846 [DEBUG] Query completed in 864.3998ms
2026/05/19 14:59:13.745846 [DEBUG] Query: predicate=next_action returned 0 results
2026/05/19 14:59:13.745846 [DEBUG] Query: predicate=delegate_task returned 0 results
2026/05/19 14:59:13.745846 [DEBUG] Query: predicate=tdd_next_action
2026/05/19 14:59:13.745846 [DEBUG] evaluate: using cached programInfo
2026/05/19 14:59:13.745846 [DEBUG] evaluate: populating store with 15904 EDB facts
2026/05/19 14:59:13.749037 [DEBUG] evaluate: running fixpoint evaluation (derivedFactLimit=500000)
2026/05/19 14:59:13.749037 [DEBUG] evaluate: registered 10/10 external predicates (filtered by Decl)
2026/05/19 14:59:14.881643 [DEBUG] Query: predicate=delegate_task
2026/05/19 14:59:15.071413 [DEBUG] evaluate.fixpoint completed in 1.3223759s
2026/05/19 14:59:15.071413 [DEBUG] evaluate: fixpoint reached - strata=727, evalTime=1.2966002s, wallTime=1.3223759s
2026/05/19 14:59:15.071413 [DEBUG] evaluate completed in 1.3255666s
2026/05/19 14:59:15.071413 [DEBUG] evaluate: complete, kernel initialized
2026/05/19 14:59:15.071413 [DEBUG] Assert: fact added successfully, total facts=15904
2026/05/19 14:59:15.071413 [DEBUG] Query completed in 1.3255666s
2026/05/19 14:59:15.071413 [DEBUG] Query: predicate=tdd_next_action returned 0 results
2026/05/19 14:59:15.071413 [DEBUG] Query completed in 189.7694ms
2026/05/19 14:59:15.071413 [DEBUG] Query: predicate=campaign_next_action
2026/05/19 14:59:15.071413 [DEBUG] Assert: system_heartbeat("perception_firewall", 1779217155).
2026/05/19 14:59:15.071413 [DEBUG] Query: predicate=delegate_task returned 0 results
2026/05/19 14:59:15.071413 [DEBUG] evaluate: using cached programInfo
2026/05/19 14:59:15.071413 [DEBUG] evaluate: populating store with 15905 EDB facts
2026/05/19 14:59:15.074925 [DEBUG] evaluate: running fixpoint evaluation (derivedFactLimit=500000)
2026/05/19 14:59:15.074925 [DEBUG] evaluate: registered 10/10 external predicates (filtered by Decl)
2026/05/19 14:59:16.430911 [DEBUG] evaluate.fixpoint completed in 1.3559856s
2026/05/19 14:59:16.430911 [DEBUG] evaluate: fixpoint reached - strata=727, evalTime=1.3292518s, wallTime=1.3559856s
2026/05/19 14:59:16.430911 [DEBUG] evaluate completed in 1.3594979s
2026/05/19 14:59:16.430911 [DEBUG] evaluate: complete, kernel initialized
2026/05/19 14:59:16.430911 [DEBUG] Assert: fact added successfully, total facts=15905
2026/05/19 14:59:16.430911 [DEBUG] Query completed in 1.3594979s
2026/05/19 14:59:16.430911 [DEBUG] Query: predicate=campaign_next_action returned 0 results
2026/05/19 14:59:16.430911 [DEBUG] Assert: registered_tool("go_test", "go test -v ./...", /tester).
2026/05/19 14:59:16.430911 [DEBUG] evaluate: using cached programInfo
2026/05/19 14:59:16.430911 [DEBUG] evaluate: populating store with 15906 EDB facts
2026/05/19 14:59:16.430911 [DEBUG] Query: predicate=repair_next_action
2026/05/19 14:59:16.434085 [DEBUG] evaluate: running fixpoint evaluation (derivedFactLimit=500000)
2026/05/19 14:59:16.434085 [DEBUG] evaluate: registered 10/10 external predicates (filtered by Decl)
2026/05/19 14:59:16.881596 [DEBUG] Query: predicate=delegate_task
2026/05/19 14:59:17.777027 [DEBUG] evaluate.fixpoint completed in 1.3429419s
2026/05/19 14:59:17.777027 [DEBUG] evaluate: fixpoint reached - strata=727, evalTime=1.3073173s, wallTime=1.3429419s
2026/05/19 14:59:17.777027 [DEBUG] evaluate completed in 1.3461164s
2026/05/19 14:59:17.777027 [DEBUG] evaluate: complete, kernel initialized
2026/05/19 14:59:17.777027 [DEBUG] Assert: fact added successfully, total facts=15906
2026/05/19 14:59:17.777027 [DEBUG] Query completed in 1.3461164s
2026/05/19 14:59:17.777027 [DEBUG] Query: predicate=repair_next_action returned 0 results
2026/05/19 14:59:17.777027 [DEBUG] Query: predicate=delegate_task
2026/05/19 14:59:17.777027 [DEBUG] Query: predicate=pending_action
2026/05/19 14:59:17.777027 [DEBUG] Query completed in 895.4313ms
2026/05/19 14:59:17.777027 [DEBUG] Query: predicate=delegate_task returned 0 results
2026/05/19 14:59:17.777027 [DEBUG] evaluate: using cached programInfo
2026/05/19 14:59:17.777027 [DEBUG] evaluate: populating store with 15907 EDB facts
2026/05/19 14:59:17.780647 [DEBUG] evaluate: running fixpoint evaluation (derivedFactLimit=500000)
2026/05/19 14:59:17.780647 [DEBUG] evaluate: registered 10/10 external predicates (filtered by Decl)
2026/05/19 14:59:18.881923 [DEBUG] Query: predicate=delegate_task
2026/05/19 14:59:19.273981 [DEBUG] evaluate.fixpoint completed in 1.4933349s
2026/05/19 14:59:19.273981 [DEBUG] evaluate: fixpoint reached - strata=727, evalTime=1.4651418s, wallTime=1.4933349s
2026/05/19 14:59:19.273981 [DEBUG] evaluate completed in 1.4969545s
2026/05/19 14:59:19.273981 [DEBUG] evaluate: complete, kernel initialized
2026/05/19 14:59:19.273981 [DEBUG] Assert: fact added successfully, total facts=15907
2026/05/19 14:59:19.273981 [DEBUG] Query completed in 1.4969545s
2026/05/19 14:59:19.273981 [DEBUG] Query completed in 392.0583ms
2026/05/19 14:59:19.273981 [DEBUG] Query: predicate=delegate_task returned 0 results
2026/05/19 14:59:19.273981 [DEBUG] Assert: system_heartbeat("perception_firewall", 1779217159).
2026/05/19 14:59:19.273981 [DEBUG] Query: predicate=user_intent
2026/05/19 14:59:19.273981 [DEBUG] Query: predicate=delegate_task returned 0 results
2026/05/19 14:59:19.273981 [DEBUG] Query completed in 1.4969545s
2026/05/19 14:59:19.273981 [DEBUG] Query: predicate=pending_action returned 0 results
2026/05/19 14:59:19.273981 [DEBUG] Query: predicate=user_requests_appeal
2026/05/19 14:59:19.273981 [DEBUG] evaluate: using cached programInfo
2026/05/19 14:59:19.273981 [DEBUG] evaluate: populating store with 15908 EDB facts
2026/05/19 14:59:19.276515 [DEBUG] evaluate: running fixpoint evaluation (derivedFactLimit=500000)
2026/05/19 14:59:19.276515 [DEBUG] evaluate: registered 10/10 external predicates (filtered by Decl)
2026/05/19 14:59:20.881451 [DEBUG] Query: predicate=delegate_task
2026/05/19 14:59:20.904076 [DEBUG] evaluate.fixpoint completed in 1.6275617s
2026/05/19 14:59:20.904076 [DEBUG] evaluate: fixpoint reached - strata=727, evalTime=1.5992967s, wallTime=1.6275617s
2026/05/19 14:59:20.904076 [DEBUG] evaluate completed in 1.6300949s
2026/05/19 14:59:20.904076 [DEBUG] evaluate: complete, kernel initialized
2026/05/19 14:59:20.904076 [DEBUG] Assert: fact added successfully, total facts=15908
2026/05/19 14:59:20.904076 [DEBUG] Assert: tool_registered("go_test", "2026-05-19T14:59:16-04:00").
2026/05/19 14:59:20.904076 [DEBUG] Query completed in 1.6300949s
2026/05/19 14:59:20.904076 [DEBUG] Query completed in 1.6300949s
2026/05/19 14:59:20.904076 [DEBUG] Query: predicate=user_intent returned 0 results
2026/05/19 14:59:20.904076 [DEBUG] Query completed in 22.625ms
2026/05/19 14:59:20.904076 [DEBUG] Query: predicate=user_requests_appeal returned 0 results
2026/05/19 14:59:20.904076 [DEBUG] Query: predicate=delegate_task returned 0 results
2026/05/19 14:59:20.904076 [DEBUG] Assert: system_heartbeat("constitution_gate", 1779217160).
2026/05/19 14:59:20.904076 [DEBUG] Query: predicate=user_intent
2026/05/19 14:59:20.904076 [DEBUG] evaluate: using cached programInfo
2026/05/19 14:59:20.904076 [DEBUG] evaluate: populating store with 15909 EDB facts
2026/05/19 14:59:20.908104 [DEBUG] evaluate: running fixpoint evaluation (derivedFactLimit=500000)
2026/05/19 14:59:20.908104 [DEBUG] evaluate: registered 10/10 external predicates (filtered by Decl)
2026/05/19 14:59:22.448413 [DEBUG] evaluate.fixpoint completed in 1.5403093s
2026/05/19 14:59:22.448413 [DEBUG] evaluate: fixpoint reached - strata=727, evalTime=1.5054615s, wallTime=1.5403093s
2026/05/19 14:59:22.448413 [DEBUG] evaluate completed in 1.5443368s
2026/05/19 14:59:22.448413 [DEBUG] evaluate: complete, kernel initialized
2026/05/19 14:59:22.448413 [DEBUG] Assert: fact added successfully, total facts=15909
2026/05/19 14:59:22.448413 [DEBUG] Assert: tool_capability("go_test", "test").
2026/05/19 14:59:22.448413 [DEBUG] Query completed in 1.5443368s
2026/05/19 14:59:22.448413 [DEBUG] Query: predicate=user_intent returned 0 results
2026/05/19 14:59:22.448413 [DEBUG] Query: predicate=pending_intent
2026/05/19 14:59:22.448413 [DEBUG] evaluate: using cached programInfo
2026/05/19 14:59:22.448413 [DEBUG] evaluate: populating store with 15910 EDB facts
2026/05/19 14:59:22.453029 [DEBUG] evaluate: running fixpoint evaluation (derivedFactLimit=500000)
2026/05/19 14:59:22.453029 [DEBUG] evaluate: registered 10/10 external predicates (filtered by Decl)
2026/05/19 14:59:22.881685 [DEBUG] Query: predicate=delegate_task
2026/05/19 14:59:24.059795 [DEBUG] evaluate.fixpoint completed in 1.6067662s
2026/05/19 14:59:24.059795 [DEBUG] evaluate: fixpoint reached - strata=727, evalTime=1.5811708s, wallTime=1.6067662s
2026/05/19 14:59:24.059795 [DEBUG] evaluate completed in 1.6113821s
2026/05/19 14:59:24.059795 [DEBUG] evaluate: complete, kernel initialized
2026/05/19 14:59:24.059795 [DEBUG] Assert: fact added successfully, total facts=15910
2026/05/19 14:59:24.059795 [DEBUG] Query completed in 1.6113821s
2026/05/19 14:59:24.059795 [DEBUG] Assert: system_heartbeat("perception_firewall", 1779217164).
2026/05/19 14:59:24.059795 [DEBUG] Query completed in 1.1781102s
2026/05/19 14:59:24.059795 [DEBUG] Query: predicate=pending_intent returned 0 results
2026/05/19 14:59:24.059795 [DEBUG] Query: predicate=delegate_task returned 0 results
2026/05/19 14:59:24.059795 [DEBUG] Retract: removing all facts with predicate=ooda_timeout
2026/05/19 14:59:24.059795 [DEBUG] evaluate: using cached programInfo
2026/05/19 14:59:24.059795 [DEBUG] evaluate: populating store with 15911 EDB facts
2026/05/19 14:59:24.062322 [DEBUG] evaluate: running fixpoint evaluation (derivedFactLimit=500000)
2026/05/19 14:59:24.062322 [DEBUG] evaluate: registered 10/10 external predicates (filtered by Decl)
2026/05/19 14:59:24.881689 [DEBUG] Query: predicate=delegate_task
2026/05/19 14:59:25.649786 [DEBUG] evaluate.fixpoint completed in 1.5874649s
2026/05/19 14:59:25.649786 [DEBUG] evaluate: fixpoint reached - strata=727, evalTime=1.5568817s, wallTime=1.5874649s
2026/05/19 14:59:25.649786 [DEBUG] evaluate completed in 1.5899912s
2026/05/19 14:59:25.649786 [DEBUG] evaluate: complete, kernel initialized
2026/05/19 14:59:25.649786 [DEBUG] Assert: fact added successfully, total facts=15911
2026/05/19 14:59:25.649786 [DEBUG] Query completed in 768.0975ms
2026/05/19 14:59:25.649786 [DEBUG] Query: predicate=pending_action
2026/05/19 14:59:25.649786 [DEBUG] Query: predicate=delegate_task returned 0 results
2026/05/19 14:59:25.649786 [DEBUG] evaluate: using cached programInfo
2026/05/19 14:59:25.649786 [DEBUG] evaluate: populating store with 15912 EDB facts
2026/05/19 14:59:25.653347 [DEBUG] evaluate: running fixpoint evaluation (derivedFactLimit=500000)
2026/05/19 14:59:25.653347 [DEBUG] evaluate: registered 10/10 external predicates (filtered by Decl)
2026/05/19 14:59:26.881626 [DEBUG] Query: predicate=delegate_task
2026/05/19 14:59:27.342437 [DEBUG] evaluate.fixpoint completed in 1.6890898s
2026/05/19 14:59:27.342437 [DEBUG] evaluate: fixpoint reached - strata=727, evalTime=1.6582017s, wallTime=1.6890898s
2026/05/19 14:59:27.342437 [DEBUG] evaluate completed in 1.6926505s
2026/05/19 14:59:27.342437 [DEBUG] evaluate: complete, kernel initialized
2026/05/19 14:59:27.342437 [DEBUG] Assert: fact added successfully, total facts=15912
2026/05/19 14:59:27.342437 [DEBUG] Query completed in 1.6926505s
2026/05/19 14:59:27.342437 [DEBUG] Query completed in 460.811ms
2026/05/19 14:59:27.342437 [DEBUG] Assert: registered_tool("go_lint", "golangci-lint run", /reviewer).
2026/05/19 14:59:27.342437 [DEBUG] Query: predicate=pending_action returned 0 results
2026/05/19 14:59:27.343436 [DEBUG] Query: predicate=delegate_task returned 0 results
2026/05/19 14:59:27.343436 [DEBUG] Query: predicate=user_requests_appeal
2026/05/19 14:59:27.343436 [DEBUG] evaluate: using cached programInfo
2026/05/19 14:59:27.343436 [DEBUG] evaluate: populating store with 15913 EDB facts
2026/05/19 14:59:27.346528 [DEBUG] evaluate: running fixpoint evaluation (derivedFactLimit=500000)
2026/05/19 14:59:27.346528 [DEBUG] evaluate: registered 10/10 external predicates (filtered by Decl)
2026/05/19 14:59:28.881912 [DEBUG] Query: predicate=delegate_task
2026/05/19 14:59:28.953469 [DEBUG] evaluate.fixpoint completed in 1.6069402s
2026/05/19 14:59:28.953469 [DEBUG] evaluate: fixpoint reached - strata=727, evalTime=1.5767195s, wallTime=1.6069402s
2026/05/19 14:59:28.953469 [DEBUG] evaluate completed in 1.6100326s
2026/05/19 14:59:28.953469 [DEBUG] evaluate: complete, kernel initialized
2026/05/19 14:59:28.953469 [DEBUG] Assert: fact added successfully, total facts=15913
2026/05/19 14:59:28.953469 [DEBUG] Query completed in 71.5569ms
2026/05/19 14:59:28.953469 [DEBUG] Query completed in 1.6100326s
2026/05/19 14:59:28.953469 [DEBUG] Assert: system_heartbeat("perception_firewall", 1779217168).
2026/05/19 14:59:28.953469 [DEBUG] Query: predicate=delegate_task returned 0 results
2026/05/19 14:59:28.953469 [DEBUG] Query: predicate=user_requests_appeal returned 0 results
2026/05/19 14:59:28.953469 [DEBUG] Assert: system_heartbeat("constitution_gate", 1779217168).
2026/05/19 14:59:28.953469 [DEBUG] Retract: no facts found for predicate=ooda_timeout (EDB unchanged at 15913 facts)
2026/05/19 14:59:28.953469 [DEBUG] evaluate: using cached programInfo
2026/05/19 14:59:28.953469 [DEBUG] evaluate: populating store with 15914 EDB facts
2026/05/19 14:59:28.953469 [DEBUG] Assert: system_heartbeat("executive_policy", 1779217168).
2026/05/19 14:59:28.958104 [DEBUG] evaluate: running fixpoint evaluation (derivedFactLimit=500000)
2026/05/19 14:59:28.958104 [DEBUG] evaluate: registered 10/10 external predicates (filtered by Decl)
2026/05/19 14:59:30.322296 [DEBUG] evaluate.fixpoint completed in 1.3641917s
2026/05/19 14:59:30.322296 [DEBUG] evaluate: fixpoint reached - strata=727, evalTime=1.3363513s, wallTime=1.3641917s
2026/05/19 14:59:30.322296 [DEBUG] evaluate completed in 1.368827s
2026/05/19 14:59:30.322296 [DEBUG] evaluate: complete, kernel initialized
2026/05/19 14:59:30.322296 [DEBUG] Assert: fact added successfully, total facts=15914
2026/05/19 14:59:30.322296 [DEBUG] evaluate: using cached programInfo
2026/05/19 14:59:30.322296 [DEBUG] evaluate: populating store with 15915 EDB facts
2026/05/19 14:59:30.322296 [DEBUG] Assert: tool_registered("go_lint", "2026-05-19T14:59:27-04:00").
2026/05/19 14:59:30.325302 [DEBUG] evaluate: running fixpoint evaluation (derivedFactLimit=500000)
2026/05/19 14:59:30.325302 [DEBUG] evaluate: registered 10/10 external predicates (filtered by Decl)
2026/05/19 14:59:30.881543 [DEBUG] Query: predicate=delegate_task
2026/05/19 14:59:31.651052 [DEBUG] evaluate.fixpoint completed in 1.3252396s
2026/05/19 14:59:31.651052 [DEBUG] evaluate: fixpoint reached - strata=727, evalTime=1.2881471s, wallTime=1.3252396s
2026/05/19 14:59:31.651052 [DEBUG] evaluate completed in 1.3287564s
2026/05/19 14:59:31.651052 [DEBUG] evaluate: complete, kernel initialized
2026/05/19 14:59:31.651052 [DEBUG] Assert: fact added successfully, total facts=15915
2026/05/19 14:59:31.651052 [DEBUG] Query completed in 769.5093ms
2026/05/19 14:59:31.651052 [DEBUG] Assert: system_heartbeat("perception_firewall", 1779217171).
2026/05/19 14:59:31.651052 [DEBUG] Query: predicate=delegate_task returned 0 results
2026/05/19 14:59:31.651052 [DEBUG] evaluate: using cached programInfo
2026/05/19 14:59:31.651052 [DEBUG] evaluate: populating store with 15916 EDB facts
2026/05/19 14:59:31.654121 [DEBUG] evaluate: running fixpoint evaluation (derivedFactLimit=500000)
2026/05/19 14:59:31.654121 [DEBUG] evaluate: registered 10/10 external predicates (filtered by Decl)
2026/05/19 14:59:32.881849 [DEBUG] Query: predicate=delegate_task
2026/05/19 14:59:33.011608 [DEBUG] evaluate.fixpoint completed in 1.3574871s
2026/05/19 14:59:33.011608 [DEBUG] evaluate: fixpoint reached - strata=727, evalTime=1.332177s, wallTime=1.3574871s
2026/05/19 14:59:33.011608 [DEBUG] evaluate completed in 1.3605562s
2026/05/19 14:59:33.011608 [DEBUG] evaluate: complete, kernel initialized
2026/05/19 14:59:33.011608 [DEBUG] Assert: fact added successfully, total facts=15916
2026/05/19 14:59:33.011608 [DEBUG] Query: predicate=pending_action
2026/05/19 14:59:33.011608 [DEBUG] Query completed in 129.7588ms
2026/05/19 14:59:33.011608 [DEBUG] Query: predicate=delegate_task returned 0 results
2026/05/19 14:59:33.011608 [DEBUG] evaluate: using cached programInfo
2026/05/19 14:59:33.011608 [DEBUG] evaluate: populating store with 15917 EDB facts
2026/05/19 14:59:33.015122 [DEBUG] evaluate: running fixpoint evaluation (derivedFactLimit=500000)
2026/05/19 14:59:33.015122 [DEBUG] evaluate: registered 10/10 external predicates (filtered by Decl)
2026/05/19 14:59:34.423683 [DEBUG] evaluate.fixpoint completed in 1.4085605s
2026/05/19 14:59:34.423683 [DEBUG] evaluate: fixpoint reached - strata=727, evalTime=1.3744964s, wallTime=1.4085605s
2026/05/19 14:59:34.423683 [DEBUG] evaluate completed in 1.4120745s
2026/05/19 14:59:34.423683 [DEBUG] evaluate: complete, kernel initialized
2026/05/19 14:59:34.423683 [DEBUG] Assert: fact added successfully, total facts=15917
2026/05/19 14:59:34.423683 [DEBUG] Query completed in 1.4120745s
2026/05/19 14:59:34.423683 [DEBUG] Query: predicate=pending_action returned 0 results
2026/05/19 14:59:34.423683 [DEBUG] Query: predicate=active_strategy
2026/05/19 14:59:34.423683 [DEBUG] Query: predicate=user_requests_appeal
2026/05/19 14:59:34.423683 [DEBUG] evaluate: using cached programInfo
2026/05/19 14:59:34.423683 [DEBUG] evaluate: populating store with 15918 EDB facts
2026/05/19 14:59:34.427209 [DEBUG] evaluate: running fixpoint evaluation (derivedFactLimit=500000)
2026/05/19 14:59:34.427209 [DEBUG] evaluate: registered 10/10 external predicates (filtered by Decl)
2026/05/19 14:59:34.881698 [DEBUG] Query: predicate=delegate_task
2026/05/19 14:59:35.838345 [DEBUG] evaluate.fixpoint completed in 1.4111359s
2026/05/19 14:59:35.838345 [DEBUG] evaluate: fixpoint reached - strata=727, evalTime=1.3813422s, wallTime=1.4111359s
2026/05/19 14:59:35.838345 [DEBUG] evaluate completed in 1.4146622s
2026/05/19 14:59:35.838345 [DEBUG] evaluate: complete, kernel initialized
2026/05/19 14:59:35.838345 [DEBUG] Assert: fact added successfully, total facts=15918
2026/05/19 14:59:35.838345 [DEBUG] Query completed in 1.4146622s
2026/05/19 14:59:35.838345 [DEBUG] Query: predicate=active_strategy returned 0 results
2026/05/19 14:59:35.838345 [DEBUG] Query completed in 956.647ms
2026/05/19 14:59:35.838345 [DEBUG] Query: predicate=block_commit
2026/05/19 14:59:35.838345 [DEBUG] Query completed in 1.4146622s
2026/05/19 14:59:35.838345 [DEBUG] Assert: tool_capability("go_lint", "lint").
2026/05/19 14:59:35.838345 [DEBUG] Query: predicate=delegate_task returned 0 results
2026/05/19 14:59:35.838345 [DEBUG] Query: predicate=user_requests_appeal returned 0 results
2026/05/19 14:59:35.839350 [DEBUG] Assert: system_heartbeat("constitution_gate", 1779217175).
2026/05/19 14:59:35.839350 [DEBUG] evaluate: using cached programInfo
2026/05/19 14:59:35.839350 [DEBUG] evaluate: populating store with 15919 EDB facts
2026/05/19 14:59:35.840883 [DEBUG] evaluate: running fixpoint evaluation (derivedFactLimit=500000)
2026/05/19 14:59:35.840883 [DEBUG] evaluate: registered 10/10 external predicates (filtered by Decl)
2026/05/19 14:59:36.881513 [DEBUG] Query: predicate=delegate_task
2026/05/19 14:59:37.184712 [DEBUG] evaluate.fixpoint completed in 1.343829s
2026/05/19 14:59:37.184712 [DEBUG] evaluate: fixpoint reached - strata=727, evalTime=1.3162699s, wallTime=1.343829s
2026/05/19 14:59:37.184712 [DEBUG] evaluate completed in 1.3453616s
2026/05/19 14:59:37.184712 [DEBUG] evaluate: complete, kernel initialized
2026/05/19 14:59:37.184712 [DEBUG] Assert: fact added successfully, total facts=15919
2026/05/19 14:59:37.184712 [DEBUG] Assert: system_heartbeat("perception_firewall", 1779217177).
2026/05/19 14:59:37.184712 [DEBUG] Query completed in 303.1988ms
2026/05/19 14:59:37.184712 [DEBUG] Query completed in 1.3463668s
2026/05/19 14:59:37.184712 [DEBUG] Query: predicate=delegate_task returned 0 results
2026/05/19 14:59:37.184712 [DEBUG] Query: predicate=block_commit returned 0 results
2026/05/19 14:59:37.184712 [DEBUG] Query: predicate=block_action
2026/05/19 14:59:37.184712 [DEBUG] evaluate: using cached programInfo
2026/05/19 14:59:37.184712 [DEBUG] evaluate: populating store with 15920 EDB facts
2026/05/19 14:59:37.187893 [DEBUG] evaluate: running fixpoint evaluation (derivedFactLimit=500000)
2026/05/19 14:59:37.187893 [DEBUG] evaluate: registered 10/10 external predicates (filtered by Decl)
2026/05/19 14:59:38.554413 [DEBUG] evaluate.fixpoint completed in 1.3665198s
2026/05/19 14:59:38.554413 [DEBUG] evaluate: fixpoint reached - strata=727, evalTime=1.3393769s, wallTime=1.3665198s
2026/05/19 14:59:38.554413 [DEBUG] evaluate completed in 1.3697016s
2026/05/19 14:59:38.554413 [DEBUG] evaluate: complete, kernel initialized
2026/05/19 14:59:38.554413 [DEBUG] Assert: fact added successfully, total facts=15920
2026/05/19 14:59:38.554413 [DEBUG] Assert: system_heartbeat("perception_firewall", 1779217178).
2026/05/19 14:59:38.554413 [DEBUG] Query completed in 1.3697016s
2026/05/19 14:59:38.554413 [DEBUG] Query: predicate=block_action returned 0 results
2026/05/19 14:59:38.554413 [DEBUG] Query: predicate=executive_blocked
2026/05/19 14:59:38.554413 [DEBUG] evaluate: using cached programInfo
2026/05/19 14:59:38.554413 [DEBUG] evaluate: populating store with 15921 EDB facts
2026/05/19 14:59:38.558506 [DEBUG] evaluate: running fixpoint evaluation (derivedFactLimit=500000)
2026/05/19 14:59:38.558506 [DEBUG] evaluate: registered 10/10 external predicates (filtered by Decl)
2026/05/19 14:59:38.881550 [DEBUG] Query: predicate=delegate_task
2026/05/19 14:59:39.876146 [DEBUG] evaluate.fixpoint completed in 1.3176393s
2026/05/19 14:59:39.877649 [DEBUG] evaluate: fixpoint reached - strata=727, evalTime=1.2919643s, wallTime=1.3176393s
2026/05/19 14:59:39.877649 [DEBUG] evaluate completed in 1.3232361s
2026/05/19 14:59:39.877649 [DEBUG] evaluate: complete, kernel initialized
2026/05/19 14:59:39.877649 [DEBUG] Assert: fact added successfully, total facts=15921
2026/05/19 14:59:39.877649 [DEBUG] Query completed in 1.3232361s
2026/05/19 14:59:39.877649 [DEBUG] Assert: registered_tool("go_fmt", "go fmt ./...", /coder).
2026/05/19 14:59:39.877649 [DEBUG] Query: predicate=executive_blocked returned 0 results
2026/05/19 14:59:39.877649 [DEBUG] Query completed in 996.0998ms
2026/05/19 14:59:39.877649 [DEBUG] Query: predicate=test_state_blocking
2026/05/19 14:59:39.877649 [DEBUG] Query: predicate=delegate_task returned 0 results
2026/05/19 14:59:39.877649 [DEBUG] evaluate: using cached programInfo
2026/05/19 14:59:39.877649 [DEBUG] evaluate: populating store with 15922 EDB facts
2026/05/19 14:59:39.880713 [DEBUG] evaluate: running fixpoint evaluation (derivedFactLimit=500000)
2026/05/19 14:59:39.880713 [DEBUG] evaluate: registered 10/10 external predicates (filtered by Decl)
2026/05/19 14:59:40.881676 [DEBUG] Query: predicate=delegate_task
2026/05/19 14:59:41.228602 [DEBUG] evaluate.fixpoint completed in 1.3478893s
2026/05/19 14:59:41.228602 [DEBUG] evaluate: fixpoint reached - strata=727, evalTime=1.3235489s, wallTime=1.3478893s
2026/05/19 14:59:41.228602 [DEBUG] evaluate completed in 1.350953s
2026/05/19 14:59:41.228602 [DEBUG] evaluate: complete, kernel initialized
2026/05/19 14:59:41.228602 [DEBUG] Assert: fact added successfully, total facts=15922
2026/05/19 14:59:41.228602 [DEBUG] Query completed in 1.350953s
2026/05/19 14:59:41.228602 [DEBUG] Query completed in 346.9263ms
2026/05/19 14:59:41.228602 [DEBUG] Query: predicate=pending_action
2026/05/19 14:59:41.228602 [DEBUG] Query: predicate=test_state_blocking returned 0 results
2026/05/19 14:59:41.228602 [DEBUG] Query: predicate=delegate_task returned 0 results
2026/05/19 14:59:41.228602 [DEBUG] Query: predicate=next_action
2026/05/19 14:59:41.228602 [DEBUG] evaluate: using cached programInfo
2026/05/19 14:59:41.228602 [DEBUG] evaluate: populating store with 15923 EDB facts
2026/05/19 14:59:41.232138 [DEBUG] evaluate: running fixpoint evaluation (derivedFactLimit=500000)
2026/05/19 14:59:41.232138 [DEBUG] evaluate: registered 10/10 external predicates (filtered by Decl)
2026/05/19 14:59:42.558492 [DEBUG] evaluate.fixpoint completed in 1.3263539s
2026/05/19 14:59:42.558492 [DEBUG] evaluate: fixpoint reached - strata=727, evalTime=1.297259s, wallTime=1.3263539s
2026/05/19 14:59:42.558492 [DEBUG] evaluate completed in 1.3298894s
2026/05/19 14:59:42.558492 [DEBUG] evaluate: complete, kernel initialized
2026/05/19 14:59:42.558492 [DEBUG] Assert: fact added successfully, total facts=15923
2026/05/19 14:59:42.558492 [DEBUG] Query completed in 1.3298894s
2026/05/19 14:59:42.558492 [DEBUG] Assert: system_heartbeat("perception_firewall", 1779217182).
2026/05/19 14:59:42.558492 [DEBUG] Query: predicate=next_action returned 0 results
2026/05/19 14:59:42.558492 [DEBUG] Query completed in 1.3298894s
2026/05/19 14:59:42.558492 [DEBUG] Query: predicate=tdd_next_action
2026/05/19 14:59:42.558492 [DEBUG] Query: predicate=pending_action returned 0 results
2026/05/19 14:59:42.558492 [DEBUG] Query: predicate=user_requests_appeal
2026/05/19 14:59:42.558492 [DEBUG] evaluate: using cached programInfo
2026/05/19 14:59:42.558492 [DEBUG] evaluate: populating store with 15924 EDB facts
2026/05/19 14:59:42.561757 [DEBUG] evaluate: running fixpoint evaluation (derivedFactLimit=500000)
2026/05/19 14:59:42.561757 [DEBUG] evaluate: registered 10/10 external predicates (filtered by Decl)
2026/05/19 14:59:42.881939 [DEBUG] Query: predicate=delegate_task
2026/05/19 14:59:43.974923 [DEBUG] evaluate.fixpoint completed in 1.4131657s
2026/05/19 14:59:43.974923 [DEBUG] evaluate: fixpoint reached - strata=727, evalTime=1.3834574s, wallTime=1.4131657s
2026/05/19 14:59:43.974923 [DEBUG] evaluate completed in 1.4164311s
2026/05/19 14:59:43.974923 [DEBUG] evaluate: complete, kernel initialized
2026/05/19 14:59:43.974923 [DEBUG] Assert: fact added successfully, total facts=15924
2026/05/19 14:59:43.974923 [DEBUG] Assert: tool_registered("go_fmt", "2026-05-19T14:59:39-04:00").
2026/05/19 14:59:43.974923 [DEBUG] Query completed in 1.0929839s
2026/05/19 14:59:43.974923 [DEBUG] Query completed in 1.4164311s
2026/05/19 14:59:43.974923 [DEBUG] Query: predicate=delegate_task returned 0 results
2026/05/19 14:59:43.974923 [DEBUG] Query completed in 1.4164311s
2026/05/19 14:59:43.974923 [DEBUG] Query: predicate=tdd_next_action returned 0 results
2026/05/19 14:59:43.974923 [DEBUG] Query: predicate=campaign_next_action
2026/05/19 14:59:43.974923 [DEBUG] Query: predicate=user_requests_appeal returned 0 results
2026/05/19 14:59:43.974923 [DEBUG] Assert: system_heartbeat("constitution_gate", 1779217183).
2026/05/19 14:59:43.974923 [DEBUG] evaluate: using cached programInfo
2026/05/19 14:59:43.974923 [DEBUG] evaluate: populating store with 15925 EDB facts
2026/05/19 14:59:43.978458 [DEBUG] evaluate: running fixpoint evaluation (derivedFactLimit=500000)
2026/05/19 14:59:43.978458 [DEBUG] evaluate: registered 10/10 external predicates (filtered by Decl)
2026/05/19 14:59:44.881578 [DEBUG] Query: predicate=delegate_task
2026/05/19 14:59:45.333444 [DEBUG] evaluate.fixpoint completed in 1.3549858s
2026/05/19 14:59:45.333978 [DEBUG] evaluate: fixpoint reached - strata=727, evalTime=1.3281394s, wallTime=1.3549858s
2026/05/19 14:59:45.333978 [DEBUG] evaluate completed in 1.3590554s
2026/05/19 14:59:45.333978 [DEBUG] evaluate: complete, kernel initialized
2026/05/19 14:59:45.333978 [DEBUG] Assert: fact added successfully, total facts=15925
2026/05/19 14:59:45.333978 [DEBUG] Query completed in 1.3590554s
2026/05/19 14:59:45.333978 [DEBUG] Query: predicate=campaign_next_action returned 0 results
2026/05/19 14:59:45.333978 [DEBUG] Query completed in 452.3998ms
2026/05/19 14:59:45.333978 [DEBUG] Query: predicate=repair_next_action
2026/05/19 14:59:45.333978 [DEBUG] Assert: tool_capability("go_fmt", "format").
2026/05/19 14:59:45.333978 [DEBUG] Query: predicate=delegate_task returned 0 results
2026/05/19 14:59:45.333978 [DEBUG] evaluate: using cached programInfo
2026/05/19 14:59:45.333978 [DEBUG] evaluate: populating store with 15926 EDB facts
2026/05/19 14:59:45.337202 [DEBUG] evaluate: running fixpoint evaluation (derivedFactLimit=500000)
2026/05/19 14:59:45.337202 [DEBUG] evaluate: registered 10/10 external predicates (filtered by Decl)
2026/05/19 14:59:46.687641 [DEBUG] evaluate.fixpoint completed in 1.3504398s
2026/05/19 14:59:46.687641 [DEBUG] evaluate: fixpoint reached - strata=727, evalTime=1.3135054s, wallTime=1.3504398s
2026/05/19 14:59:46.687641 [DEBUG] evaluate completed in 1.3536631s
2026/05/19 14:59:46.687641 [DEBUG] evaluate: complete, kernel initialized
2026/05/19 14:59:46.687641 [DEBUG] Assert: fact added successfully, total facts=15926
2026/05/19 14:59:46.687641 [DEBUG] Query completed in 1.3536631s
2026/05/19 14:59:46.687641 [DEBUG] Assert: system_heartbeat("perception_firewall", 1779217186).
2026/05/19 14:59:46.687641 [DEBUG] Query: predicate=repair_next_action returned 0 results
2026/05/19 14:59:46.687641 [DEBUG] Query: predicate=delegate_task
2026/05/19 14:59:46.687641 [DEBUG] evaluate: using cached programInfo
2026/05/19 14:59:46.687641 [DEBUG] evaluate: populating store with 15927 EDB facts
2026/05/19 14:59:46.691374 [DEBUG] evaluate: running fixpoint evaluation (derivedFactLimit=500000)
2026/05/19 14:59:46.691374 [DEBUG] evaluate: registered 10/10 external predicates (filtered by Decl)
2026/05/19 14:59:46.881452 [DEBUG] Query: predicate=delegate_task
2026/05/19 14:59:48.096884 [DEBUG] evaluate.fixpoint completed in 1.4055098s
2026/05/19 14:59:48.096884 [DEBUG] evaluate: fixpoint reached - strata=727, evalTime=1.3732019s, wallTime=1.4055098s
2026/05/19 14:59:48.096884 [DEBUG] evaluate completed in 1.4092425s
2026/05/19 14:59:48.096884 [DEBUG] evaluate: complete, kernel initialized
2026/05/19 14:59:48.096884 [DEBUG] Assert: fact added successfully, total facts=15927
2026/05/19 14:59:48.096884 [DEBUG] Query completed in 1.4092425s
2026/05/19 14:59:48.096884 [DEBUG] Query: predicate=delegate_task returned 0 results
2026/05/19 14:59:48.096884 [DEBUG] Query: predicate=user_intent
2026/05/19 14:59:48.096884 [DEBUG] Query: predicate=pending_action
2026/05/19 14:59:48.096884 [DEBUG] Query completed in 1.2154319s
2026/05/19 14:59:48.096884 [DEBUG] Query: predicate=delegate_task returned 0 results
2026/05/19 14:59:48.096884 [DEBUG] evaluate: using cached programInfo
2026/05/19 14:59:48.096884 [DEBUG] evaluate: populating store with 15928 EDB facts
2026/05/19 14:59:48.100541 [DEBUG] evaluate: running fixpoint evaluation (derivedFactLimit=500000)
2026/05/19 14:59:48.100541 [DEBUG] evaluate: registered 10/10 external predicates (filtered by Decl)
2026/05/19 14:59:48.881723 [DEBUG] Query: predicate=delegate_task
2026/05/19 14:59:49.621153 [DEBUG] evaluate.fixpoint completed in 1.520612s
2026/05/19 14:59:49.621153 [DEBUG] evaluate: fixpoint reached - strata=727, evalTime=1.4871549s, wallTime=1.520612s
2026/05/19 14:59:49.621153 [DEBUG] evaluate completed in 1.524269s
2026/05/19 14:59:49.621153 [DEBUG] evaluate: complete, kernel initialized
2026/05/19 14:59:49.621153 [DEBUG] Assert: fact added successfully, total facts=15928
2026/05/19 14:59:49.621153 [DEBUG] Query completed in 1.524269s
2026/05/19 14:59:49.621153 [DEBUG] Query: predicate=user_intent returned 0 results
2026/05/19 14:59:49.621153 [DEBUG] Query completed in 739.4295ms
2026/05/19 14:59:49.621153 [DEBUG] Query completed in 1.524269s
2026/05/19 14:59:49.621153 [DEBUG] Assert: registered_tool("go_mod_tidy", "go mod tidy", /coder).
2026/05/19 14:59:49.621153 [DEBUG] Query: predicate=pending_action returned 0 results
2026/05/19 14:59:49.621153 [DEBUG] Query: predicate=user_requests_appeal
2026/05/19 14:59:49.621153 [DEBUG] Query: predicate=delegate_task returned 0 results
2026/05/19 14:59:49.621153 [DEBUG] Query: predicate=user_intent
2026/05/19 14:59:49.621153 [DEBUG] evaluate: using cached programInfo
2026/05/19 14:59:49.621153 [DEBUG] evaluate: populating store with 15929 EDB facts
2026/05/19 14:59:49.624223 [DEBUG] evaluate: running fixpoint evaluation (derivedFactLimit=500000)
2026/05/19 14:59:49.624223 [DEBUG] evaluate: registered 10/10 external predicates (filtered by Decl)
2026/05/19 14:59:50.881473 [DEBUG] Query: predicate=delegate_task
2026/05/19 14:59:51.004611 [DEBUG] evaluate.fixpoint completed in 1.3803877s
2026/05/19 14:59:51.004611 [DEBUG] evaluate: fixpoint reached - strata=727, evalTime=1.3551233s, wallTime=1.3803877s
2026/05/19 14:59:51.004611 [DEBUG] evaluate completed in 1.3834583s
2026/05/19 14:59:51.004611 [DEBUG] evaluate: complete, kernel initialized
2026/05/19 14:59:51.004611 [DEBUG] Assert: fact added successfully, total facts=15929
2026/05/19 14:59:51.004611 [DEBUG] Assert: system_heartbeat("perception_firewall", 1779217191).
2026/05/19 14:59:51.004611 [DEBUG] Query completed in 123.1386ms
2026/05/19 14:59:51.004611 [DEBUG] Query completed in 1.3834583s
2026/05/19 14:59:51.004611 [DEBUG] Query: predicate=delegate_task returned 0 results
2026/05/19 14:59:51.004611 [DEBUG] Query completed in 1.3834583s
2026/05/19 14:59:51.004611 [DEBUG] Query: predicate=user_intent returned 0 results
2026/05/19 14:59:51.004611 [DEBUG] Query: predicate=user_requests_appeal returned 0 results
2026/05/19 14:59:51.004611 [DEBUG] Query: predicate=pending_intent
2026/05/19 14:59:51.004611 [DEBUG] Assert: system_heartbeat("constitution_gate", 1779217191).
2026/05/19 14:59:51.004611 [DEBUG] evaluate: using cached programInfo
2026/05/19 14:59:51.004611 [DEBUG] evaluate: populating store with 15930 EDB facts
2026/05/19 14:59:51.007127 [DEBUG] evaluate: running fixpoint evaluation (derivedFactLimit=500000)
2026/05/19 14:59:51.007127 [DEBUG] evaluate: registered 10/10 external predicates (filtered by Decl)
2026/05/19 14:59:52.327874 [DEBUG] evaluate.fixpoint completed in 1.3207474s
2026/05/19 14:59:52.327874 [DEBUG] evaluate: fixpoint reached - strata=727, evalTime=1.2840711s, wallTime=1.3207474s
2026/05/19 14:59:52.327874 [DEBUG] evaluate completed in 1.3232633s
2026/05/19 14:59:52.327874 [DEBUG] evaluate: complete, kernel initialized
2026/05/19 14:59:52.327874 [DEBUG] Assert: fact added successfully, total facts=15930
2026/05/19 14:59:52.327874 [DEBUG] Assert: system_heartbeat("perception_firewall", 1779217192).
2026/05/19 14:59:52.327874 [DEBUG] Query completed in 1.3232633s
2026/05/19 14:59:52.328884 [DEBUG] Query: predicate=pending_intent returned 0 results
2026/05/19 14:59:52.328884 [DEBUG] Retract: removing all facts with predicate=ooda_timeout
2026/05/19 14:59:52.328884 [DEBUG] evaluate: using cached programInfo
2026/05/19 14:59:52.328884 [DEBUG] evaluate: populating store with 15931 EDB facts
2026/05/19 14:59:52.331396 [DEBUG] evaluate: running fixpoint evaluation (derivedFactLimit=500000)
2026/05/19 14:59:52.332395 [DEBUG] evaluate: registered 10/10 external predicates (filtered by Decl)
2026/05/19 14:59:52.881632 [DEBUG] Query: predicate=delegate_task
2026/05/19 14:59:53.656681 [DEBUG] evaluate.fixpoint completed in 1.3242858s
2026/05/19 14:59:53.656681 [DEBUG] evaluate: fixpoint reached - strata=727, evalTime=1.2935518s, wallTime=1.3242858s
2026/05/19 14:59:53.656681 [DEBUG] evaluate completed in 1.3277967s
2026/05/19 14:59:53.656681 [DEBUG] evaluate: complete, kernel initialized
2026/05/19 14:59:53.656681 [DEBUG] Assert: fact added successfully, total facts=15931
2026/05/19 14:59:53.656681 [DEBUG] Query completed in 775.049ms
2026/05/19 14:59:53.656681 [DEBUG] Assert: tool_registered("go_mod_tidy", "2026-05-19T14:59:49-04:00").
2026/05/19 14:59:53.656681 [DEBUG] Query: predicate=delegate_task returned 0 results
2026/05/19 14:59:53.656681 [DEBUG] evaluate: using cached programInfo
2026/05/19 14:59:53.656681 [DEBUG] evaluate: populating store with 15932 EDB facts
2026/05/19 14:59:53.659768 [DEBUG] evaluate: running fixpoint evaluation (derivedFactLimit=500000)
2026/05/19 14:59:53.659768 [DEBUG] evaluate: registered 10/10 external predicates (filtered by Decl)
2026/05/19 14:59:54.881756 [DEBUG] Query: predicate=delegate_task
2026/05/19 14:59:54.954544 [DEBUG] evaluate.fixpoint completed in 1.2947766s
2026/05/19 14:59:54.954544 [DEBUG] evaluate: fixpoint reached - strata=727, evalTime=1.2716326s, wallTime=1.2947766s
2026/05/19 14:59:54.954544 [DEBUG] evaluate completed in 1.2978634s
2026/05/19 14:59:54.956052 [DEBUG] evaluate: complete, kernel initialized
2026/05/19 14:59:54.956052 [DEBUG] Assert: fact added successfully, total facts=15932
2026/05/19 14:59:54.956052 [DEBUG] Query completed in 74.2959ms
2026/05/19 14:59:54.956052 [DEBUG] Query: predicate=pending_action
2026/05/19 14:59:54.956052 [DEBUG] Query: predicate=delegate_task returned 0 results
2026/05/19 14:59:54.956052 [DEBUG] evaluate: using cached programInfo
2026/05/19 14:59:54.956052 [DEBUG] evaluate: populating store with 15933 EDB facts
2026/05/19 14:59:54.958579 [DEBUG] evaluate: running fixpoint evaluation (derivedFactLimit=500000)
2026/05/19 14:59:54.959112 [DEBUG] evaluate: registered 10/10 external predicates (filtered by Decl)
2026/05/19 14:59:56.267664 [DEBUG] evaluate.fixpoint completed in 1.3085522s
2026/05/19 14:59:56.267664 [DEBUG] evaluate: fixpoint reached - strata=727, evalTime=1.2795665s, wallTime=1.3085522s
2026/05/19 14:59:56.267664 [DEBUG] evaluate completed in 1.3116119s
2026/05/19 14:59:56.267664 [DEBUG] evaluate: complete, kernel initialized
2026/05/19 14:59:56.267664 [DEBUG] Assert: fact added successfully, total facts=15933
2026/05/19 14:59:56.267664 [DEBUG] Assert: system_heartbeat("perception_firewall", 1779217196).
2026/05/19 14:59:56.267664 [DEBUG] Query completed in 1.3116119s
2026/05/19 14:59:56.268665 [DEBUG] Query: predicate=pending_action returned 0 results
2026/05/19 14:59:56.268665 [DEBUG] Query: predicate=user_requests_appeal
2026/05/19 14:59:56.268665 [DEBUG] Retract: no facts found for predicate=ooda_timeout (EDB unchanged at 15933 facts)
2026/05/19 14:59:56.268665 [DEBUG] Query completed in 0s
2026/05/19 14:59:56.268665 [DEBUG] Assert: system_heartbeat("executive_policy", 1779217196).
2026/05/19 14:59:56.268665 [DEBUG] Query: predicate=user_requests_appeal returned 0 results
2026/05/19 14:59:56.268665 [DEBUG] Assert: system_heartbeat("constitution_gate", 1779217196).
2026/05/19 14:59:56.268665 [DEBUG] evaluate: using cached programInfo
2026/05/19 14:59:56.268665 [DEBUG] evaluate: populating store with 15934 EDB facts
2026/05/19 14:59:56.272280 [DEBUG] evaluate: running fixpoint evaluation (derivedFactLimit=500000)
2026/05/19 14:59:56.272280 [DEBUG] evaluate: registered 10/10 external predicates (filtered by Decl)
2026/05/19 14:59:56.882518 [DEBUG] Query: predicate=delegate_task
2026/05/19 14:59:57.745047 [DEBUG] evaluate.fixpoint completed in 1.4727664s
2026/05/19 14:59:57.745047 [DEBUG] evaluate: fixpoint reached - strata=727, evalTime=1.439104s, wallTime=1.4727664s
2026/05/19 14:59:57.745047 [DEBUG] evaluate completed in 1.4763821s
2026/05/19 14:59:57.745047 [DEBUG] evaluate: complete, kernel initialized
2026/05/19 14:59:57.745047 [DEBUG] Assert: fact added successfully, total facts=15934
2026/05/19 14:59:57.745047 [DEBUG] Assert: tool_capability("go_mod_tidy", "deps").
2026/05/19 14:59:57.745047 [DEBUG] Query completed in 862.5286ms
2026/05/19 14:59:57.745047 [DEBUG] Query: predicate=delegate_task returned 0 results
2026/05/19 14:59:57.745047 [DEBUG] evaluate: using cached programInfo
2026/05/19 14:59:57.745047 [DEBUG] evaluate: populating store with 15935 EDB facts
2026/05/19 14:59:57.751120 [DEBUG] evaluate: running fixpoint evaluation (derivedFactLimit=500000)
2026/05/19 14:59:57.751120 [DEBUG] evaluate: registered 10/10 external predicates (filtered by Decl)
2026/05/19 14:59:58.881883 [DEBUG] Query: predicate=delegate_task
2026/05/19 14:59:59.203069 [DEBUG] evaluate.fixpoint completed in 1.4519485s
2026/05/19 14:59:59.203069 [DEBUG] evaluate: fixpoint reached - strata=727, evalTime=1.4146951s, wallTime=1.4519485s
2026/05/19 14:59:59.203069 [DEBUG] evaluate completed in 1.458022s
2026/05/19 14:59:59.203069 [DEBUG] evaluate: complete, kernel initialized
2026/05/19 14:59:59.203069 [DEBUG] Assert: fact added successfully, total facts=15935
2026/05/19 14:59:59.203069 [DEBUG] Query completed in 321.1855ms
2026/05/19 14:59:59.203069 [DEBUG] Assert: system_heartbeat("perception_firewall", 1779217199).
2026/05/19 14:59:59.203069 [DEBUG] Query: predicate=delegate_task returned 0 results
2026/05/19 14:59:59.203069 [DEBUG] evaluate: using cached programInfo
2026/05/19 14:59:59.203069 [DEBUG] evaluate: populating store with 15936 EDB facts
2026/05/19 14:59:59.207083 [DEBUG] evaluate: running fixpoint evaluation (derivedFactLimit=500000)
2026/05/19 14:59:59.207083 [DEBUG] evaluate: registered 10/10 external predicates (filtered by Decl)
2026/05/19 15:00:00.641159 [DEBUG] evaluate.fixpoint completed in 1.4340768s
2026/05/19 15:00:00.642675 [DEBUG] evaluate: fixpoint reached - strata=727, evalTime=1.4065473s, wallTime=1.4340768s
2026/05/19 15:00:00.642675 [DEBUG] evaluate completed in 1.4396058s
2026/05/19 15:00:00.642675 [DEBUG] evaluate: complete, kernel initialized
2026/05/19 15:00:00.642675 [DEBUG] Assert: fact added successfully, total facts=15936
2026/05/19 15:00:00.642675 [DEBUG] Query: predicate=active_strategy
2026/05/19 15:00:00.642675 [DEBUG] evaluate: using cached programInfo
2026/05/19 15:00:00.642675 [DEBUG] evaluate: populating store with 15937 EDB facts
2026/05/19 15:00:00.645733 [DEBUG] evaluate: running fixpoint evaluation (derivedFactLimit=500000)
2026/05/19 15:00:00.645733 [DEBUG] evaluate: registered 10/10 external predicates (filtered by Decl)
2026/05/19 15:00:00.881859 [DEBUG] Query: predicate=delegate_task
2026/05/19 15:00:02.024229 [DEBUG] evaluate.fixpoint completed in 1.3784966s
2026/05/19 15:00:02.024229 [DEBUG] evaluate: fixpoint reached - strata=727, evalTime=1.3529566s, wallTime=1.3784966s
2026/05/19 15:00:02.024229 [DEBUG] evaluate completed in 1.3815548s
2026/05/19 15:00:02.024229 [DEBUG] evaluate: complete, kernel initialized
2026/05/19 15:00:02.024229 [DEBUG] Assert: fact added successfully, total facts=15937
2026/05/19 15:00:02.024229 [DEBUG] Query completed in 1.3815548s
2026/05/19 15:00:02.024229 [DEBUG] Query completed in 1.1423706s
2026/05/19 15:00:02.024229 [DEBUG] Query: predicate=active_strategy returned 0 results
2026/05/19 15:00:02.024229 [DEBUG] Query: predicate=block_commit
2026/05/19 15:00:02.024229 [DEBUG] Query: predicate=pending_action
2026/05/19 15:00:02.024229 [DEBUG] Query: predicate=delegate_task returned 0 results
2026/05/19 15:00:02.024229 [DEBUG] evaluate: using cached programInfo
2026/05/19 15:00:02.024229 [DEBUG] evaluate: populating store with 15938 EDB facts
2026/05/19 15:00:02.027090 [DEBUG] evaluate: running fixpoint evaluation (derivedFactLimit=500000)
2026/05/19 15:00:02.027090 [DEBUG] evaluate: registered 10/10 external predicates (filtered by Decl)
2026/05/19 15:00:02.881513 [DEBUG] Query: predicate=delegate_task
2026/05/19 15:00:03.523785 [DEBUG] evaluate.fixpoint completed in 1.4966951s
2026/05/19 15:00:03.523785 [DEBUG] evaluate: fixpoint reached - strata=727, evalTime=1.4684571s, wallTime=1.4966951s
2026/05/19 15:00:03.523785 [DEBUG] evaluate completed in 1.4995555s
2026/05/19 15:00:03.523785 [DEBUG] evaluate: complete, kernel initialized
2026/05/19 15:00:03.523785 [DEBUG] Assert: fact added successfully, total facts=15938
2026/05/19 15:00:03.523785 [DEBUG] Query completed in 642.2719ms
2026/05/19 15:00:03.523785 [DEBUG] Assert: registered_tool("go_vet", "go vet ./...", /reviewer).
2026/05/19 15:00:03.523785 [DEBUG] Query completed in 1.4995555s
2026/05/19 15:00:03.523785 [DEBUG] Query: predicate=delegate_task returned 0 results
2026/05/19 15:00:03.523785 [DEBUG] Query completed in 1.4995555s
2026/05/19 15:00:03.523785 [DEBUG] Query: predicate=block_commit returned 0 results
2026/05/19 15:00:03.523785 [DEBUG] Query: predicate=block_action
2026/05/19 15:00:03.523785 [DEBUG] Query: predicate=pending_action returned 0 results
2026/05/19 15:00:03.523785 [DEBUG] Query: predicate=user_requests_appeal
2026/05/19 15:00:03.523785 [DEBUG] evaluate: using cached programInfo
2026/05/19 15:00:03.523785 [DEBUG] evaluate: populating store with 15939 EDB facts
2026/05/19 15:00:03.530840 [DEBUG] evaluate: running fixpoint evaluation (derivedFactLimit=500000)
2026/05/19 15:00:03.530840 [DEBUG] evaluate: registered 10/10 external predicates (filtered by Decl)
2026/05/19 15:00:04.881888 [DEBUG] Query: predicate=delegate_task
2026/05/19 15:00:04.917381 [DEBUG] evaluate.fixpoint completed in 1.3865416s
2026/05/19 15:00:04.917381 [DEBUG] evaluate: fixpoint reached - strata=727, evalTime=1.358734s, wallTime=1.3865416s
2026/05/19 15:00:04.917381 [DEBUG] evaluate completed in 1.3935962s
2026/05/19 15:00:04.917381 [DEBUG] evaluate: complete, kernel initialized
2026/05/19 15:00:04.917381 [DEBUG] Assert: fact added successfully, total facts=15939
2026/05/19 15:00:04.917381 [DEBUG] Assert: system_heartbeat("perception_firewall", 1779217204).
2026/05/19 15:00:04.917381 [DEBUG] Query completed in 35.4932ms
2026/05/19 15:00:04.917381 [DEBUG] Query completed in 1.3935962s
2026/05/19 15:00:04.917889 [DEBUG] Query completed in 1.3935962s
2026/05/19 15:00:04.917889 [DEBUG] Query: predicate=user_requests_appeal returned 0 results
2026/05/19 15:00:04.917381 [DEBUG] Query: predicate=delegate_task returned 0 results
2026/05/19 15:00:04.917889 [DEBUG] Query: predicate=block_action returned 0 results
2026/05/19 15:00:04.917889 [DEBUG] Assert: system_heartbeat("constitution_gate", 1779217204).
2026/05/19 15:00:04.917889 [DEBUG] Query: predicate=executive_blocked
2026/05/19 15:00:04.917889 [DEBUG] evaluate: using cached programInfo
2026/05/19 15:00:04.917889 [DEBUG] evaluate: populating store with 15940 EDB facts
2026/05/19 15:00:04.920405 [DEBUG] evaluate: running fixpoint evaluation (derivedFactLimit=500000)
2026/05/19 15:00:04.920405 [DEBUG] evaluate: registered 10/10 external predicates (filtered by Decl)
2026/05/19 15:00:06.507744 [DEBUG] evaluate.fixpoint completed in 1.5873397s
2026/05/19 15:00:06.507744 [DEBUG] evaluate: fixpoint reached - strata=727, evalTime=1.5573642s, wallTime=1.5873397s
2026/05/19 15:00:06.507744 [DEBUG] evaluate completed in 1.5898552s
2026/05/19 15:00:06.507744 [DEBUG] evaluate: complete, kernel initialized
2026/05/19 15:00:06.507744 [DEBUG] Assert: fact added successfully, total facts=15940
2026/05/19 15:00:06.507744 [DEBUG] Assert: system_heartbeat("perception_firewall", 1779217206).
2026/05/19 15:00:06.507744 [DEBUG] Query completed in 1.5898552s
2026/05/19 15:00:06.507744 [DEBUG] Query: predicate=executive_blocked returned 0 results
2026/05/19 15:00:06.507744 [DEBUG] Query: predicate=test_state_blocking
2026/05/19 15:00:06.507744 [DEBUG] evaluate: using cached programInfo
2026/05/19 15:00:06.507744 [DEBUG] evaluate: populating store with 15941 EDB facts
2026/05/19 15:00:06.511403 [DEBUG] evaluate: running fixpoint evaluation (derivedFactLimit=500000)
2026/05/19 15:00:06.511403 [DEBUG] evaluate: registered 10/10 external predicates (filtered by Decl)
2026/05/19 15:00:06.881842 [DEBUG] Query: predicate=delegate_task
2026/05/19 15:00:07.924450 [DEBUG] evaluate.fixpoint completed in 1.4130467s
2026/05/19 15:00:07.924450 [DEBUG] evaluate: fixpoint reached - strata=727, evalTime=1.3876062s, wallTime=1.4130467s
2026/05/19 15:00:07.924450 [DEBUG] evaluate completed in 1.4167055s
2026/05/19 15:00:07.924450 [DEBUG] evaluate: complete, kernel initialized
2026/05/19 15:00:07.924450 [DEBUG] Assert: fact added successfully, total facts=15941
2026/05/19 15:00:07.924450 [DEBUG] Query completed in 1.4167055s
2026/05/19 15:00:07.924450 [DEBUG] Query: predicate=test_state_blocking returned 0 results
2026/05/19 15:00:07.924450 [DEBUG] Assert: tool_registered("go_vet", "2026-05-19T15:00:03-04:00").
2026/05/19 15:00:07.924450 [DEBUG] Query: predicate=next_action
2026/05/19 15:00:07.924450 [DEBUG] Query completed in 1.0426076s
2026/05/19 15:00:07.924450 [DEBUG] Query: predicate=delegate_task returned 0 results
2026/05/19 15:00:07.924450 [DEBUG] evaluate: using cached programInfo
2026/05/19 15:00:07.924450 [DEBUG] evaluate: populating store with 15942 EDB facts
2026/05/19 15:00:07.930600 [DEBUG] evaluate: running fixpoint evaluation (derivedFactLimit=500000)
2026/05/19 15:00:07.930600 [DEBUG] evaluate: registered 10/10 external predicates (filtered by Decl)
2026/05/19 15:00:08.881747 [DEBUG] Query: predicate=delegate_task
2026/05/19 15:00:09.321793 [DEBUG] evaluate.fixpoint completed in 1.3911936s
2026/05/19 15:00:09.321793 [DEBUG] evaluate: fixpoint reached - strata=727, evalTime=1.3657085s, wallTime=1.3911936s
2026/05/19 15:00:09.321793 [DEBUG] evaluate completed in 1.3973436s
2026/05/19 15:00:09.321793 [DEBUG] evaluate: complete, kernel initialized
2026/05/19 15:00:09.321793 [DEBUG] Assert: fact added successfully, total facts=15942
2026/05/19 15:00:09.321793 [DEBUG] Query completed in 1.3973436s
2026/05/19 15:00:09.321793 [DEBUG] Query: predicate=next_action returned 0 results
2026/05/19 15:00:09.321793 [DEBUG] Query: predicate=tdd_next_action
2026/05/19 15:00:09.321793 [DEBUG] Query completed in 440.046ms
2026/05/19 15:00:09.321793 [DEBUG] Query: predicate=pending_action
2026/05/19 15:00:09.321793 [DEBUG] Query: predicate=delegate_task returned 0 results
2026/05/19 15:00:09.321793 [DEBUG] evaluate: using cached programInfo
2026/05/19 15:00:09.321793 [DEBUG] evaluate: populating store with 15943 EDB facts
2026/05/19 15:00:09.325274 [DEBUG] evaluate: running fixpoint evaluation (derivedFactLimit=500000)
2026/05/19 15:00:09.325274 [DEBUG] evaluate: registered 10/10 external predicates (filtered by Decl)
2026/05/19 15:00:10.698822 [DEBUG] evaluate.fixpoint completed in 1.3735483s
2026/05/19 15:00:10.698822 [DEBUG] evaluate: fixpoint reached - strata=727, evalTime=1.3454377s, wallTime=1.3735483s
2026/05/19 15:00:10.698822 [DEBUG] evaluate completed in 1.3770286s
2026/05/19 15:00:10.698822 [DEBUG] evaluate: complete, kernel initialized
2026/05/19 15:00:10.698822 [DEBUG] Assert: fact added successfully, total facts=15943
2026/05/19 15:00:10.698822 [DEBUG] Query completed in 1.3770286s
2026/05/19 15:00:10.698822 [DEBUG] Query: predicate=tdd_next_action returned 0 results
2026/05/19 15:00:10.698822 [DEBUG] Query: predicate=campaign_next_action
2026/05/19 15:00:10.698822 [DEBUG] Assert: system_heartbeat("perception_firewall", 1779217210).
2026/05/19 15:00:10.698822 [DEBUG] Query completed in 1.3770286s
2026/05/19 15:00:10.698822 [DEBUG] Query: predicate=pending_action returned 0 results
2026/05/19 15:00:10.698822 [DEBUG] Query: predicate=user_requests_appeal
2026/05/19 15:00:10.698822 [DEBUG] evaluate: using cached programInfo
2026/05/19 15:00:10.698822 [DEBUG] evaluate: populating store with 15944 EDB facts
2026/05/19 15:00:10.702450 [DEBUG] evaluate: running fixpoint evaluation (derivedFactLimit=500000)
2026/05/19 15:00:10.702450 [DEBUG] evaluate: registered 10/10 external predicates (filtered by Decl)
2026/05/19 15:00:10.881820 [DEBUG] Query: predicate=delegate_task
2026/05/19 15:00:12.046479 [DEBUG] evaluate.fixpoint completed in 1.3440292s
2026/05/19 15:00:12.046479 [DEBUG] evaluate: fixpoint reached - strata=727, evalTime=1.3197011s, wallTime=1.3440292s
2026/05/19 15:00:12.046479 [DEBUG] evaluate completed in 1.3476569s
2026/05/19 15:00:12.046479 [DEBUG] evaluate: complete, kernel initialized
2026/05/19 15:00:12.046479 [DEBUG] Assert: fact added successfully, total facts=15944
2026/05/19 15:00:12.046479 [DEBUG] Assert: tool_capability("go_vet", "lint").
2026/05/19 15:00:12.046479 [DEBUG] Query completed in 1.1646585s
2026/05/19 15:00:12.046479 [DEBUG] Query completed in 1.3476569s
2026/05/19 15:00:12.046479 [DEBUG] Query: predicate=delegate_task returned 0 results
2026/05/19 15:00:12.046479 [DEBUG] Query completed in 1.3476569s
2026/05/19 15:00:12.046479 [DEBUG] Query: predicate=campaign_next_action returned 0 results
2026/05/19 15:00:12.046479 [DEBUG] Query: predicate=repair_next_action
2026/05/19 15:00:12.046994 [DEBUG] Query: predicate=user_requests_appeal returned 0 results
2026/05/19 15:00:12.046994 [DEBUG] Assert: system_heartbeat("constitution_gate", 1779217212).
2026/05/19 15:00:12.046994 [DEBUG] evaluate: using cached programInfo
2026/05/19 15:00:12.046994 [DEBUG] evaluate: populating store with 15945 EDB facts
2026/05/19 15:00:12.053092 [DEBUG] evaluate: running fixpoint evaluation (derivedFactLimit=500000)
2026/05/19 15:00:12.054602 [DEBUG] evaluate: registered 10/10 external predicates (filtered by Decl)
2026/05/19 15:00:12.882158 [DEBUG] Query: predicate=delegate_task
2026/05/19 15:00:13.477306 [DEBUG] evaluate.fixpoint completed in 1.4227039s
2026/05/19 15:00:13.477306 [DEBUG] evaluate: fixpoint reached - strata=727, evalTime=1.3876081s, wallTime=1.4227039s
2026/05/19 15:00:13.477306 [DEBUG] evaluate completed in 1.430312s
2026/05/19 15:00:13.477306 [DEBUG] evaluate: complete, kernel initialized
2026/05/19 15:00:13.477306 [DEBUG] Assert: fact added successfully, total facts=15945
2026/05/19 15:00:13.477306 [DEBUG] Query completed in 1.4308275s
2026/05/19 15:00:13.477306 [DEBUG] Query: predicate=repair_next_action returned 0 results
2026/05/19 15:00:13.477306 [DEBUG] Query completed in 595.1487ms
2026/05/19 15:00:13.477306 [DEBUG] Query: predicate=delegate_task
2026/05/19 15:00:13.477306 [DEBUG] Query: predicate=delegate_task returned 0 results
2026/05/19 15:00:13.477306 [DEBUG] evaluate: using cached programInfo
2026/05/19 15:00:13.477306 [DEBUG] evaluate: populating store with 15946 EDB facts
2026/05/19 15:00:13.477306 [DEBUG] Assert: registered_tool("a_simple_hello_world_greeter", "C:\\CodeProjects\\codeNERD\\.nerd\\tools\\.compiled\\a_simple_hello_world_greeter.exe", /all).
2026/05/19 15:00:13.481356 [DEBUG] evaluate: running fixpoint evaluation (derivedFactLimit=500000)
2026/05/19 15:00:13.481356 [DEBUG] evaluate: registered 10/10 external predicates (filtered by Decl)
2026/05/19 15:00:14.880536 [DEBUG] evaluate.fixpoint completed in 1.3991801s
2026/05/19 15:00:14.880536 [DEBUG] evaluate: fixpoint reached - strata=727, evalTime=1.3697148s, wallTime=1.3991801s
2026/05/19 15:00:14.880536 [DEBUG] evaluate completed in 1.4032294s
2026/05/19 15:00:14.880536 [DEBUG] evaluate: complete, kernel initialized
2026/05/19 15:00:14.880536 [DEBUG] Assert: fact added successfully, total facts=15946
2026/05/19 15:00:14.880536 [DEBUG] Query completed in 1.4032294s
2026/05/19 15:00:14.880536 [DEBUG] Query: predicate=delegate_task returned 0 results
2026/05/19 15:00:14.880536 [DEBUG] Query: predicate=user_intent
2026/05/19 15:00:14.881042 [DEBUG] evaluate: using cached programInfo
2026/05/19 15:00:14.881042 [DEBUG] evaluate: populating store with 15947 EDB facts
2026/05/19 15:00:14.885053 [DEBUG] Assert: system_heartbeat("perception_firewall", 1779217214).
2026/05/19 15:00:14.885053 [DEBUG] Query: predicate=delegate_task
2026/05/19 15:00:14.886559 [DEBUG] evaluate: running fixpoint evaluation (derivedFactLimit=500000)
2026/05/19 15:00:14.886559 [DEBUG] evaluate: registered 10/10 external predicates (filtered by Decl)
2026/05/19 15:00:16.260785 [DEBUG] evaluate.fixpoint completed in 1.374226s
2026/05/19 15:00:16.260785 [DEBUG] evaluate: fixpoint reached - strata=727, evalTime=1.3473087s, wallTime=1.374226s
2026/05/19 15:00:16.260785 [DEBUG] evaluate completed in 1.3797438s
2026/05/19 15:00:16.260785 [DEBUG] evaluate: complete, kernel initialized
2026/05/19 15:00:16.260785 [DEBUG] Assert: fact added successfully, total facts=15947
2026/05/19 15:00:16.260785 [DEBUG] Query completed in 1.3802496s
2026/05/19 15:00:16.260785 [DEBUG] Query completed in 1.3757323s
2026/05/19 15:00:16.260785 [DEBUG] Query: predicate=pending_action
2026/05/19 15:00:16.260785 [DEBUG] Query: predicate=user_intent returned 0 results
2026/05/19 15:00:16.260785 [DEBUG] Query: predicate=delegate_task returned 0 results
2026/05/19 15:00:16.260785 [DEBUG] Query: predicate=user_intent
2026/05/19 15:00:16.260785 [DEBUG] Assert: duplicate fact skipped: registered_tool("a_simple_hello_world_greeter", "C:\\CodeProjects\\codeNERD\\.nerd\\tools\\.compiled\\a_simple_hello_world_greeter.exe", /all).
2026/05/19 15:00:16.261800 [DEBUG] Query completed in 1.0146ms
2026/05/19 15:00:16.261800 [DEBUG] Assert: tool_registered("a_simple_hello_world_greeter", "2026-05-19T15:00:13-04:00").
2026/05/19 15:00:16.261800 [DEBUG] Query completed in 1.0146ms
2026/05/19 15:00:16.261800 [DEBUG] Query: predicate=user_intent returned 0 results
2026/05/19 15:00:16.261800 [DEBUG] Query: predicate=pending_intent
2026/05/19 15:00:16.261800 [DEBUG] Query: predicate=pending_action returned 0 results
2026/05/19 15:00:16.261800 [DEBUG] Query: predicate=user_requests_appeal
2026/05/19 15:00:16.261800 [DEBUG] evaluate: using cached programInfo
2026/05/19 15:00:16.261800 [DEBUG] evaluate: populating store with 15948 EDB facts
2026/05/19 15:00:16.264326 [DEBUG] evaluate: running fixpoint evaluation (derivedFactLimit=500000)
2026/05/19 15:00:16.264326 [DEBUG] evaluate: registered 10/10 external predicates (filtered by Decl)
2026/05/19 15:00:16.881477 [DEBUG] Query: predicate=delegate_task
2026/05/19 15:00:17.688259 [DEBUG] evaluate.fixpoint completed in 1.4239336s
2026/05/19 15:00:17.688259 [DEBUG] evaluate: fixpoint reached - strata=727, evalTime=1.3969491s, wallTime=1.4239336s
2026/05/19 15:00:17.688259 [DEBUG] evaluate completed in 1.4264595s
2026/05/19 15:00:17.688259 [DEBUG] evaluate: complete, kernel initialized
2026/05/19 15:00:17.688259 [DEBUG] Assert: fact added successfully, total facts=15948
2026/05/19 15:00:17.688259 [DEBUG] Assert: system_heartbeat("perception_firewall", 1779217217).
2026/05/19 15:00:17.688259 [DEBUG] Query completed in 1.4264595s
2026/05/19 15:00:17.688259 [DEBUG] Query: predicate=pending_intent returned 0 results
2026/05/19 15:00:17.688259 [DEBUG] Retract: removing all facts with predicate=ooda_timeout
2026/05/19 15:00:17.688259 [DEBUG] Query completed in 1.4264595s
2026/05/19 15:00:17.688259 [DEBUG] Query: predicate=user_requests_appeal returned 0 results
2026/05/19 15:00:17.688259 [DEBUG] Assert: system_heartbeat("constitution_gate", 1779217217).
2026/05/19 15:00:17.688259 [DEBUG] Query completed in 806.7828ms
2026/05/19 15:00:17.688259 [DEBUG] Query: predicate=delegate_task returned 0 results
2026/05/19 15:00:17.688259 [DEBUG] evaluate: using cached programInfo
2026/05/19 15:00:17.688259 [DEBUG] evaluate: populating store with 15949 EDB facts
2026/05/19 15:00:17.695811 [DEBUG] evaluate: running fixpoint evaluation (derivedFactLimit=500000)
2026/05/19 15:00:17.695811 [DEBUG] evaluate: registered 10/10 external predicates (filtered by Decl)
2026/05/19 15:00:18.881857 [DEBUG] Query: predicate=delegate_task
2026/05/19 15:00:19.099848 [DEBUG] evaluate.fixpoint completed in 1.4040375s
2026/05/19 15:00:19.100358 [DEBUG] evaluate: fixpoint reached - strata=727, evalTime=1.3754879s, wallTime=1.4040375s
2026/05/19 15:00:19.100358 [DEBUG] evaluate completed in 1.4120984s
2026/05/19 15:00:19.100358 [DEBUG] evaluate: complete, kernel initialized
2026/05/19 15:00:19.100358 [DEBUG] Assert: fact added successfully, total facts=15949
2026/05/19 15:00:19.100358 [DEBUG] Query completed in 218.5013ms
2026/05/19 15:00:19.100358 [DEBUG] Assert: system_heartbeat("perception_firewall", 1779217219).
2026/05/19 15:00:19.100358 [DEBUG] Query: predicate=delegate_task returned 0 results
2026/05/19 15:00:19.100358 [DEBUG] evaluate: using cached programInfo
2026/05/19 15:00:19.100358 [DEBUG] evaluate: populating store with 15950 EDB facts
2026/05/19 15:00:19.102896 [DEBUG] evaluate: running fixpoint evaluation (derivedFactLimit=500000)
2026/05/19 15:00:19.102896 [DEBUG] evaluate: registered 10/10 external predicates (filtered by Decl)
2026/05/19 15:00:20.551991 [DEBUG] evaluate.fixpoint completed in 1.4490954s
2026/05/19 15:00:20.551991 [DEBUG] evaluate: fixpoint reached - strata=727, evalTime=1.4191729s, wallTime=1.4490954s
2026/05/19 15:00:20.551991 [DEBUG] evaluate completed in 1.4516336s
2026/05/19 15:00:20.551991 [DEBUG] evaluate: complete, kernel initialized
2026/05/19 15:00:20.551991 [DEBUG] Assert: fact added successfully, total facts=15950
2026/05/19 15:00:20.551991 [DEBUG] Assert: registered_tool("a_tool_that_analyzes_go_code_a", "C:\\CodeProjects\\codeNERD\\.nerd\\tools\\.compiled\\a_tool_that_analyzes_go_code_a.exe", /all).
2026/05/19 15:00:20.553138 [DEBUG] Retract: no facts found for predicate=ooda_timeout (EDB unchanged at 15950 facts)
2026/05/19 15:00:20.553138 [DEBUG] evaluate: using cached programInfo
2026/05/19 15:00:20.553138 [DEBUG] evaluate: populating store with 15951 EDB facts
2026/05/19 15:00:20.553138 [DEBUG] Assert: system_heartbeat("executive_policy", 1779217220).
2026/05/19 15:00:20.556194 [DEBUG] evaluate: running fixpoint evaluation (derivedFactLimit=500000)
2026/05/19 15:00:20.556194 [DEBUG] evaluate: registered 10/10 external predicates (filtered by Decl)
2026/05/19 15:00:20.881586 [DEBUG] Query: predicate=delegate_task
2026/05/19 15:00:21.953137 [DEBUG] evaluate.fixpoint completed in 1.3969432s
2026/05/19 15:00:21.953137 [DEBUG] evaluate: fixpoint reached - strata=727, evalTime=1.3675313s, wallTime=1.3969432s
2026/05/19 15:00:21.953137 [DEBUG] evaluate completed in 1.399999s
2026/05/19 15:00:21.953137 [DEBUG] evaluate: complete, kernel initialized
2026/05/19 15:00:21.953137 [DEBUG] Assert: fact added successfully, total facts=15951
2026/05/19 15:00:21.953137 [DEBUG] Query completed in 1.0715506s
2026/05/19 15:00:21.953137 [DEBUG] Query: predicate=pending_action
2026/05/19 15:00:21.953137 [DEBUG] Query: predicate=delegate_task returned 0 results
2026/05/19 15:00:21.953137 [DEBUG] evaluate: using cached programInfo
2026/05/19 15:00:21.953137 [DEBUG] evaluate: populating store with 15952 EDB facts
2026/05/19 15:00:21.956656 [DEBUG] evaluate: running fixpoint evaluation (derivedFactLimit=500000)
2026/05/19 15:00:21.956656 [DEBUG] evaluate: registered 10/10 external predicates (filtered by Decl)
2026/05/19 15:00:22.881653 [DEBUG] Query: predicate=delegate_task
2026/05/19 15:00:23.395324 [DEBUG] evaluate.fixpoint completed in 1.4386678s
2026/05/19 15:00:23.395324 [DEBUG] evaluate: fixpoint reached - strata=727, evalTime=1.4088519s, wallTime=1.4386678s
2026/05/19 15:00:23.395324 [DEBUG] evaluate completed in 1.4421871s
2026/05/19 15:00:23.395324 [DEBUG] evaluate: complete, kernel initialized
2026/05/19 15:00:23.395324 [DEBUG] Assert: fact added successfully, total facts=15952
2026/05/19 15:00:23.395843 [DEBUG] Query completed in 1.4427061s
2026/05/19 15:00:23.395843 [DEBUG] Assert: system_heartbeat("perception_firewall", 1779217223).
2026/05/19 15:00:23.395843 [DEBUG] Query: predicate=pending_action returned 0 results
2026/05/19 15:00:23.395843 [DEBUG] Query completed in 514.1904ms
2026/05/19 15:00:23.395843 [DEBUG] Query: predicate=user_requests_appeal
2026/05/19 15:00:23.395843 [DEBUG] Query: predicate=delegate_task returned 0 results
2026/05/19 15:00:23.395843 [DEBUG] Assert: duplicate fact skipped: registered_tool("a_tool_that_analyzes_go_code_a", "C:\\CodeProjects\\codeNERD\\.nerd\\tools\\.compiled\\a_tool_that_analyzes_go_code_a.exe", /all).
2026/05/19 15:00:23.395843 [DEBUG] Query completed in 0s
2026/05/19 15:00:23.395843 [DEBUG] Assert: tool_registered("a_tool_that_analyzes_go_code_a", "2026-05-19T15:00:20-04:00").
2026/05/19 15:00:23.395843 [DEBUG] Query: predicate=user_requests_appeal returned 0 results
2026/05/19 15:00:23.395843 [DEBUG] Assert: system_heartbeat("constitution_gate", 1779217223).
2026/05/19 15:00:23.395843 [DEBUG] evaluate: using cached programInfo
2026/05/19 15:00:23.395843 [DEBUG] evaluate: populating store with 15953 EDB facts
2026/05/19 15:00:23.399529 [DEBUG] evaluate: running fixpoint evaluation (derivedFactLimit=500000)
2026/05/19 15:00:23.399529 [DEBUG] evaluate: registered 10/10 external predicates (filtered by Decl)
2026/05/19 15:00:24.766499 [DEBUG] evaluate.fixpoint completed in 1.3669699s
2026/05/19 15:00:24.766499 [DEBUG] evaluate: fixpoint reached - strata=727, evalTime=1.3298982s, wallTime=1.3669699s
2026/05/19 15:00:24.767029 [DEBUG] evaluate completed in 1.371186s
2026/05/19 15:00:24.767029 [DEBUG] evaluate: complete, kernel initialized
2026/05/19 15:00:24.767029 [DEBUG] Assert: fact added successfully, total facts=15953
2026/05/19 15:00:24.767029 [DEBUG] evaluate: using cached programInfo
2026/05/19 15:00:24.767029 [DEBUG] evaluate: populating store with 15954 EDB facts
2026/05/19 15:00:24.767029 [DEBUG] Query: predicate=active_strategy
2026/05/19 15:00:24.772111 [DEBUG] evaluate: running fixpoint evaluation (derivedFactLimit=500000)
2026/05/19 15:00:24.772111 [DEBUG] evaluate: registered 10/10 external predicates (filtered by Decl)
2026/05/19 15:00:24.881587 [DEBUG] Query: predicate=delegate_task
2026/05/19 15:00:26.112112 [DEBUG] evaluate.fixpoint completed in 1.3400011s
2026/05/19 15:00:26.112624 [DEBUG] evaluate: fixpoint reached - strata=727, evalTime=1.3156441s, wallTime=1.3400011s
2026/05/19 15:00:26.112624 [DEBUG] evaluate completed in 1.3455947s
2026/05/19 15:00:26.112624 [DEBUG] evaluate: complete, kernel initialized
2026/05/19 15:00:26.112624 [DEBUG] Assert: fact added successfully, total facts=15954
2026/05/19 15:00:26.112624 [DEBUG] Assert: system_heartbeat("perception_firewall", 1779217226).
2026/05/19 15:00:26.112624 [DEBUG] Query completed in 1.2310368s
2026/05/19 15:00:26.112624 [DEBUG] Query completed in 1.3455947s
2026/05/19 15:00:26.112624 [DEBUG] Query: predicate=delegate_task returned 0 results
2026/05/19 15:00:26.112624 [DEBUG] Query: predicate=active_strategy returned 0 results
2026/05/19 15:00:26.112624 [DEBUG] Query: predicate=block_commit
2026/05/19 15:00:26.112624 [DEBUG] evaluate: using cached programInfo
2026/05/19 15:00:26.112624 [DEBUG] evaluate: populating store with 15955 EDB facts
2026/05/19 15:00:26.115179 [DEBUG] evaluate: running fixpoint evaluation (derivedFactLimit=500000)
2026/05/19 15:00:26.115179 [DEBUG] evaluate: registered 10/10 external predicates (filtered by Decl)
2026/05/19 15:00:26.881731 [DEBUG] Query: predicate=delegate_task
2026/05/19 15:00:27.496601 [DEBUG] evaluate.fixpoint completed in 1.3814212s
2026/05/19 15:00:27.496601 [DEBUG] evaluate: fixpoint reached - strata=727, evalTime=1.3538776s, wallTime=1.3814212s
2026/05/19 15:00:27.496601 [DEBUG] evaluate completed in 1.3839769s
2026/05/19 15:00:27.496601 [DEBUG] evaluate: complete, kernel initialized
2026/05/19 15:00:27.496601 [DEBUG] Assert: fact added successfully, total facts=15955
2026/05/19 15:00:27.497114 [DEBUG] Query completed in 1.3844908s
2026/05/19 15:00:27.497114 [DEBUG] Query: predicate=block_commit returned 0 results
2026/05/19 15:00:27.497114 [DEBUG] Query: predicate=block_action
2026/05/19 15:00:27.497114 [DEBUG] Assert: registered_tool("create_a_tool_that_validates_j", "C:\\CodeProjects\\codeNERD\\.nerd\\tools\\.compiled\\create_a_tool_that_validates_j.exe", /all).
2026/05/19 15:00:27.497114 [DEBUG] Query completed in 615.3834ms
2026/05/19 15:00:27.497114 [DEBUG] Query: predicate=delegate_task returned 0 results
2026/05/19 15:00:27.497114 [DEBUG] evaluate: using cached programInfo
2026/05/19 15:00:27.497114 [DEBUG] evaluate: populating store with 15956 EDB facts
2026/05/19 15:00:27.500738 [DEBUG] evaluate: running fixpoint evaluation (derivedFactLimit=500000)
2026/05/19 15:00:27.500738 [DEBUG] evaluate: registered 10/10 external predicates (filtered by Decl)
2026/05/19 15:00:28.843015 [DEBUG] evaluate.fixpoint completed in 1.3422774s
2026/05/19 15:00:28.843015 [DEBUG] evaluate: fixpoint reached - strata=727, evalTime=1.3098904s, wallTime=1.3422774s
2026/05/19 15:00:28.843015 [DEBUG] evaluate completed in 1.345901s
2026/05/19 15:00:28.843015 [DEBUG] evaluate: complete, kernel initialized
2026/05/19 15:00:28.843015 [DEBUG] Assert: fact added successfully, total facts=15956
2026/05/19 15:00:28.843015 [DEBUG] Query: predicate=pending_action
2026/05/19 15:00:28.843015 [DEBUG] Query completed in 1.345901s
2026/05/19 15:00:28.843015 [DEBUG] Query: predicate=block_action returned 0 results
2026/05/19 15:00:28.843015 [DEBUG] Query: predicate=executive_blocked
2026/05/19 15:00:28.843015 [DEBUG] evaluate: using cached programInfo
2026/05/19 15:00:28.843015 [DEBUG] evaluate: populating store with 15957 EDB facts
2026/05/19 15:00:28.846697 [DEBUG] evaluate: running fixpoint evaluation (derivedFactLimit=500000)
2026/05/19 15:00:28.846697 [DEBUG] evaluate: registered 10/10 external predicates (filtered by Decl)
2026/05/19 15:00:28.881768 [DEBUG] Query: predicate=delegate_task
2026/05/19 15:00:30.231210 [DEBUG] evaluate.fixpoint completed in 1.3845133s
2026/05/19 15:00:30.232218 [DEBUG] evaluate: fixpoint reached - strata=727, evalTime=1.3589627s, wallTime=1.3845133s
2026/05/19 15:00:30.232218 [DEBUG] evaluate completed in 1.3892022s
2026/05/19 15:00:30.232218 [DEBUG] evaluate: complete, kernel initialized
2026/05/19 15:00:30.232218 [DEBUG] Assert: fact added successfully, total facts=15957
2026/05/19 15:00:30.232218 [DEBUG] Query completed in 1.3892022s
2026/05/19 15:00:30.232218 [DEBUG] Query: predicate=pending_action returned 0 results
2026/05/19 15:00:30.232218 [DEBUG] Query completed in 1.3504492s
2026/05/19 15:00:30.232218 [DEBUG] Query: predicate=user_requests_appeal
2026/05/19 15:00:30.232218 [DEBUG] Assert: system_heartbeat("perception_firewall", 1779217230).
2026/05/19 15:00:30.232218 [DEBUG] Query completed in 1.3892022s
2026/05/19 15:00:30.232218 [DEBUG] Query: predicate=delegate_task returned 0 results
2026/05/19 15:00:30.232218 [DEBUG] Query: predicate=executive_blocked returned 0 results
2026/05/19 15:00:30.232218 [DEBUG] Query: predicate=test_state_blocking
2026/05/19 15:00:30.232218 [DEBUG] Assert: duplicate fact skipped: registered_tool("create_a_tool_that_validates_j", "C:\\CodeProjects\\codeNERD\\.nerd\\tools\\.compiled\\create_a_tool_that_validates_j.exe", /all).
2026/05/19 15:00:30.232218 [DEBUG] Assert: tool_registered("create_a_tool_that_validates_j", "2026-05-19T15:00:27-04:00").
2026/05/19 15:00:30.232218 [DEBUG] Query completed in 0s
2026/05/19 15:00:30.232723 [DEBUG] Query completed in 0s
2026/05/19 15:00:30.232723 [DEBUG] Query: predicate=user_requests_appeal returned 0 results
2026/05/19 15:00:30.232723 [DEBUG] Assert: system_heartbeat("constitution_gate", 1779217230).
2026/05/19 15:00:30.232723 [DEBUG] Query: predicate=test_state_blocking returned 0 results
2026/05/19 15:00:30.232723 [DEBUG] Query: predicate=next_action
2026/05/19 15:00:30.232723 [DEBUG] evaluate: using cached programInfo
2026/05/19 15:00:30.232723 [DEBUG] evaluate: populating store with 15958 EDB facts
2026/05/19 15:00:30.235311 [DEBUG] evaluate: running fixpoint evaluation (derivedFactLimit=500000)
2026/05/19 15:00:30.235311 [DEBUG] evaluate: registered 10/10 external predicates (filtered by Decl)
2026/05/19 15:00:30.881555 [DEBUG] Query: predicate=delegate_task
2026/05/19 15:00:31.640300 [DEBUG] evaluate.fixpoint completed in 1.4049898s
2026/05/19 15:00:31.640300 [DEBUG] evaluate: fixpoint reached - strata=727, evalTime=1.3731872s, wallTime=1.4049898s
2026/05/19 15:00:31.640300 [DEBUG] evaluate completed in 1.4075774s
2026/05/19 15:00:31.640300 [DEBUG] evaluate: complete, kernel initialized
2026/05/19 15:00:31.640300 [DEBUG] Assert: fact added successfully, total facts=15958
2026/05/19 15:00:31.640300 [DEBUG] Assert: registered_tool("diagnostic", "C:\\CodeProjects\\codeNERD\\.nerd\\tools\\.compiled\\diagnostic.exe", /all).
2026/05/19 15:00:31.640300 [DEBUG] Query completed in 758.7456ms
2026/05/19 15:00:31.640300 [DEBUG] Query completed in 1.4075774s
2026/05/19 15:00:31.640300 [DEBUG] Query: predicate=delegate_task returned 0 results
2026/05/19 15:00:31.640300 [DEBUG] Query: predicate=next_action returned 0 results
2026/05/19 15:00:31.640300 [DEBUG] Query: predicate=tdd_next_action
2026/05/19 15:00:31.640300 [DEBUG] evaluate: using cached programInfo
2026/05/19 15:00:31.640300 [DEBUG] evaluate: populating store with 15959 EDB facts
2026/05/19 15:00:31.642315 [DEBUG] evaluate: running fixpoint evaluation (derivedFactLimit=500000)
2026/05/19 15:00:31.643891 [DEBUG] evaluate: registered 10/10 external predicates (filtered by Decl)
2026/05/19 15:00:32.881846 [DEBUG] Query: predicate=delegate_task
2026/05/19 15:00:33.023299 [DEBUG] evaluate.fixpoint completed in 1.3794083s
2026/05/19 15:00:33.023299 [DEBUG] evaluate: fixpoint reached - strata=727, evalTime=1.3522247s, wallTime=1.3794083s
2026/05/19 15:00:33.023299 [DEBUG] evaluate completed in 1.3829991s
2026/05/19 15:00:33.023299 [DEBUG] evaluate: complete, kernel initialized
2026/05/19 15:00:33.023299 [DEBUG] Assert: fact added successfully, total facts=15959
2026/05/19 15:00:33.023299 [DEBUG] Query completed in 1.3829991s
2026/05/19 15:00:33.023299 [DEBUG] Query: predicate=tdd_next_action returned 0 results
2026/05/19 15:00:33.023299 [DEBUG] Query: predicate=campaign_next_action
2026/05/19 15:00:33.023299 [DEBUG] Query completed in 0s
2026/05/19 15:00:33.023299 [DEBUG] Query: predicate=campaign_next_action returned 0 results
2026/05/19 15:00:33.023299 [DEBUG] Query: predicate=repair_next_action
2026/05/19 15:00:33.023299 [DEBUG] evaluate: using cached programInfo
2026/05/19 15:00:33.023299 [DEBUG] evaluate: populating store with 15960 EDB facts
2026/05/19 15:00:33.024855 [DEBUG] Assert: tool_registered("diagnostic", "2026-05-19T15:00:31-04:00").
2026/05/19 15:00:33.031906 [DEBUG] evaluate: running fixpoint evaluation (derivedFactLimit=500000)
2026/05/19 15:00:33.031906 [DEBUG] evaluate: registered 10/10 external predicates (filtered by Decl)
2026/05/19 15:00:34.531040 [DEBUG] evaluate.fixpoint completed in 1.4991341s
2026/05/19 15:00:34.531040 [DEBUG] evaluate: fixpoint reached - strata=727, evalTime=1.4695349s, wallTime=1.4991341s
2026/05/19 15:00:34.531040 [DEBUG] evaluate completed in 1.5077409s
2026/05/19 15:00:34.531040 [DEBUG] evaluate: complete, kernel initialized
2026/05/19 15:00:34.531040 [DEBUG] Assert: fact added successfully, total facts=15960
2026/05/19 15:00:34.531040 [DEBUG] Query completed in 1.5077409s
2026/05/19 15:00:34.531040 [DEBUG] Query: predicate=repair_next_action returned 0 results
2026/05/19 15:00:34.531040 [DEBUG] Query completed in 1.6491942s
2026/05/19 15:00:34.531040 [DEBUG] Assert: system_heartbeat("perception_firewall", 1779217234).
2026/05/19 15:00:34.531040 [DEBUG] Query: predicate=delegate_task
2026/05/19 15:00:34.531040 [DEBUG] Query: predicate=delegate_task returned 0 results
2026/05/19 15:00:34.531040 [DEBUG] evaluate: using cached programInfo
2026/05/19 15:00:34.531040 [DEBUG] evaluate: populating store with 15961 EDB facts
2026/05/19 15:00:34.534855 [DEBUG] evaluate: running fixpoint evaluation (derivedFactLimit=500000)
2026/05/19 15:00:34.534855 [DEBUG] evaluate: registered 10/10 external predicates (filtered by Decl)
2026/05/19 15:00:34.881698 [DEBUG] Query: predicate=delegate_task
2026/05/19 15:00:35.942502 [DEBUG] evaluate.fixpoint completed in 1.4076473s
2026/05/19 15:00:35.942502 [DEBUG] evaluate: fixpoint reached - strata=727, evalTime=1.377597s, wallTime=1.4076473s
2026/05/19 15:00:35.942502 [DEBUG] evaluate completed in 1.411462s
2026/05/19 15:00:35.942502 [DEBUG] evaluate: complete, kernel initialized
2026/05/19 15:00:35.942502 [DEBUG] Assert: fact added successfully, total facts=15961
2026/05/19 15:00:35.942502 [DEBUG] Query completed in 1.411462s
2026/05/19 15:00:35.942502 [DEBUG] Query: predicate=delegate_task returned 0 results
2026/05/19 15:00:35.942502 [DEBUG] Query: predicate=pending_action
2026/05/19 15:00:35.942502 [DEBUG] Query completed in 1.0608045s
2026/05/19 15:00:35.942502 [DEBUG] Query: predicate=user_intent
2026/05/19 15:00:35.942502 [DEBUG] Query: predicate=delegate_task returned 0 results
2026/05/19 15:00:35.942502 [DEBUG] evaluate: using cached programInfo
2026/05/19 15:00:35.942502 [DEBUG] evaluate: populating store with 15962 EDB facts
2026/05/19 15:00:35.946535 [DEBUG] evaluate: running fixpoint evaluation (derivedFactLimit=500000)
2026/05/19 15:00:35.946535 [DEBUG] evaluate: registered 10/10 external predicates (filtered by Decl)
2026/05/19 15:00:36.881464 [DEBUG] Query: predicate=delegate_task
2026/05/19 15:00:37.394015 [DEBUG] evaluate.fixpoint completed in 1.4474798s
2026/05/19 15:00:37.394015 [DEBUG] evaluate: fixpoint reached - strata=727, evalTime=1.414644s, wallTime=1.4474798s
2026/05/19 15:00:37.394015 [DEBUG] evaluate completed in 1.4515125s
2026/05/19 15:00:37.394015 [DEBUG] evaluate: complete, kernel initialized
2026/05/19 15:00:37.394015 [DEBUG] Assert: fact added successfully, total facts=15962
2026/05/19 15:00:37.394015 [DEBUG] Query completed in 1.4515125s
2026/05/19 15:00:37.394015 [DEBUG] Query completed in 512.5513ms
2026/05/19 15:00:37.394015 [DEBUG] Query: predicate=pending_action returned 0 results
2026/05/19 15:00:37.394015 [DEBUG] Query completed in 1.4515125s
2026/05/19 15:00:37.394015 [DEBUG] Query: predicate=delegate_task returned 0 results
2026/05/19 15:00:37.394015 [DEBUG] Assert: registered_tool("echo_tool_that_returns_its_inp", "C:\\CodeProjects\\codeNERD\\.nerd\\tools\\.compiled\\echo_tool_that_returns_its_inp.exe", /all).
2026/05/19 15:00:37.394015 [DEBUG] Query: predicate=user_intent returned 0 results
2026/05/19 15:00:37.394015 [DEBUG] Query: predicate=user_requests_appeal
2026/05/19 15:00:37.394015 [DEBUG] Query: predicate=user_intent
2026/05/19 15:00:37.394015 [DEBUG] evaluate: using cached programInfo
2026/05/19 15:00:37.394015 [DEBUG] evaluate: populating store with 15963 EDB facts
2026/05/19 15:00:37.398096 [DEBUG] evaluate: running fixpoint evaluation (derivedFactLimit=500000)
2026/05/19 15:00:37.399096 [DEBUG] evaluate: registered 10/10 external predicates (filtered by Decl)
2026/05/19 15:00:38.817969 [DEBUG] evaluate.fixpoint completed in 1.4188727s
2026/05/19 15:00:38.817969 [DEBUG] evaluate: fixpoint reached - strata=727, evalTime=1.3937922s, wallTime=1.4188727s
2026/05/19 15:00:38.817969 [DEBUG] evaluate completed in 1.4239542s
2026/05/19 15:00:38.817969 [DEBUG] evaluate: complete, kernel initialized
2026/05/19 15:00:38.817969 [DEBUG] Assert: fact added successfully, total facts=15963
2026/05/19 15:00:38.817969 [DEBUG] Assert: system_heartbeat("perception_firewall", 1779217238).
2026/05/19 15:00:38.817969 [DEBUG] Query completed in 1.4239542s
2026/05/19 15:00:38.817969 [DEBUG] Query completed in 1.4239542s
2026/05/19 15:00:38.817969 [DEBUG] Query: predicate=user_intent returned 0 results
2026/05/19 15:00:38.817969 [DEBUG] Query: predicate=pending_intent
2026/05/19 15:00:38.817969 [DEBUG] Query: predicate=user_requests_appeal returned 0 results
2026/05/19 15:00:38.817969 [DEBUG] Assert: system_heartbeat("constitution_gate", 1779217238).
2026/05/19 15:00:38.817969 [DEBUG] evaluate: using cached programInfo
2026/05/19 15:00:38.817969 [DEBUG] evaluate: populating store with 15964 EDB facts
2026/05/19 15:00:38.821049 [DEBUG] evaluate: running fixpoint evaluation (derivedFactLimit=500000)
2026/05/19 15:00:38.821049 [DEBUG] evaluate: registered 10/10 external predicates (filtered by Decl)
2026/05/19 15:00:38.881814 [DEBUG] Query: predicate=delegate_task
2026/05/19 15:00:40.165527 [DEBUG] evaluate.fixpoint completed in 1.3444774s
2026/05/19 15:00:40.165527 [DEBUG] evaluate: fixpoint reached - strata=727, evalTime=1.3097204s, wallTime=1.3444774s
2026/05/19 15:00:40.165527 [DEBUG] evaluate completed in 1.3475577s
2026/05/19 15:00:40.165527 [DEBUG] evaluate: complete, kernel initialized
2026/05/19 15:00:40.165527 [DEBUG] Assert: fact added successfully, total facts=15964
2026/05/19 15:00:40.165527 [DEBUG] Query completed in 1.3475577s
2026/05/19 15:00:40.165527 [DEBUG] Query: predicate=pending_intent returned 0 results
2026/05/19 15:00:40.165527 [DEBUG] Query completed in 1.2837125s
2026/05/19 15:00:40.165527 [DEBUG] Assert: system_heartbeat("perception_firewall", 1779217240).
2026/05/19 15:00:40.165527 [DEBUG] Retract: removing all facts with predicate=ooda_timeout
2026/05/19 15:00:40.165527 [DEBUG] Query: predicate=delegate_task returned 0 results
2026/05/19 15:00:40.166052 [DEBUG] Assert: duplicate fact skipped: registered_tool("echo_tool_that_returns_its_inp", "C:\\CodeProjects\\codeNERD\\.nerd\\tools\\.compiled\\echo_tool_that_returns_its_inp.exe", /all).
2026/05/19 15:00:40.166052 [DEBUG] evaluate: using cached programInfo
2026/05/19 15:00:40.166052 [DEBUG] evaluate: populating store with 15965 EDB facts
2026/05/19 15:00:40.166052 [DEBUG] Assert: tool_registered("echo_tool_that_returns_its_inp", "2026-05-19T15:00:37-04:00").
2026/05/19 15:00:40.169214 [DEBUG] evaluate: running fixpoint evaluation (derivedFactLimit=500000)
2026/05/19 15:00:40.169737 [DEBUG] evaluate: registered 10/10 external predicates (filtered by Decl)
2026/05/19 15:00:40.881506 [DEBUG] Query: predicate=delegate_task
2026/05/19 15:00:41.548069 [DEBUG] evaluate.fixpoint completed in 1.3783315s
2026/05/19 15:00:41.548069 [DEBUG] evaluate: fixpoint reached - strata=727, evalTime=1.3517143s, wallTime=1.3783315s
2026/05/19 15:00:41.548069 [DEBUG] evaluate completed in 1.3820165s
2026/05/19 15:00:41.548069 [DEBUG] evaluate: complete, kernel initialized
2026/05/19 15:00:41.548069 [DEBUG] Assert: fact added successfully, total facts=15965
2026/05/19 15:00:41.548069 [DEBUG] Query: predicate=pending_action
2026/05/19 15:00:41.548069 [DEBUG] Query completed in 666.5625ms
2026/05/19 15:00:41.548069 [DEBUG] Query: predicate=delegate_task returned 0 results
2026/05/19 15:00:41.548069 [DEBUG] evaluate: using cached programInfo
2026/05/19 15:00:41.548069 [DEBUG] evaluate: populating store with 15966 EDB facts
2026/05/19 15:00:41.550573 [DEBUG] evaluate: running fixpoint evaluation (derivedFactLimit=500000)
2026/05/19 15:00:41.550573 [DEBUG] evaluate: registered 10/10 external predicates (filtered by Decl)
2026/05/19 15:00:42.881435 [DEBUG] Query: predicate=delegate_task
2026/05/19 15:00:42.924753 [DEBUG] evaluate.fixpoint completed in 1.3741797s
2026/05/19 15:00:42.924753 [DEBUG] evaluate: fixpoint reached - strata=727, evalTime=1.3477898s, wallTime=1.3741797s
2026/05/19 15:00:42.924753 [DEBUG] evaluate completed in 1.3766842s
2026/05/19 15:00:42.924753 [DEBUG] evaluate: complete, kernel initialized
2026/05/19 15:00:42.924753 [DEBUG] Assert: fact added successfully, total facts=15966
2026/05/19 15:00:42.924753 [DEBUG] Query completed in 1.3766842s
2026/05/19 15:00:42.924753 [DEBUG] Query: predicate=pending_action returned 0 results
2026/05/19 15:00:42.924753 [DEBUG] Assert: system_heartbeat("perception_firewall", 1779217242).
2026/05/19 15:00:42.924753 [DEBUG] Query completed in 43.318ms
2026/05/19 15:00:42.924753 [DEBUG] Query: predicate=user_requests_appeal
2026/05/19 15:00:42.924753 [DEBUG] Query: predicate=delegate_task returned 0 results
2026/05/19 15:00:42.924753 [DEBUG] Retract: no facts found for predicate=ooda_timeout (EDB unchanged at 15966 facts)
2026/05/19 15:00:42.924753 [DEBUG] Query completed in 0s
2026/05/19 15:00:42.924753 [DEBUG] Query: predicate=user_requests_appeal returned 0 results
2026/05/19 15:00:42.924753 [DEBUG] Assert: system_heartbeat("executive_policy", 1779217242).
2026/05/19 15:00:42.924753 [DEBUG] Assert: system_heartbeat("constitution_gate", 1779217242).
2026/05/19 15:00:42.924753 [DEBUG] evaluate: using cached programInfo
2026/05/19 15:00:42.924753 [DEBUG] evaluate: populating store with 15967 EDB facts
2026/05/19 15:00:42.929284 [DEBUG] evaluate: running fixpoint evaluation (derivedFactLimit=500000)
2026/05/19 15:00:42.929284 [DEBUG] evaluate: registered 10/10 external predicates (filtered by Decl)
2026/05/19 15:00:44.392085 [DEBUG] evaluate.fixpoint completed in 1.4628005s
2026/05/19 15:00:44.392085 [DEBUG] evaluate: fixpoint reached - strata=727, evalTime=1.4356575s, wallTime=1.4628005s
2026/05/19 15:00:44.392085 [DEBUG] evaluate completed in 1.4673316s
2026/05/19 15:00:44.392085 [DEBUG] evaluate: complete, kernel initialized
2026/05/19 15:00:44.392085 [DEBUG] Assert: fact added successfully, total facts=15967
2026/05/19 15:00:44.392085 [DEBUG] evaluate: using cached programInfo
2026/05/19 15:00:44.392085 [DEBUG] evaluate: populating store with 15968 EDB facts
2026/05/19 15:00:44.392085 [DEBUG] Assert: registered_tool("go_mod_checker", "C:\\CodeProjects\\codeNERD\\.nerd\\tools\\.compiled\\go_mod_checker.exe", /all).
2026/05/19 15:00:44.395675 [DEBUG] evaluate: running fixpoint evaluation (derivedFactLimit=500000)
2026/05/19 15:00:44.395675 [DEBUG] evaluate: registered 10/10 external predicates (filtered by Decl)
2026/05/19 15:00:44.881686 [DEBUG] Query: predicate=delegate_task
2026/05/19 15:00:45.772648 [DEBUG] evaluate.fixpoint completed in 1.3769738s
2026/05/19 15:00:45.772648 [DEBUG] evaluate: fixpoint reached - strata=727, evalTime=1.3522662s, wallTime=1.3769738s
2026/05/19 15:00:45.772648 [DEBUG] evaluate completed in 1.3805638s
2026/05/19 15:00:45.772648 [DEBUG] evaluate: complete, kernel initialized
2026/05/19 15:00:45.772648 [DEBUG] Assert: fact added successfully, total facts=15968
2026/05/19 15:00:45.772648 [DEBUG] Query completed in 890.962ms
2026/05/19 15:00:45.772648 [DEBUG] Assert: system_heartbeat("perception_firewall", 1779217245).
2026/05/19 15:00:45.772648 [DEBUG] Query: predicate=delegate_task returned 0 results
2026/05/19 15:00:45.772648 [DEBUG] evaluate: using cached programInfo
2026/05/19 15:00:45.772648 [DEBUG] evaluate: populating store with 15969 EDB facts
2026/05/19 15:00:45.775264 [DEBUG] evaluate: running fixpoint evaluation (derivedFactLimit=500000)
2026/05/19 15:00:45.775264 [DEBUG] evaluate: registered 10/10 external predicates (filtered by Decl)
2026/05/19 15:00:46.881489 [DEBUG] Query: predicate=delegate_task
2026/05/19 15:00:47.128406 [DEBUG] evaluate.fixpoint completed in 1.3531418s
2026/05/19 15:00:47.128406 [DEBUG] evaluate: fixpoint reached - strata=727, evalTime=1.3283226s, wallTime=1.3531418s
2026/05/19 15:00:47.128406 [DEBUG] evaluate completed in 1.3557572s
2026/05/19 15:00:47.128406 [DEBUG] evaluate: complete, kernel initialized
2026/05/19 15:00:47.128406 [DEBUG] Assert: fact added successfully, total facts=15969
2026/05/19 15:00:47.128406 [DEBUG] Query: predicate=pending_action
2026/05/19 15:00:47.128406 [DEBUG] Query completed in 246.9162ms
2026/05/19 15:00:47.128406 [DEBUG] Query: predicate=delegate_task returned 0 results
2026/05/19 15:00:47.128406 [DEBUG] evaluate: using cached programInfo
2026/05/19 15:00:47.128406 [DEBUG] evaluate: populating store with 15970 EDB facts
2026/05/19 15:00:47.131539 [DEBUG] evaluate: running fixpoint evaluation (derivedFactLimit=500000)
2026/05/19 15:00:47.131539 [DEBUG] evaluate: registered 10/10 external predicates (filtered by Decl)
2026/05/19 15:00:48.533483 [DEBUG] evaluate.fixpoint completed in 1.4019446s
2026/05/19 15:00:48.533483 [DEBUG] evaluate: fixpoint reached - strata=727, evalTime=1.3759333s, wallTime=1.4019446s
2026/05/19 15:00:48.533483 [DEBUG] evaluate completed in 1.4050776s
2026/05/19 15:00:48.533483 [DEBUG] evaluate: complete, kernel initialized
2026/05/19 15:00:48.533483 [DEBUG] Assert: fact added successfully, total facts=15970
2026/05/19 15:00:48.533483 [DEBUG] Query completed in 1.4050776s
2026/05/19 15:00:48.533483 [DEBUG] Query: predicate=pending_action returned 0 results
2026/05/19 15:00:48.533483 [DEBUG] Query: predicate=active_strategy
2026/05/19 15:00:48.533483 [DEBUG] Query: predicate=user_requests_appeal
2026/05/19 15:00:48.533483 [DEBUG] evaluate: using cached programInfo
2026/05/19 15:00:48.533483 [DEBUG] evaluate: populating store with 15971 EDB facts
2026/05/19 15:00:48.536246 [DEBUG] evaluate: running fixpoint evaluation (derivedFactLimit=500000)
2026/05/19 15:00:48.536246 [DEBUG] evaluate: registered 10/10 external predicates (filtered by Decl)
2026/05/19 15:00:48.882428 [DEBUG] Query: predicate=delegate_task
2026/05/19 15:00:49.981551 [DEBUG] evaluate.fixpoint completed in 1.4453043s
2026/05/19 15:00:49.982549 [DEBUG] evaluate: fixpoint reached - strata=727, evalTime=1.4116334s, wallTime=1.4453043s
2026/05/19 15:00:49.982549 [DEBUG] evaluate completed in 1.4490656s
2026/05/19 15:00:49.982549 [DEBUG] evaluate: complete, kernel initialized
2026/05/19 15:00:49.982549 [DEBUG] Assert: fact added successfully, total facts=15971
2026/05/19 15:00:49.982549 [DEBUG] Query completed in 1.1001213s
2026/05/19 15:00:49.982549 [DEBUG] Assert: tool_registered("go_mod_checker", "2026-05-19T15:00:44-04:00").
2026/05/19 15:00:49.982549 [DEBUG] Query: predicate=delegate_task returned 0 results
2026/05/19 15:00:49.982549 [DEBUG] Query completed in 1.4490656s
2026/05/19 15:00:49.982549 [DEBUG] Query completed in 1.4490656s
2026/05/19 15:00:49.982549 [DEBUG] Query: predicate=user_requests_appeal returned 0 results
2026/05/19 15:00:49.982549 [DEBUG] Query: predicate=active_strategy returned 0 results
2026/05/19 15:00:49.982549 [DEBUG] Query: predicate=block_commit
2026/05/19 15:00:49.982549 [DEBUG] Assert: system_heartbeat("constitution_gate", 1779217249).
2026/05/19 15:00:49.982549 [DEBUG] evaluate: using cached programInfo
2026/05/19 15:00:49.982549 [DEBUG] evaluate: populating store with 15972 EDB facts
2026/05/19 15:00:49.985547 [DEBUG] evaluate: running fixpoint evaluation (derivedFactLimit=500000)
2026/05/19 15:00:49.985547 [DEBUG] evaluate: registered 10/10 external predicates (filtered by Decl)
2026/05/19 15:00:50.881673 [DEBUG] Query: predicate=delegate_task
2026/05/19 15:00:51.368886 [DEBUG] evaluate.fixpoint completed in 1.3833391s
2026/05/19 15:00:51.369419 [DEBUG] evaluate: fixpoint reached - strata=727, evalTime=1.352202s, wallTime=1.3833391s
2026/05/19 15:00:51.369419 [DEBUG] evaluate completed in 1.3868706s
2026/05/19 15:00:51.369419 [DEBUG] evaluate: complete, kernel initialized
2026/05/19 15:00:51.369419 [DEBUG] Assert: fact added successfully, total facts=15972
2026/05/19 15:00:51.369419 [DEBUG] Assert: system_heartbeat("perception_firewall", 1779217251).
2026/05/19 15:00:51.369419 [DEBUG] Query completed in 1.3868706s
2026/05/19 15:00:51.369419 [DEBUG] Query completed in 487.7469ms
2026/05/19 15:00:51.369419 [DEBUG] Query: predicate=block_commit returned 0 results
2026/05/19 15:00:51.369419 [DEBUG] Query: predicate=delegate_task returned 0 results
2026/05/19 15:00:51.369419 [DEBUG] Query: predicate=block_action
2026/05/19 15:00:51.369419 [DEBUG] evaluate: using cached programInfo
2026/05/19 15:00:51.369419 [DEBUG] evaluate: populating store with 15973 EDB facts
2026/05/19 15:00:51.372037 [DEBUG] evaluate: running fixpoint evaluation (derivedFactLimit=500000)
2026/05/19 15:00:51.372037 [DEBUG] evaluate: registered 10/10 external predicates (filtered by Decl)
2026/05/19 15:00:52.740520 [DEBUG] evaluate.fixpoint completed in 1.368483s
2026/05/19 15:00:52.740520 [DEBUG] evaluate: fixpoint reached - strata=727, evalTime=1.3336781s, wallTime=1.368483s
2026/05/19 15:00:52.740520 [DEBUG] evaluate completed in 1.3711007s
2026/05/19 15:00:52.740520 [DEBUG] evaluate: complete, kernel initialized
2026/05/19 15:00:52.740520 [DEBUG] Assert: fact added successfully, total facts=15973
2026/05/19 15:00:52.740520 [DEBUG] Query completed in 1.3711007s
2026/05/19 15:00:52.740520 [DEBUG] Query: predicate=block_action returned 0 results
2026/05/19 15:00:52.740520 [DEBUG] Assert: system_heartbeat("perception_firewall", 1779217252).
2026/05/19 15:00:52.740520 [DEBUG] Query: predicate=executive_blocked
2026/05/19 15:00:52.740520 [DEBUG] evaluate: using cached programInfo
2026/05/19 15:00:52.740520 [DEBUG] evaluate: populating store with 15974 EDB facts
2026/05/19 15:00:52.744034 [DEBUG] evaluate: running fixpoint evaluation (derivedFactLimit=500000)
2026/05/19 15:00:52.744034 [DEBUG] evaluate: registered 10/10 external predicates (filtered by Decl)
2026/05/19 15:00:52.881672 [DEBUG] Query: predicate=delegate_task
2026/05/19 15:00:54.108232 [DEBUG] evaluate.fixpoint completed in 1.3641986s
2026/05/19 15:00:54.108232 [DEBUG] evaluate: fixpoint reached - strata=727, evalTime=1.3367898s, wallTime=1.3641986s
2026/05/19 15:00:54.108232 [DEBUG] evaluate completed in 1.3677123s
2026/05/19 15:00:54.108232 [DEBUG] evaluate: complete, kernel initialized
2026/05/19 15:00:54.108232 [DEBUG] Assert: fact added successfully, total facts=15974
2026/05/19 15:00:54.108232 [DEBUG] Query completed in 1.3677123s
2026/05/19 15:00:54.108232 [DEBUG] Query completed in 1.2265608s
2026/05/19 15:00:54.108232 [DEBUG] Query: predicate=executive_blocked returned 0 results
2026/05/19 15:00:54.108232 [DEBUG] Assert: registered_tool("mangle-check", "C:\\CodeProjects\\codeNERD\\.nerd\\tools\\.compiled\\mangle-check.exe", /all).
2026/05/19 15:00:54.108232 [DEBUG] Query: predicate=test_state_blocking
2026/05/19 15:00:54.108232 [DEBUG] Query: predicate=delegate_task returned 0 results
2026/05/19 15:00:54.108232 [DEBUG] evaluate: using cached programInfo
2026/05/19 15:00:54.108232 [DEBUG] evaluate: populating store with 15975 EDB facts
2026/05/19 15:00:54.112284 [DEBUG] evaluate: running fixpoint evaluation (derivedFactLimit=500000)
2026/05/19 15:00:54.112284 [DEBUG] evaluate: registered 10/10 external predicates (filtered by Decl)
2026/05/19 15:00:54.881400 [DEBUG] Query: predicate=delegate_task
2026/05/19 15:00:55.531958 [DEBUG] evaluate.fixpoint completed in 1.4196739s
2026/05/19 15:00:55.531958 [DEBUG] evaluate: fixpoint reached - strata=727, evalTime=1.3904243s, wallTime=1.4196739s
2026/05/19 15:00:55.531958 [DEBUG] evaluate completed in 1.4237253s
2026/05/19 15:00:55.531958 [DEBUG] evaluate: complete, kernel initialized
2026/05/19 15:00:55.531958 [DEBUG] Assert: fact added successfully, total facts=15975
2026/05/19 15:00:55.531958 [DEBUG] Query completed in 1.4237253s
2026/05/19 15:00:55.531958 [DEBUG] Query completed in 650.5575ms
2026/05/19 15:00:55.531958 [DEBUG] Query: predicate=pending_action
2026/05/19 15:00:55.531958 [DEBUG] Query: predicate=delegate_task returned 0 results
2026/05/19 15:00:55.531958 [DEBUG] Query: predicate=test_state_blocking returned 0 results
2026/05/19 15:00:55.531958 [DEBUG] Query: predicate=next_action
2026/05/19 15:00:55.531958 [DEBUG] evaluate: using cached programInfo
2026/05/19 15:00:55.531958 [DEBUG] evaluate: populating store with 15976 EDB facts
2026/05/19 15:00:55.536483 [DEBUG] evaluate: running fixpoint evaluation (derivedFactLimit=500000)
2026/05/19 15:00:55.536483 [DEBUG] evaluate: registered 10/10 external predicates (filtered by Decl)
2026/05/19 15:00:56.881897 [DEBUG] Query: predicate=delegate_task
2026/05/19 15:00:56.905124 [DEBUG] evaluate.fixpoint completed in 1.3686417s
2026/05/19 15:00:56.905124 [DEBUG] evaluate: fixpoint reached - strata=727, evalTime=1.334661s, wallTime=1.3686417s
2026/05/19 15:00:56.905124 [DEBUG] evaluate completed in 1.3731665s
2026/05/19 15:00:56.905124 [DEBUG] evaluate: complete, kernel initialized
2026/05/19 15:00:56.905124 [DEBUG] Assert: fact added successfully, total facts=15976
2026/05/19 15:00:56.905124 [DEBUG] Query completed in 1.3731665s
2026/05/19 15:00:56.905124 [DEBUG] Assert: system_heartbeat("perception_firewall", 1779217256).
2026/05/19 15:00:56.905124 [DEBUG] Query completed in 1.3731665s
2026/05/19 15:00:56.905124 [DEBUG] Query: predicate=pending_action returned 0 results
2026/05/19 15:00:56.905124 [DEBUG] Query: predicate=next_action returned 0 results
2026/05/19 15:00:56.905124 [DEBUG] Query: predicate=tdd_next_action
2026/05/19 15:00:56.905124 [DEBUG] Query completed in 23.2275ms
2026/05/19 15:00:56.905124 [DEBUG] Query: predicate=user_requests_appeal
2026/05/19 15:00:56.905124 [DEBUG] Query: predicate=delegate_task returned 0 results
2026/05/19 15:00:56.905124 [DEBUG] evaluate: using cached programInfo
2026/05/19 15:00:56.905124 [DEBUG] evaluate: populating store with 15977 EDB facts
2026/05/19 15:00:56.910148 [DEBUG] evaluate: running fixpoint evaluation (derivedFactLimit=500000)
2026/05/19 15:00:56.910148 [DEBUG] evaluate: registered 10/10 external predicates (filtered by Decl)
2026/05/19 15:00:58.291238 [DEBUG] evaluate.fixpoint completed in 1.3810899s
2026/05/19 15:00:58.291238 [DEBUG] evaluate: fixpoint reached - strata=727, evalTime=1.3535371s, wallTime=1.3810899s
2026/05/19 15:00:58.291238 [DEBUG] evaluate completed in 1.3861139s
2026/05/19 15:00:58.291238 [DEBUG] evaluate: complete, kernel initialized
2026/05/19 15:00:58.291238 [DEBUG] Assert: fact added successfully, total facts=15977
2026/05/19 15:00:58.291238 [DEBUG] Assert: tool_registered("mangle-check", "2026-05-19T15:00:54-04:00").
2026/05/19 15:00:58.291238 [DEBUG] Query completed in 1.3861139s
2026/05/19 15:00:58.291238 [DEBUG] Query completed in 1.3861139s
2026/05/19 15:00:58.291238 [DEBUG] Query: predicate=tdd_next_action returned 0 results
2026/05/19 15:00:58.291238 [DEBUG] Query: predicate=user_requests_appeal returned 0 results
2026/05/19 15:00:58.291238 [DEBUG] Query: predicate=campaign_next_action
2026/05/19 15:00:58.291238 [DEBUG] Assert: system_heartbeat("constitution_gate", 1779217258).
2026/05/19 15:00:58.291783 [DEBUG] evaluate: using cached programInfo
2026/05/19 15:00:58.291783 [DEBUG] evaluate: populating store with 15978 EDB facts
2026/05/19 15:00:58.295012 [DEBUG] evaluate: running fixpoint evaluation (derivedFactLimit=500000)
2026/05/19 15:00:58.295012 [DEBUG] evaluate: registered 10/10 external predicates (filtered by Decl)
2026/05/19 15:00:58.881825 [DEBUG] Query: predicate=delegate_task
2026/05/19 15:00:59.675636 [DEBUG] evaluate.fixpoint completed in 1.3806233s
2026/05/19 15:00:59.675636 [DEBUG] evaluate: fixpoint reached - strata=727, evalTime=1.341451s, wallTime=1.3806233s
2026/05/19 15:00:59.675636 [DEBUG] evaluate completed in 1.3838526s
2026/05/19 15:00:59.675636 [DEBUG] evaluate: complete, kernel initialized
2026/05/19 15:00:59.675636 [DEBUG] Assert: fact added successfully, total facts=15978
2026/05/19 15:00:59.675636 [DEBUG] Query completed in 1.3843975s
2026/05/19 15:00:59.675636 [DEBUG] Query: predicate=campaign_next_action returned 0 results
2026/05/19 15:00:59.675636 [DEBUG] Query: predicate=repair_next_action
2026/05/19 15:00:59.676192 [DEBUG] Query completed in 556.1µs
2026/05/19 15:00:59.676192 [DEBUG] Query: predicate=repair_next_action returned 0 results
2026/05/19 15:00:59.676192 [DEBUG] Query: predicate=delegate_task
2026/05/19 15:00:59.676192 [DEBUG] Assert: registered_tool("string_reverser", "C:\\CodeProjects\\codeNERD\\.nerd\\tools\\.compiled\\string_reverser.exe", /all).
2026/05/19 15:00:59.676192 [DEBUG] evaluate: using cached programInfo
2026/05/19 15:00:59.676192 [DEBUG] evaluate: populating store with 15979 EDB facts
2026/05/19 15:00:59.682987 [DEBUG] evaluate: running fixpoint evaluation (derivedFactLimit=500000)
2026/05/19 15:00:59.682987 [DEBUG] evaluate: registered 10/10 external predicates (filtered by Decl)
2026/05/19 15:01:01.029113 [DEBUG] evaluate.fixpoint completed in 1.3461264s
2026/05/19 15:01:01.029113 [DEBUG] evaluate: fixpoint reached - strata=727, evalTime=1.3137131s, wallTime=1.3461264s
2026/05/19 15:01:01.029113 [DEBUG] evaluate completed in 1.3529217s
2026/05/19 15:01:01.029113 [DEBUG] evaluate: complete, kernel initialized
2026/05/19 15:01:01.029113 [DEBUG] Assert: fact added successfully, total facts=15979
2026/05/19 15:01:01.029113 [DEBUG] Query completed in 2.1472881s
2026/05/19 15:01:01.029113 [DEBUG] Query completed in 1.3529217s
2026/05/19 15:01:01.029617 [DEBUG] Assert: system_heartbeat("perception_firewall", 1779217261).
2026/05/19 15:01:01.029617 [DEBUG] Query: predicate=delegate_task returned 0 results
2026/05/19 15:01:01.029617 [DEBUG] Query: predicate=delegate_task returned 0 results
2026/05/19 15:01:01.029617 [DEBUG] Query: predicate=delegate_task
2026/05/19 15:01:01.029617 [DEBUG] Query: predicate=user_intent
2026/05/19 15:01:01.029617 [DEBUG] evaluate: using cached programInfo
2026/05/19 15:01:01.029617 [DEBUG] evaluate: populating store with 15980 EDB facts
2026/05/19 15:01:01.032640 [DEBUG] evaluate: running fixpoint evaluation (derivedFactLimit=500000)
2026/05/19 15:01:01.032640 [DEBUG] evaluate: registered 10/10 external predicates (filtered by Decl)
2026/05/19 15:01:02.425282 [DEBUG] evaluate.fixpoint completed in 1.3926419s
2026/05/19 15:01:02.425282 [DEBUG] evaluate: fixpoint reached - strata=727, evalTime=1.3670878s, wallTime=1.3926419s
2026/05/19 15:01:02.425282 [DEBUG] evaluate completed in 1.3956648s
2026/05/19 15:01:02.425282 [DEBUG] evaluate: complete, kernel initialized
2026/05/19 15:01:02.425282 [DEBUG] Assert: fact added successfully, total facts=15980
2026/05/19 15:01:02.425282 [DEBUG] Query completed in 1.3956648s
2026/05/19 15:01:02.425282 [DEBUG] Query: predicate=delegate_task returned 0 results
2026/05/19 15:01:02.425282 [DEBUG] Query completed in 1.3956648s
2026/05/19 15:01:02.425282 [DEBUG] Query: predicate=pending_action
2026/05/19 15:01:02.425282 [DEBUG] Query: predicate=user_intent returned 0 results
2026/05/19 15:01:02.425282 [DEBUG] Query: predicate=user_intent
2026/05/19 15:01:02.425282 [DEBUG] Assert: duplicate fact skipped: registered_tool("string_reverser", "C:\\CodeProjects\\codeNERD\\.nerd\\tools\\.compiled\\string_reverser.exe", /all).
2026/05/19 15:01:02.425282 [DEBUG] Query completed in 0s
2026/05/19 15:01:02.425282 [DEBUG] Query completed in 0s
2026/05/19 15:01:02.425282 [DEBUG] Query: predicate=pending_action returned 0 results
2026/05/19 15:01:02.425282 [DEBUG] Query: predicate=user_requests_appeal
2026/05/19 15:01:02.425282 [DEBUG] Assert: tool_registered("string_reverser", "2026-05-19T15:00:59-04:00").
2026/05/19 15:01:02.425282 [DEBUG] Query: predicate=user_intent returned 0 results
2026/05/19 15:01:02.425282 [DEBUG] Query: predicate=pending_intent
2026/05/19 15:01:02.425282 [DEBUG] evaluate: using cached programInfo
2026/05/19 15:01:02.425282 [DEBUG] evaluate: populating store with 15981 EDB facts
2026/05/19 15:01:02.428880 [DEBUG] evaluate: running fixpoint evaluation (derivedFactLimit=500000)
2026/05/19 15:01:02.428880 [DEBUG] evaluate: registered 10/10 external predicates (filtered by Decl)
2026/05/19 15:01:02.881706 [DEBUG] Query: predicate=delegate_task
2026/05/19 15:01:03.846664 [DEBUG] evaluate.fixpoint completed in 1.4177848s
2026/05/19 15:01:03.847775 [DEBUG] evaluate: fixpoint reached - strata=727, evalTime=1.3908564s, wallTime=1.4177848s
2026/05/19 15:01:03.847775 [DEBUG] evaluate completed in 1.4224933s
2026/05/19 15:01:03.847775 [DEBUG] evaluate: complete, kernel initialized
2026/05/19 15:01:03.847775 [DEBUG] Assert: fact added successfully, total facts=15981
2026/05/19 15:01:03.847775 [DEBUG] Assert: system_heartbeat("perception_firewall", 1779217263).
2026/05/19 15:01:03.847775 [DEBUG] Query completed in 1.4224933s
2026/05/19 15:01:03.847775 [DEBUG] Query: predicate=user_requests_appeal returned 0 results
2026/05/19 15:01:03.847775 [DEBUG] Query completed in 1.4224933s
2026/05/19 15:01:03.847775 [DEBUG] Assert: system_heartbeat("constitution_gate", 1779217263).
2026/05/19 15:01:03.847775 [DEBUG] Query: predicate=pending_intent returned 0 results
2026/05/19 15:01:03.847775 [DEBUG] Query completed in 966.0687ms
2026/05/19 15:01:03.847775 [DEBUG] Retract: removing all facts with predicate=ooda_timeout
2026/05/19 15:01:03.847775 [DEBUG] Query: predicate=delegate_task returned 0 results
2026/05/19 15:01:03.847775 [DEBUG] evaluate: using cached programInfo
2026/05/19 15:01:03.847775 [DEBUG] evaluate: populating store with 15982 EDB facts
2026/05/19 15:01:03.851579 [DEBUG] evaluate: running fixpoint evaluation (derivedFactLimit=500000)
2026/05/19 15:01:03.851579 [DEBUG] evaluate: registered 10/10 external predicates (filtered by Decl)
2026/05/19 15:01:04.881466 [DEBUG] Query: predicate=delegate_task
2026/05/19 15:01:05.304959 [DEBUG] evaluate.fixpoint completed in 1.4533799s
2026/05/19 15:01:05.304959 [DEBUG] evaluate: fixpoint reached - strata=727, evalTime=1.420024s, wallTime=1.4533799s
2026/05/19 15:01:05.304959 [DEBUG] evaluate completed in 1.4571834s
2026/05/19 15:01:05.304959 [DEBUG] evaluate: complete, kernel initialized
2026/05/19 15:01:05.304959 [DEBUG] Assert: fact added successfully, total facts=15982
2026/05/19 15:01:05.304959 [DEBUG] Query completed in 423.4924ms
2026/05/19 15:01:05.304959 [DEBUG] Assert: system_heartbeat("perception_firewall", 1779217265).
2026/05/19 15:01:05.304959 [DEBUG] Query: predicate=delegate_task returned 0 results
2026/05/19 15:01:05.304959 [DEBUG] evaluate: using cached programInfo
2026/05/19 15:01:05.304959 [DEBUG] evaluate: populating store with 15983 EDB facts
2026/05/19 15:01:05.309015 [DEBUG] evaluate: running fixpoint evaluation (derivedFactLimit=500000)
2026/05/19 15:01:05.309015 [DEBUG] evaluate: registered 10/10 external predicates (filtered by Decl)
2026/05/19 15:01:06.735943 [DEBUG] evaluate.fixpoint completed in 1.4269277s
2026/05/19 15:01:06.735943 [DEBUG] evaluate: fixpoint reached - strata=727, evalTime=1.3975928s, wallTime=1.4269277s
2026/05/19 15:01:06.735943 [DEBUG] evaluate completed in 1.430984s
2026/05/19 15:01:06.735943 [DEBUG] evaluate: complete, kernel initialized
2026/05/19 15:01:06.735943 [DEBUG] Assert: fact added successfully, total facts=15983
2026/05/19 15:01:06.735943 [DEBUG] evaluate: using cached programInfo
2026/05/19 15:01:06.735943 [DEBUG] evaluate: populating store with 15984 EDB facts
2026/05/19 15:01:06.735943 [DEBUG] Assert: registered_tool("create_a_tool_that_validates_j", "C:\\CodeProjects\\codeNERD\\.nerd\\tools\\.compiled\\create_a_tool_that_validates_j.exe", /all).
2026/05/19 15:01:06.739584 [DEBUG] evaluate: running fixpoint evaluation (derivedFactLimit=500000)
2026/05/19 15:01:06.739584 [DEBUG] evaluate: registered 10/10 external predicates (filtered by Decl)
2026/05/19 15:01:06.881535 [DEBUG] Query: predicate=delegate_task
2026/05/19 15:01:08.135418 [DEBUG] evaluate.fixpoint completed in 1.3958341s
2026/05/19 15:01:08.135418 [DEBUG] evaluate: fixpoint reached - strata=727, evalTime=1.3725823s, wallTime=1.3958341s
2026/05/19 15:01:08.135418 [DEBUG] evaluate completed in 1.3994757s
2026/05/19 15:01:08.135418 [DEBUG] evaluate: complete, kernel initialized
2026/05/19 15:01:08.135418 [DEBUG] Assert: fact added successfully, total facts=15984
2026/05/19 15:01:08.135418 [DEBUG] Query completed in 1.2538829s
2026/05/19 15:01:08.135418 [DEBUG] Query: predicate=pending_action
2026/05/19 15:01:08.135418 [DEBUG] Query: predicate=delegate_task returned 0 results
2026/05/19 15:01:08.136015 [DEBUG] Retract: no facts found for predicate=ooda_timeout (EDB unchanged at 15984 facts)
2026/05/19 15:01:08.136015 [DEBUG] Assert: system_heartbeat("executive_policy", 1779217268).
2026/05/19 15:01:08.136015 [DEBUG] Query completed in 596.7µs
2026/05/19 15:01:08.136015 [DEBUG] Query: predicate=pending_action returned 0 results
2026/05/19 15:01:08.136015 [DEBUG] Query: predicate=user_requests_appeal
2026/05/19 15:01:08.136015 [DEBUG] evaluate: using cached programInfo
2026/05/19 15:01:08.136015 [DEBUG] evaluate: populating store with 15985 EDB facts
2026/05/19 15:01:08.141987 [DEBUG] evaluate: running fixpoint evaluation (derivedFactLimit=500000)
2026/05/19 15:01:08.141987 [DEBUG] evaluate: registered 10/10 external predicates (filtered by Decl)
2026/05/19 15:01:08.881457 [DEBUG] Query: predicate=delegate_task
2026/05/19 15:01:09.502115 [DEBUG] evaluate.fixpoint completed in 1.3601281s
2026/05/19 15:01:09.502115 [DEBUG] evaluate: fixpoint reached - strata=727, evalTime=1.3314532s, wallTime=1.3601281s
2026/05/19 15:01:09.502115 [DEBUG] evaluate completed in 1.3660999s
2026/05/19 15:01:09.502115 [DEBUG] evaluate: complete, kernel initialized
2026/05/19 15:01:09.502115 [DEBUG] Assert: fact added successfully, total facts=15985
2026/05/19 15:01:09.502115 [DEBUG] Query completed in 1.3660999s
2026/05/19 15:01:09.502115 [DEBUG] Query completed in 620.6581ms
2026/05/19 15:01:09.502115 [DEBUG] Query: predicate=user_requests_appeal returned 0 results
2026/05/19 15:01:09.502115 [DEBUG] Assert: system_heartbeat("perception_firewall", 1779217269).
2026/05/19 15:01:09.502115 [DEBUG] Assert: system_heartbeat("constitution_gate", 1779217269).
2026/05/19 15:01:09.502115 [DEBUG] Query: predicate=delegate_task returned 0 results
2026/05/19 15:01:09.502115 [DEBUG] Assert: duplicate fact skipped: registered_tool("create_a_tool_that_validates_j", "C:\\CodeProjects\\codeNERD\\.nerd\\tools\\.compiled\\create_a_tool_that_validates_j.exe", /all).
2026/05/19 15:01:09.502115 [DEBUG] evaluate: using cached programInfo
2026/05/19 15:01:09.502115 [DEBUG] evaluate: populating store with 15986 EDB facts
2026/05/19 15:01:09.502115 [DEBUG] Assert: tool_registered("create_a_tool_that_validates_j", "2026-05-19T14:57:57-04:00").
2026/05/19 15:01:09.505765 [DEBUG] evaluate: running fixpoint evaluation (derivedFactLimit=500000)
2026/05/19 15:01:09.505765 [DEBUG] evaluate: registered 10/10 external predicates (filtered by Decl)
2026/05/19 15:01:10.881494 [DEBUG] Query: predicate=delegate_task
2026/05/19 15:01:10.943323 [DEBUG] evaluate.fixpoint completed in 1.4375579s
2026/05/19 15:01:10.943323 [DEBUG] evaluate: fixpoint reached - strata=727, evalTime=1.4129103s, wallTime=1.4375579s
2026/05/19 15:01:10.943323 [DEBUG] evaluate completed in 1.4412082s
2026/05/19 15:01:10.943323 [DEBUG] evaluate: complete, kernel initialized
2026/05/19 15:01:10.943323 [DEBUG] Assert: fact added successfully, total facts=15986
2026/05/19 15:01:10.943323 [DEBUG] Query completed in 61.8293ms
2026/05/19 15:01:10.943323 [DEBUG] Query: predicate=active_strategy
2026/05/19 15:01:10.943323 [DEBUG] Query: predicate=delegate_task returned 0 results
2026/05/19 15:01:10.943323 [DEBUG] evaluate: using cached programInfo
2026/05/19 15:01:10.943323 [DEBUG] evaluate: populating store with 15987 EDB facts
2026/05/19 15:01:10.946423 [DEBUG] evaluate: running fixpoint evaluation (derivedFactLimit=500000)
2026/05/19 15:01:10.946423 [DEBUG] evaluate: registered 10/10 external predicates (filtered by Decl)
2026/05/19 15:01:12.398347 [DEBUG] evaluate.fixpoint completed in 1.4519241s
2026/05/19 15:01:12.398347 [DEBUG] evaluate: fixpoint reached - strata=727, evalTime=1.4208606s, wallTime=1.4519241s
2026/05/19 15:01:12.398347 [DEBUG] evaluate completed in 1.4550236s
2026/05/19 15:01:12.398347 [DEBUG] evaluate: complete, kernel initialized
2026/05/19 15:01:12.398347 [DEBUG] Assert: fact added successfully, total facts=15987
2026/05/19 15:01:12.398347 [DEBUG] Assert: system_heartbeat("perception_firewall", 1779217272).
2026/05/19 15:01:12.398347 [DEBUG] Query completed in 1.4550236s
2026/05/19 15:01:12.398347 [DEBUG] Query: predicate=active_strategy returned 0 results
2026/05/19 15:01:12.398347 [DEBUG] Query: predicate=block_commit
2026/05/19 15:01:12.398347 [DEBUG] evaluate: using cached programInfo
2026/05/19 15:01:12.398347 [DEBUG] evaluate: populating store with 15988 EDB facts
2026/05/19 15:01:12.401377 [DEBUG] evaluate: running fixpoint evaluation (derivedFactLimit=500000)
2026/05/19 15:01:12.401377 [DEBUG] evaluate: registered 10/10 external predicates (filtered by Decl)
2026/05/19 15:01:12.881601 [DEBUG] Query: predicate=delegate_task
2026/05/19 15:01:13.814519 [DEBUG] evaluate.fixpoint completed in 1.4131423s
2026/05/19 15:01:13.815518 [DEBUG] evaluate: fixpoint reached - strata=727, evalTime=1.3856762s, wallTime=1.4131423s
2026/05/19 15:01:13.815518 [DEBUG] evaluate completed in 1.4171711s
2026/05/19 15:01:13.815518 [DEBUG] evaluate: complete, kernel initialized
2026/05/19 15:01:13.815518 [DEBUG] Assert: fact added successfully, total facts=15988
2026/05/19 15:01:13.815518 [DEBUG] Query completed in 1.4171711s
2026/05/19 15:01:13.815518 [DEBUG] Query: predicate=block_commit returned 0 results
2026/05/19 15:01:13.815518 [DEBUG] Query: predicate=pending_action
2026/05/19 15:01:13.815518 [DEBUG] Query completed in 933.9164ms
2026/05/19 15:01:13.815518 [DEBUG] Query: predicate=block_action
2026/05/19 15:01:13.815518 [DEBUG] Query: predicate=delegate_task returned 0 results
2026/05/19 15:01:13.815518 [DEBUG] Assert: duplicate fact skipped: tool_registered("create_a_tool_that_validates_j", "2026-05-19T14:57:57-04:00").
2026/05/19 15:01:13.815518 [DEBUG] Query completed in 0s
2026/05/19 15:01:13.815518 [DEBUG] Query completed in 0s
2026/05/19 15:01:13.815518 [DEBUG] Assert: tool_hash("create_a_tool_that_validates_j", "97e714dc719e6d5a59c12383539a3be255956d9a7192b6d17e258f95ec5e8800").
2026/05/19 15:01:13.815518 [DEBUG] Query: predicate=pending_action returned 0 results
2026/05/19 15:01:13.815518 [DEBUG] Query: predicate=block_action returned 0 results
2026/05/19 15:01:13.815518 [DEBUG] Query: predicate=executive_blocked
2026/05/19 15:01:13.815518 [DEBUG] Query: predicate=user_requests_appeal
2026/05/19 15:01:13.815518 [DEBUG] evaluate: using cached programInfo
2026/05/19 15:01:13.815518 [DEBUG] evaluate: populating store with 15989 EDB facts
2026/05/19 15:01:13.818614 [DEBUG] evaluate: running fixpoint evaluation (derivedFactLimit=500000)
2026/05/19 15:01:13.818614 [DEBUG] evaluate: registered 10/10 external predicates (filtered by Decl)
2026/05/19 15:01:14.881702 [DEBUG] Query: predicate=delegate_task
2026/05/19 15:01:15.190336 [DEBUG] evaluate.fixpoint completed in 1.3717217s
2026/05/19 15:01:15.190336 [DEBUG] evaluate: fixpoint reached - strata=727, evalTime=1.3454169s, wallTime=1.3717217s
2026/05/19 15:01:15.190336 [DEBUG] evaluate completed in 1.3748181s
2026/05/19 15:01:15.190336 [DEBUG] evaluate: complete, kernel initialized
2026/05/19 15:01:15.190336 [DEBUG] Assert: fact added successfully, total facts=15989
2026/05/19 15:01:15.190336 [DEBUG] Assert: system_heartbeat("perception_firewall", 1779217275).
2026/05/19 15:01:15.190336 [DEBUG] Query completed in 1.3748181s
2026/05/19 15:01:15.190336 [DEBUG] Query completed in 1.3748181s
2026/05/19 15:01:15.190336 [DEBUG] Query completed in 308.634ms
2026/05/19 15:01:15.190860 [DEBUG] Query: predicate=user_requests_appeal returned 0 results
2026/05/19 15:01:15.190860 [DEBUG] Query: predicate=executive_blocked returned 0 results
2026/05/19 15:01:15.190860 [DEBUG] Assert: system_heartbeat("constitution_gate", 1779217275).
2026/05/19 15:01:15.190860 [DEBUG] Query: predicate=delegate_task returned 0 results
2026/05/19 15:01:15.190860 [DEBUG] Query: predicate=test_state_blocking
2026/05/19 15:01:15.190860 [DEBUG] evaluate: using cached programInfo
2026/05/19 15:01:15.190860 [DEBUG] evaluate: populating store with 15990 EDB facts
2026/05/19 15:01:15.194643 [DEBUG] evaluate: running fixpoint evaluation (derivedFactLimit=500000)
2026/05/19 15:01:15.194643 [DEBUG] evaluate: registered 10/10 external predicates (filtered by Decl)
2026/05/19 15:01:16.632140 [DEBUG] evaluate.fixpoint completed in 1.4374974s
2026/05/19 15:01:16.632140 [DEBUG] evaluate: fixpoint reached - strata=727, evalTime=1.4001367s, wallTime=1.4374974s
2026/05/19 15:01:16.632140 [DEBUG] evaluate completed in 1.4412798s
2026/05/19 15:01:16.632140 [DEBUG] evaluate: complete, kernel initialized
2026/05/19 15:01:16.632140 [DEBUG] Assert: fact added successfully, total facts=15990
2026/05/19 15:01:16.632140 [DEBUG] Query completed in 1.4412798s
2026/05/19 15:01:16.632140 [DEBUG] Query: predicate=test_state_blocking returned 0 results
2026/05/19 15:01:16.632140 [DEBUG] Assert: system_heartbeat("perception_firewall", 1779217276).
2026/05/19 15:01:16.632140 [DEBUG] Assert: duplicate fact skipped: tool_hash("create_a_tool_that_validates_j", "97e714dc719e6d5a59c12383539a3be255956d9a7192b6d17e258f95ec5e8800").
2026/05/19 15:01:16.632140 [DEBUG] evaluate: using cached programInfo
2026/05/19 15:01:16.632140 [DEBUG] Query: predicate=next_action
2026/05/19 15:01:16.632140 [DEBUG] evaluate: populating store with 15991 EDB facts
2026/05/19 15:01:16.632140 [DEBUG] Assert: registered_tool("echo_tool_that_returns_its_inp", "C:\\CodeProjects\\codeNERD\\.nerd\\tools\\.compiled\\echo_tool_that_returns_its_inp.exe", /all).
2026/05/19 15:01:16.635210 [DEBUG] evaluate: running fixpoint evaluation (derivedFactLimit=500000)
2026/05/19 15:01:16.635210 [DEBUG] evaluate: registered 10/10 external predicates (filtered by Decl)
2026/05/19 15:01:16.881800 [DEBUG] Query: predicate=delegate_task
2026/05/19 15:01:18.044850 [DEBUG] evaluate.fixpoint completed in 1.4096398s
2026/05/19 15:01:18.044850 [DEBUG] evaluate: fixpoint reached - strata=727, evalTime=1.3824701s, wallTime=1.4096398s
2026/05/19 15:01:18.044850 [DEBUG] evaluate completed in 1.4127097s
2026/05/19 15:01:18.044850 [DEBUG] evaluate: complete, kernel initialized
2026/05/19 15:01:18.044850 [DEBUG] Assert: fact added successfully, total facts=15991
2026/05/19 15:01:18.044850 [DEBUG] Query: predicate=pending_action
2026/05/19 15:01:18.044850 [DEBUG] Query completed in 0s
2026/05/19 15:01:18.044850 [DEBUG] Query completed in 1.4127097s
2026/05/19 15:01:18.044850 [DEBUG] Query: predicate=pending_action returned 0 results
2026/05/19 15:01:18.044850 [DEBUG] Query completed in 1.16305s
2026/05/19 15:01:18.044850 [DEBUG] Query: predicate=user_requests_appeal
2026/05/19 15:01:18.044850 [DEBUG] Query: predicate=next_action returned 0 results
2026/05/19 15:01:18.044850 [DEBUG] Query: predicate=tdd_next_action
2026/05/19 15:01:18.044850 [DEBUG] Query: predicate=delegate_task returned 0 results
2026/05/19 15:01:18.044850 [DEBUG] evaluate: using cached programInfo
2026/05/19 15:01:18.044850 [DEBUG] evaluate: populating store with 15992 EDB facts
2026/05/19 15:01:18.048393 [DEBUG] evaluate: running fixpoint evaluation (derivedFactLimit=500000)
2026/05/19 15:01:18.048393 [DEBUG] evaluate: registered 10/10 external predicates (filtered by Decl)
2026/05/19 15:01:18.881905 [DEBUG] Query: predicate=delegate_task
2026/05/19 15:01:19.469918 [DEBUG] evaluate.fixpoint completed in 1.4215252s
2026/05/19 15:01:19.469918 [DEBUG] evaluate: fixpoint reached - strata=727, evalTime=1.3944062s, wallTime=1.4215252s
2026/05/19 15:01:19.469918 [DEBUG] evaluate completed in 1.4250685s
2026/05/19 15:01:19.469918 [DEBUG] evaluate: complete, kernel initialized
2026/05/19 15:01:19.469918 [DEBUG] Assert: fact added successfully, total facts=15992
2026/05/19 15:01:19.469918 [DEBUG] Assert: system_heartbeat("perception_firewall", 1779217279).
2026/05/19 15:01:19.469918 [DEBUG] Query completed in 1.4250685s
2026/05/19 15:01:19.469918 [DEBUG] Query completed in 588.0136ms
2026/05/19 15:01:19.469918 [DEBUG] Query: predicate=tdd_next_action returned 0 results
2026/05/19 15:01:19.469918 [DEBUG] Query completed in 1.4250685s
2026/05/19 15:01:19.469918 [DEBUG] Query: predicate=delegate_task returned 0 results
2026/05/19 15:01:19.469918 [DEBUG] Query: predicate=campaign_next_action
2026/05/19 15:01:19.469918 [DEBUG] Query: predicate=user_requests_appeal returned 0 results
2026/05/19 15:01:19.469918 [DEBUG] Assert: system_heartbeat("constitution_gate", 1779217279).
2026/05/19 15:01:19.470935 [DEBUG] evaluate: using cached programInfo
2026/05/19 15:01:19.470935 [DEBUG] evaluate: populating store with 15993 EDB facts
2026/05/19 15:01:19.473985 [DEBUG] evaluate: running fixpoint evaluation (derivedFactLimit=500000)
2026/05/19 15:01:19.473985 [DEBUG] evaluate: registered 10/10 external predicates (filtered by Decl)
2026/05/19 15:01:20.861386 [DEBUG] evaluate.fixpoint completed in 1.3874006s
2026/05/19 15:01:20.861386 [DEBUG] evaluate: fixpoint reached - strata=727, evalTime=1.3589737s, wallTime=1.3874006s
2026/05/19 15:01:20.861386 [DEBUG] evaluate completed in 1.3904508s
2026/05/19 15:01:20.861386 [DEBUG] evaluate: complete, kernel initialized
2026/05/19 15:01:20.861386 [DEBUG] Assert: fact added successfully, total facts=15993
2026/05/19 15:01:20.861386 [DEBUG] Query completed in 1.3914676s
2026/05/19 15:01:20.861386 [DEBUG] Query: predicate=campaign_next_action returned 0 results
2026/05/19 15:01:20.861386 [DEBUG] Assert: system_heartbeat("perception_firewall", 1779217280).
2026/05/19 15:01:20.861386 [DEBUG] Assert: duplicate fact skipped: registered_tool("echo_tool_that_returns_its_inp", "C:\\CodeProjects\\codeNERD\\.nerd\\tools\\.compiled\\echo_tool_that_returns_its_inp.exe", /all).
2026/05/19 15:01:20.861386 [DEBUG] Query: predicate=repair_next_action
2026/05/19 15:01:20.861386 [DEBUG] Assert: tool_registered("echo_tool_that_returns_its_inp", "2026-05-19T14:57:57-04:00").
2026/05/19 15:01:20.861386 [DEBUG] evaluate: using cached programInfo
2026/05/19 15:01:20.861386 [DEBUG] evaluate: populating store with 15994 EDB facts
2026/05/19 15:01:20.864911 [DEBUG] evaluate: running fixpoint evaluation (derivedFactLimit=500000)
2026/05/19 15:01:20.864911 [DEBUG] evaluate: registered 10/10 external predicates (filtered by Decl)
2026/05/19 15:01:20.881657 [DEBUG] Query: predicate=delegate_task
2026/05/19 15:01:22.245485 [DEBUG] evaluate.fixpoint completed in 1.3805744s
2026/05/19 15:01:22.245485 [DEBUG] evaluate: fixpoint reached - strata=727, evalTime=1.3510183s, wallTime=1.3805744s
2026/05/19 15:01:22.245485 [DEBUG] evaluate completed in 1.3840991s
2026/05/19 15:01:22.245485 [DEBUG] evaluate: complete, kernel initialized
2026/05/19 15:01:22.245485 [DEBUG] Assert: fact added successfully, total facts=15994
2026/05/19 15:01:22.245485 [DEBUG] Query: predicate=pending_action
2026/05/19 15:01:22.245485 [DEBUG] Query completed in 0s
2026/05/19 15:01:22.245485 [DEBUG] Query completed in 1.3840991s
2026/05/19 15:01:22.245485 [DEBUG] Query: predicate=pending_action returned 0 results
2026/05/19 15:01:22.245485 [DEBUG] Query: predicate=user_requests_appeal
2026/05/19 15:01:22.245485 [DEBUG] Query: predicate=repair_next_action returned 0 results
2026/05/19 15:01:22.245485 [DEBUG] Query completed in 1.3638278s
2026/05/19 15:01:22.245485 [DEBUG] Query: predicate=delegate_task
2026/05/19 15:01:22.245485 [DEBUG] Query: predicate=delegate_task returned 0 results
2026/05/19 15:01:22.245485 [DEBUG] evaluate: using cached programInfo
2026/05/19 15:01:22.245485 [DEBUG] evaluate: populating store with 15995 EDB facts
2026/05/19 15:01:22.252279 [DEBUG] evaluate: running fixpoint evaluation (derivedFactLimit=500000)
2026/05/19 15:01:22.252785 [DEBUG] evaluate: registered 10/10 external predicates (filtered by Decl)
2026/05/19 15:01:22.881440 [DEBUG] Query: predicate=delegate_task
2026/05/19 15:01:23.642333 [DEBUG] evaluate.fixpoint completed in 1.3895485s
2026/05/19 15:01:23.642333 [DEBUG] evaluate: fixpoint reached - strata=727, evalTime=1.3589095s, wallTime=1.3895485s
2026/05/19 15:01:23.642333 [DEBUG] evaluate completed in 1.3968482s
2026/05/19 15:01:23.642333 [DEBUG] evaluate: complete, kernel initialized
2026/05/19 15:01:23.642333 [DEBUG] Assert: fact added successfully, total facts=15995
2026/05/19 15:01:23.642333 [DEBUG] Assert: system_heartbeat("perception_firewall", 1779217283).
2026/05/19 15:01:23.642333 [DEBUG] Query completed in 1.3968482s
2026/05/19 15:01:23.642333 [DEBUG] Query: predicate=delegate_task returned 0 results
2026/05/19 15:01:23.642333 [DEBUG] Query completed in 1.3968482s
2026/05/19 15:01:23.642333 [DEBUG] Query completed in 760.8933ms
2026/05/19 15:01:23.642333 [DEBUG] Query: predicate=user_requests_appeal returned 0 results
2026/05/19 15:01:23.642333 [DEBUG] Query: predicate=user_intent
2026/05/19 15:01:23.642333 [DEBUG] Assert: system_heartbeat("constitution_gate", 1779217283).
2026/05/19 15:01:23.642333 [DEBUG] Query: predicate=delegate_task returned 0 results
2026/05/19 15:01:23.642333 [DEBUG] evaluate: using cached programInfo
2026/05/19 15:01:23.642333 [DEBUG] evaluate: populating store with 15996 EDB facts
2026/05/19 15:01:23.645673 [DEBUG] evaluate: running fixpoint evaluation (derivedFactLimit=500000)
2026/05/19 15:01:23.645673 [DEBUG] evaluate: registered 10/10 external predicates (filtered by Decl)
2026/05/19 15:01:24.881419 [DEBUG] Query: predicate=delegate_task
2026/05/19 15:01:24.978410 [DEBUG] evaluate.fixpoint completed in 1.3327367s
2026/05/19 15:01:24.978410 [DEBUG] evaluate: fixpoint reached - strata=727, evalTime=1.3043414s, wallTime=1.3327367s
2026/05/19 15:01:24.978410 [DEBUG] evaluate completed in 1.3360768s
2026/05/19 15:01:24.978410 [DEBUG] evaluate: complete, kernel initialized
2026/05/19 15:01:24.978410 [DEBUG] Assert: fact added successfully, total facts=15996
2026/05/19 15:01:24.978410 [DEBUG] Query completed in 1.3360768s
2026/05/19 15:01:24.978410 [DEBUG] Query: predicate=user_intent returned 0 results
2026/05/19 15:01:24.978410 [DEBUG] Query: predicate=user_intent
2026/05/19 15:01:24.978410 [DEBUG] Query completed in 96.9912ms
2026/05/19 15:01:24.978410 [DEBUG] Assert: system_heartbeat("perception_firewall", 1779217284).
2026/05/19 15:01:24.978410 [DEBUG] Query: predicate=delegate_task returned 0 results
2026/05/19 15:01:24.978410 [DEBUG] Assert: duplicate fact skipped: tool_registered("echo_tool_that_returns_its_inp", "2026-05-19T14:57:57-04:00").
2026/05/19 15:01:24.978410 [DEBUG] Query completed in 0s
2026/05/19 15:01:24.978410 [DEBUG] Assert: tool_hash("echo_tool_that_returns_its_inp", "b224f2d923c57dcbe89b75120bed770fceee9836be6f2a8fce1c7f92716fc430").
2026/05/19 15:01:24.978410 [DEBUG] Query: predicate=user_intent returned 0 results
2026/05/19 15:01:24.978410 [DEBUG] Query: predicate=pending_intent
2026/05/19 15:01:24.978410 [DEBUG] evaluate: using cached programInfo
2026/05/19 15:01:24.978410 [DEBUG] evaluate: populating store with 15997 EDB facts
2026/05/19 15:01:24.982442 [DEBUG] evaluate: running fixpoint evaluation (derivedFactLimit=500000)
2026/05/19 15:01:24.982442 [DEBUG] evaluate: registered 10/10 external predicates (filtered by Decl)
2026/05/19 15:01:26.318053 [DEBUG] evaluate.fixpoint completed in 1.3356109s
2026/05/19 15:01:26.318053 [DEBUG] evaluate: fixpoint reached - strata=727, evalTime=1.2997504s, wallTime=1.3356109s
2026/05/19 15:01:26.318053 [DEBUG] evaluate completed in 1.3396433s
2026/05/19 15:01:26.318053 [DEBUG] evaluate: complete, kernel initialized
2026/05/19 15:01:26.318053 [DEBUG] Assert: fact added successfully, total facts=15997
2026/05/19 15:01:26.319587 [DEBUG] Query: predicate=pending_action
2026/05/19 15:01:26.319587 [DEBUG] Query completed in 1.3411767s
2026/05/19 15:01:26.319587 [DEBUG] Query: predicate=pending_intent returned 0 results
2026/05/19 15:01:26.319587 [DEBUG] Retract: removing all facts with predicate=ooda_timeout
2026/05/19 15:01:26.319587 [DEBUG] evaluate: using cached programInfo
2026/05/19 15:01:26.319587 [DEBUG] evaluate: populating store with 15998 EDB facts
2026/05/19 15:01:26.322324 [DEBUG] evaluate: running fixpoint evaluation (derivedFactLimit=500000)
2026/05/19 15:01:26.322324 [DEBUG] evaluate: registered 10/10 external predicates (filtered by Decl)
2026/05/19 15:01:26.881430 [DEBUG] Query: predicate=delegate_task
2026/05/19 15:01:27.665271 [DEBUG] evaluate.fixpoint completed in 1.3429471s
2026/05/19 15:01:27.665271 [DEBUG] evaluate: fixpoint reached - strata=727, evalTime=1.3118417s, wallTime=1.3429471s
2026/05/19 15:01:27.665271 [DEBUG] evaluate completed in 1.3456846s
2026/05/19 15:01:27.665271 [DEBUG] evaluate: complete, kernel initialized
2026/05/19 15:01:27.665271 [DEBUG] Assert: fact added successfully, total facts=15998
2026/05/19 15:01:27.665271 [DEBUG] Query completed in 1.3456846s
2026/05/19 15:01:27.665271 [DEBUG] Query completed in 783.8416ms
2026/05/19 15:01:27.665271 [DEBUG] Query: predicate=pending_action returned 0 results
2026/05/19 15:01:27.665271 [DEBUG] Assert: system_heartbeat("perception_firewall", 1779217287).
2026/05/19 15:01:27.665271 [DEBUG] Query: predicate=delegate_task returned 0 results
2026/05/19 15:01:27.665271 [DEBUG] Query: predicate=user_requests_appeal
2026/05/19 15:01:27.665271 [DEBUG] Assert: duplicate fact skipped: tool_hash("echo_tool_that_returns_its_inp", "b224f2d923c57dcbe89b75120bed770fceee9836be6f2a8fce1c7f92716fc430").
2026/05/19 15:01:27.665271 [DEBUG] Query completed in 0s
2026/05/19 15:01:27.665271 [DEBUG] Query: predicate=user_requests_appeal returned 0 results
2026/05/19 15:01:27.665271 [DEBUG] Assert: registered_tool("string_reverser", "C:\\CodeProjects\\codeNERD\\.nerd\\tools\\.compiled\\string_reverser.exe", /all).
2026/05/19 15:01:27.665271 [DEBUG] Assert: system_heartbeat("constitution_gate", 1779217287).
2026/05/19 15:01:27.666287 [DEBUG] Retract: no facts found for predicate=ooda_timeout (EDB unchanged at 15998 facts)
2026/05/19 15:01:27.666287 [DEBUG] Assert: system_heartbeat("executive_policy", 1779217287).
2026/05/19 15:01:27.666287 [DEBUG] evaluate: using cached programInfo
2026/05/19 15:01:27.666287 [DEBUG] evaluate: populating store with 15999 EDB facts
2026/05/19 15:01:27.669971 [DEBUG] evaluate: running fixpoint evaluation (derivedFactLimit=500000)
2026/05/19 15:01:27.669971 [DEBUG] evaluate: registered 10/10 external predicates (filtered by Decl)
2026/05/19 15:01:28.881813 [DEBUG] Query: predicate=delegate_task
2026/05/19 15:01:29.093821 [DEBUG] evaluate.fixpoint completed in 1.4238499s
2026/05/19 15:01:29.093821 [DEBUG] evaluate: fixpoint reached - strata=727, evalTime=1.3965422s, wallTime=1.4238499s
2026/05/19 15:01:29.093821 [DEBUG] evaluate completed in 1.4275344s
2026/05/19 15:01:29.093821 [DEBUG] evaluate: complete, kernel initialized
2026/05/19 15:01:29.093821 [DEBUG] Assert: fact added successfully, total facts=15999
2026/05/19 15:01:29.093821 [DEBUG] Query completed in 212.0083ms
2026/05/19 15:01:29.093821 [DEBUG] Assert: system_heartbeat("perception_firewall", 1779217289).
2026/05/19 15:01:29.093821 [DEBUG] Query: predicate=delegate_task returned 0 results
2026/05/19 15:01:29.093821 [DEBUG] Assert: duplicate fact skipped: registered_tool("string_reverser", "C:\\CodeProjects\\codeNERD\\.nerd\\tools\\.compiled\\string_reverser.exe", /all).
2026/05/19 15:01:29.093821 [DEBUG] evaluate: using cached programInfo
2026/05/19 15:01:29.093821 [DEBUG] evaluate: populating store with 16000 EDB facts
2026/05/19 15:01:29.093821 [DEBUG] Assert: tool_registered("string_reverser", "2026-05-19T14:57:57-04:00").
2026/05/19 15:01:29.097982 [DEBUG] evaluate: running fixpoint evaluation (derivedFactLimit=500000)
2026/05/19 15:01:29.097982 [DEBUG] evaluate: registered 10/10 external predicates (filtered by Decl)
2026/05/19 15:01:30.462010 [DEBUG] evaluate.fixpoint completed in 1.3640281s
2026/05/19 15:01:30.462010 [DEBUG] evaluate: fixpoint reached - strata=727, evalTime=1.3349817s, wallTime=1.3640281s
2026/05/19 15:01:30.462010 [DEBUG] evaluate completed in 1.368189s
2026/05/19 15:01:30.462010 [DEBUG] evaluate: complete, kernel initialized
2026/05/19 15:01:30.462010 [DEBUG] Assert: fact added successfully, total facts=16000
2026/05/19 15:01:30.462010 [DEBUG] evaluate: using cached programInfo
2026/05/19 15:01:30.462010 [DEBUG] Query: predicate=pending_action
2026/05/19 15:01:30.462010 [DEBUG] evaluate: populating store with 16001 EDB facts
2026/05/19 15:01:30.465197 [DEBUG] evaluate: running fixpoint evaluation (derivedFactLimit=500000)
2026/05/19 15:01:30.465197 [DEBUG] evaluate: registered 10/10 external predicates (filtered by Decl)
2026/05/19 15:01:30.881863 [DEBUG] Query: predicate=delegate_task
2026/05/19 15:01:32.206219 [DEBUG] evaluate.fixpoint completed in 1.741022s
2026/05/19 15:01:32.206219 [DEBUG] evaluate: fixpoint reached - strata=727, evalTime=1.7109092s, wallTime=1.741022s
2026/05/19 15:01:32.206219 [DEBUG] evaluate completed in 1.7442094s
2026/05/19 15:01:32.206219 [DEBUG] evaluate: complete, kernel initialized
2026/05/19 15:01:32.206219 [DEBUG] Assert: fact added successfully, total facts=16001
2026/05/19 15:01:32.206219 [DEBUG] Query completed in 1.7442094s
2026/05/19 15:01:32.206219 [DEBUG] Query completed in 1.3243561s
2026/05/19 15:01:32.206219 [DEBUG] Query: predicate=active_strategy
2026/05/19 15:01:32.206219 [DEBUG] Query: predicate=delegate_task returned 0 results
2026/05/19 15:01:32.206219 [DEBUG] Query: predicate=pending_action returned 0 results
2026/05/19 15:01:32.206219 [DEBUG] Query: predicate=user_requests_appeal
2026/05/19 15:01:32.206219 [DEBUG] evaluate: using cached programInfo
2026/05/19 15:01:32.206219 [DEBUG] evaluate: populating store with 16002 EDB facts
2026/05/19 15:01:32.212011 [DEBUG] evaluate: running fixpoint evaluation (derivedFactLimit=500000)
2026/05/19 15:01:32.212011 [DEBUG] evaluate: registered 10/10 external predicates (filtered by Decl)
2026/05/19 15:01:32.881389 [DEBUG] Query: predicate=delegate_task
2026/05/19 15:01:34.087485 [DEBUG] evaluate.fixpoint completed in 1.8754735s
2026/05/19 15:01:34.087485 [DEBUG] evaluate: fixpoint reached - strata=727, evalTime=1.8445784s, wallTime=1.8754735s
2026/05/19 15:01:34.087485 [DEBUG] evaluate completed in 1.8812652s
2026/05/19 15:01:34.088542 [DEBUG] evaluate: complete, kernel initialized
2026/05/19 15:01:34.088542 [DEBUG] Assert: fact added successfully, total facts=16002
2026/05/19 15:01:34.088542 [DEBUG] Query completed in 1.8823229s
2026/05/19 15:01:34.088542 [DEBUG] Assert: system_heartbeat("perception_firewall", 1779217294).
2026/05/19 15:01:34.088542 [DEBUG] Query: predicate=active_strategy returned 0 results
2026/05/19 15:01:34.088542 [DEBUG] Query completed in 1.2071532s
2026/05/19 15:01:34.088542 [DEBUG] Query completed in 1.8823229s
2026/05/19 15:01:34.088542 [DEBUG] Query: predicate=delegate_task returned 0 results
2026/05/19 15:01:34.088542 [DEBUG] Query: predicate=block_commit
2026/05/19 15:01:34.088542 [DEBUG] Query: predicate=user_requests_appeal returned 0 results
2026/05/19 15:01:34.088542 [DEBUG] Assert: system_heartbeat("constitution_gate", 1779217294).
2026/05/19 15:01:34.088542 [DEBUG] Assert: duplicate fact skipped: tool_registered("string_reverser", "2026-05-19T14:57:57-04:00").
2026/05/19 15:01:34.088542 [DEBUG] Assert: tool_hash("string_reverser", "9128c7532e46bcfb62a23b04e431dada029d31c7459d5c9c95283ad860c77970").
2026/05/19 15:01:34.088542 [DEBUG] Query completed in 0s
2026/05/19 15:01:34.088542 [DEBUG] Query: predicate=block_commit returned 0 results
2026/05/19 15:01:34.088542 [DEBUG] Query: predicate=block_action
2026/05/19 15:01:34.088542 [DEBUG] Assert: duplicate fact skipped: tool_hash("string_reverser", "9128c7532e46bcfb62a23b04e431dada029d31c7459d5c9c95283ad860c77970").
2026/05/19 15:01:34.088542 [DEBUG] Assert: registered_tool("a_simple_hello_world_greeter", "C:\\CodeProjects\\codeNERD\\.nerd\\tools\\.compiled\\a_simple_hello_world_greeter.exe", /all).
2026/05/19 15:01:34.088542 [DEBUG] Query completed in 0s
2026/05/19 15:01:34.088542 [DEBUG] Query: predicate=block_action returned 0 results
2026/05/19 15:01:34.088542 [DEBUG] Query: predicate=executive_blocked
2026/05/19 15:01:34.089058 [DEBUG] Assert: duplicate fact skipped: registered_tool("a_simple_hello_world_greeter", "C:\\CodeProjects\\codeNERD\\.nerd\\tools\\.compiled\\a_simple_hello_world_greeter.exe", /all).
2026/05/19 15:01:34.089058 [DEBUG] Assert: tool_registered("a_simple_hello_world_greeter", "2026-05-19T14:57:57-04:00").
2026/05/19 15:01:34.089058 [DEBUG] Query completed in 515.7µs
2026/05/19 15:01:34.089058 [DEBUG] Query: predicate=executive_blocked returned 0 results
2026/05/19 15:01:34.089058 [DEBUG] Query: predicate=test_state_blocking
2026/05/19 15:01:34.089058 [DEBUG] Assert: duplicate fact skipped: tool_registered("a_simple_hello_world_greeter", "2026-05-19T14:57:57-04:00").
2026/05/19 15:01:34.089058 [DEBUG] Assert: tool_hash("a_simple_hello_world_greeter", "17367320053a791ffa4fbf3036f8b353a81e56f33a4900126200157133102f1c").
2026/05/19 15:01:34.089058 [DEBUG] Query completed in 0s
2026/05/19 15:01:34.089058 [DEBUG] Query: predicate=test_state_blocking returned 0 results
2026/05/19 15:01:34.089058 [DEBUG] Query: predicate=next_action
2026/05/19 15:01:34.089058 [DEBUG] Assert: duplicate fact skipped: tool_hash("a_simple_hello_world_greeter", "17367320053a791ffa4fbf3036f8b353a81e56f33a4900126200157133102f1c").
2026/05/19 15:01:34.089058 [DEBUG] Assert: registered_tool("a_tool_that_analyzes_go_code_a", "C:\\CodeProjects\\codeNERD\\.nerd\\tools\\.compiled\\a_tool_that_analyzes_go_code_a.exe", /all).
2026/05/19 15:01:34.089058 [DEBUG] Query completed in 0s
2026/05/19 15:01:34.089058 [DEBUG] Query: predicate=next_action returned 0 results
2026/05/19 15:01:34.089058 [DEBUG] Query: predicate=tdd_next_action
2026/05/19 15:01:34.089058 [DEBUG] Assert: duplicate fact skipped: registered_tool("a_tool_that_analyzes_go_code_a", "C:\\CodeProjects\\codeNERD\\.nerd\\tools\\.compiled\\a_tool_that_analyzes_go_code_a.exe", /all).
2026/05/19 15:01:34.089058 [DEBUG] Assert: tool_registered("a_tool_that_analyzes_go_code_a", "2026-05-19T14:57:57-04:00").
2026/05/19 15:01:34.089058 [DEBUG] Query completed in 0s
2026/05/19 15:01:34.089630 [DEBUG] Query: predicate=tdd_next_action returned 0 results
2026/05/19 15:01:34.089630 [DEBUG] Query: predicate=campaign_next_action
2026/05/19 15:01:34.089630 [DEBUG] evaluate: using cached programInfo
2026/05/19 15:01:34.089630 [DEBUG] evaluate: populating store with 16003 EDB facts
2026/05/19 15:01:34.091636 [DEBUG] evaluate: running fixpoint evaluation (derivedFactLimit=500000)
2026/05/19 15:01:34.091636 [DEBUG] evaluate: registered 10/10 external predicates (filtered by Decl)
2026/05/19 15:01:34.881586 [DEBUG] Query: predicate=delegate_task
2026/05/19 15:01:35.662504 [DEBUG] evaluate.fixpoint completed in 1.5708676s
2026/05/19 15:01:35.662504 [DEBUG] evaluate: fixpoint reached - strata=727, evalTime=1.5341217s, wallTime=1.5708676s
2026/05/19 15:01:35.662504 [DEBUG] evaluate completed in 1.5728739s
2026/05/19 15:01:35.662504 [DEBUG] evaluate: complete, kernel initialized
2026/05/19 15:01:35.662504 [DEBUG] Assert: fact added successfully, total facts=16003
2026/05/19 15:01:35.662504 [DEBUG] Assert: system_heartbeat("perception_firewall", 1779217295).
2026/05/19 15:01:35.662504 [DEBUG] Query completed in 1.5728739s
2026/05/19 15:01:35.662504 [DEBUG] Query: predicate=campaign_next_action returned 0 results
2026/05/19 15:01:35.662504 [DEBUG] Query: predicate=repair_next_action
2026/05/19 15:01:35.662504 [DEBUG] Query completed in 0s
2026/05/19 15:01:35.662504 [DEBUG] Query: predicate=repair_next_action returned 0 results
2026/05/19 15:01:35.662504 [DEBUG] Query: predicate=delegate_task
2026/05/19 15:01:35.662504 [DEBUG] evaluate: using cached programInfo
2026/05/19 15:01:35.662504 [DEBUG] evaluate: populating store with 16004 EDB facts
2026/05/19 15:01:35.671822 [DEBUG] evaluate: running fixpoint evaluation (derivedFactLimit=500000)
2026/05/19 15:01:35.671822 [DEBUG] evaluate: registered 10/10 external predicates (filtered by Decl)
2026/05/19 15:01:37.338373 [DEBUG] evaluate.fixpoint completed in 1.6665506s
2026/05/19 15:01:37.338373 [DEBUG] evaluate: fixpoint reached - strata=727, evalTime=1.6336929s, wallTime=1.6665506s
2026/05/19 15:01:37.338373 [DEBUG] evaluate completed in 1.675869s
2026/05/19 15:01:37.338373 [DEBUG] evaluate: complete, kernel initialized
2026/05/19 15:01:37.338373 [DEBUG] Assert: fact added successfully, total facts=16004
2026/05/19 15:01:37.338373 [DEBUG] Query completed in 1.675869s
2026/05/19 15:01:37.338373 [DEBUG] Assert: system_heartbeat("perception_firewall", 1779217297).
2026/05/19 15:01:37.338373 [DEBUG] Query completed in 2.4567867s
2026/05/19 15:01:37.338373 [DEBUG] Query: predicate=delegate_task returned 0 results
2026/05/19 15:01:37.338373 [DEBUG] Query: predicate=delegate_task returned 0 results
2026/05/19 15:01:37.338373 [DEBUG] Query: predicate=user_intent
2026/05/19 15:01:37.338373 [DEBUG] Query: predicate=delegate_task
2026/05/19 15:01:37.338373 [DEBUG] evaluate: using cached programInfo
2026/05/19 15:01:37.338373 [DEBUG] evaluate: populating store with 16005 EDB facts
2026/05/19 15:01:37.341696 [DEBUG] evaluate: running fixpoint evaluation (derivedFactLimit=500000)
2026/05/19 15:01:37.342245 [DEBUG] evaluate: registered 10/10 external predicates (filtered by Decl)
2026/05/19 15:01:38.818766 [DEBUG] evaluate.fixpoint completed in 1.4765212s
2026/05/19 15:01:38.818766 [DEBUG] evaluate: fixpoint reached - strata=727, evalTime=1.4516784s, wallTime=1.4765212s
2026/05/19 15:01:38.818766 [DEBUG] evaluate completed in 1.4803929s
2026/05/19 15:01:38.818766 [DEBUG] evaluate: complete, kernel initialized
2026/05/19 15:01:38.818766 [DEBUG] Assert: fact added successfully, total facts=16005
2026/05/19 15:01:38.818766 [DEBUG] Query completed in 1.4803929s
2026/05/19 15:01:38.818766 [DEBUG] Query: predicate=pending_action
2026/05/19 15:01:38.818766 [DEBUG] Query completed in 1.4803929s
2026/05/19 15:01:38.818766 [DEBUG] Query: predicate=user_intent returned 0 results
2026/05/19 15:01:38.818766 [DEBUG] Query: predicate=user_intent
2026/05/19 15:01:38.818766 [DEBUG] Query: predicate=delegate_task returned 0 results
2026/05/19 15:01:38.818766 [DEBUG] Assert: duplicate fact skipped: tool_registered("a_tool_that_analyzes_go_code_a", "2026-05-19T14:57:57-04:00").
2026/05/19 15:01:38.818766 [DEBUG] Query completed in 0s
2026/05/19 15:01:38.818766 [DEBUG] Query completed in 0s
2026/05/19 15:01:38.818766 [DEBUG] Assert: tool_hash("a_tool_that_analyzes_go_code_a", "a5cca6cc6890b3e82d6144b1cd1737c27e9e14748c2051b873e259bce3b9baa5").
2026/05/19 15:01:38.819270 [DEBUG] Query: predicate=pending_action returned 0 results
2026/05/19 15:01:38.819270 [DEBUG] Query: predicate=user_requests_appeal
2026/05/19 15:01:38.819270 [DEBUG] Query: predicate=user_intent returned 0 results
2026/05/19 15:01:38.819270 [DEBUG] Query: predicate=pending_intent
2026/05/19 15:01:38.819270 [DEBUG] evaluate: using cached programInfo
2026/05/19 15:01:38.819270 [DEBUG] evaluate: populating store with 16006 EDB facts
2026/05/19 15:01:38.821943 [DEBUG] evaluate: running fixpoint evaluation (derivedFactLimit=500000)
2026/05/19 15:01:38.821943 [DEBUG] evaluate: registered 10/10 external predicates (filtered by Decl)
2026/05/19 15:01:38.881488 [DEBUG] Query: predicate=delegate_task
2026/05/19 15:01:40.346661 [DEBUG] evaluate.fixpoint completed in 1.5247186s
2026/05/19 15:01:40.346661 [DEBUG] evaluate: fixpoint reached - strata=727, evalTime=1.4934982s, wallTime=1.5247186s
2026/05/19 15:01:40.346661 [DEBUG] evaluate completed in 1.527391s
2026/05/19 15:01:40.346661 [DEBUG] evaluate: complete, kernel initialized
2026/05/19 15:01:40.346661 [DEBUG] Assert: fact added successfully, total facts=16006
2026/05/19 15:01:40.346661 [DEBUG] Assert: system_heartbeat("perception_firewall", 1779217300).
2026/05/19 15:01:40.346661 [DEBUG] Query completed in 1.527391s
2026/05/19 15:01:40.346661 [DEBUG] Query completed in 1.527391s
2026/05/19 15:01:40.346661 [DEBUG] Query completed in 1.4651733s
2026/05/19 15:01:40.346661 [DEBUG] Query: predicate=pending_intent returned 0 results
2026/05/19 15:01:40.346661 [DEBUG] Query: predicate=user_requests_appeal returned 0 results
2026/05/19 15:01:40.346661 [DEBUG] Retract: removing all facts with predicate=ooda_timeout
2026/05/19 15:01:40.346661 [DEBUG] Assert: system_heartbeat("constitution_gate", 1779217300).
2026/05/19 15:01:40.346661 [DEBUG] Query: predicate=delegate_task returned 0 results
2026/05/19 15:01:40.346661 [DEBUG] evaluate: using cached programInfo
2026/05/19 15:01:40.346661 [DEBUG] evaluate: populating store with 16007 EDB facts
2026/05/19 15:01:40.351362 [DEBUG] evaluate: running fixpoint evaluation (derivedFactLimit=500000)
2026/05/19 15:01:40.351362 [DEBUG] evaluate: registered 10/10 external predicates (filtered by Decl)
2026/05/19 15:01:40.881908 [DEBUG] Query: predicate=delegate_task
2026/05/19 15:01:42.036556 [DEBUG] evaluate.fixpoint completed in 1.6851933s
2026/05/19 15:01:42.036556 [DEBUG] evaluate: fixpoint reached - strata=727, evalTime=1.6523659s, wallTime=1.6851933s
2026/05/19 15:01:42.036556 [DEBUG] evaluate completed in 1.6898946s
2026/05/19 15:01:42.036556 [DEBUG] evaluate: complete, kernel initialized
2026/05/19 15:01:42.036556 [DEBUG] Assert: fact added successfully, total facts=16007
2026/05/19 15:01:42.036556 [DEBUG] Query completed in 1.1546473s
2026/05/19 15:01:42.037561 [DEBUG] Assert: system_heartbeat("perception_firewall", 1779217302).
2026/05/19 15:01:42.037561 [DEBUG] Query: predicate=delegate_task returned 0 results
2026/05/19 15:01:42.037561 [DEBUG] Assert: duplicate fact skipped: tool_hash("a_tool_that_analyzes_go_code_a", "a5cca6cc6890b3e82d6144b1cd1737c27e9e14748c2051b873e259bce3b9baa5").
2026/05/19 15:01:42.037561 [DEBUG] LoadFactsFromFile: loading facts from C:\CodeProjects\codeNERD\.nerd\profile.mg
2026/05/19 15:01:42.037561 [DEBUG] Retract: no facts found for predicate=ooda_timeout (EDB unchanged at 16007 facts)
2026/05/19 15:01:42.037561 [DEBUG] evaluate: using cached programInfo
2026/05/19 15:01:42.037561 [DEBUG] evaluate: populating store with 16008 EDB facts
2026/05/19 15:01:42.037561 [DEBUG] Assert: system_heartbeat("executive_policy", 1779217302).
2026/05/19 15:01:42.037561 [INFO] LoadFactsFromFile: parsed 14 facts from C:\CodeProjects\codeNERD\.nerd\profile.mg
2026/05/19 15:01:42.037561 [INFO] LoadFacts: loading 14 facts into EDB
2026/05/19 15:01:42.041109 [DEBUG] evaluate: running fixpoint evaluation (derivedFactLimit=500000)
2026/05/19 15:01:42.041109 [DEBUG] evaluate: registered 10/10 external predicates (filtered by Decl)
2026/05/19 15:01:42.881633 [DEBUG] Query: predicate=delegate_task
2026/05/19 15:01:43.831785 [DEBUG] evaluate.fixpoint completed in 1.7906755s
2026/05/19 15:01:43.831785 [DEBUG] evaluate: fixpoint reached - strata=727, evalTime=1.7528421s, wallTime=1.7906755s
2026/05/19 15:01:43.831785 [DEBUG] evaluate completed in 1.7942241s
2026/05/19 15:01:43.831785 [DEBUG] evaluate: complete, kernel initialized
2026/05/19 15:01:43.831785 [DEBUG] Assert: fact added successfully, total facts=16008
2026/05/19 15:01:43.831785 [DEBUG] Query completed in 950.152ms
2026/05/19 15:01:43.831785 [DEBUG] Query: predicate=pending_action
2026/05/19 15:01:43.831785 [DEBUG] Query: predicate=delegate_task returned 0 results
2026/05/19 15:01:43.831785 [DEBUG] evaluate: using cached programInfo
2026/05/19 15:01:43.831785 [DEBUG] evaluate: populating store with 16009 EDB facts
2026/05/19 15:01:43.836297 [DEBUG] evaluate: running fixpoint evaluation (derivedFactLimit=500000)
2026/05/19 15:01:43.836297 [DEBUG] evaluate: registered 10/10 external predicates (filtered by Decl)
2026/05/19 15:01:44.881729 [DEBUG] Query: predicate=delegate_task
2026/05/19 15:01:45.417266 [DEBUG] evaluate.fixpoint completed in 1.5809689s
2026/05/19 15:01:45.417266 [DEBUG] evaluate: fixpoint reached - strata=727, evalTime=1.548955s, wallTime=1.5809689s
2026/05/19 15:01:45.417266 [DEBUG] evaluate completed in 1.5854809s
2026/05/19 15:01:45.417266 [DEBUG] evaluate: complete, kernel initialized
2026/05/19 15:01:45.417266 [DEBUG] Assert: fact added successfully, total facts=16009
2026/05/19 15:01:45.417266 [DEBUG] Query completed in 535.5371ms
2026/05/19 15:01:45.417266 [DEBUG] Assert: system_heartbeat("perception_firewall", 1779217305).
2026/05/19 15:01:45.417266 [DEBUG] Query completed in 1.5854809s
2026/05/19 15:01:45.417266 [DEBUG] Query: predicate=pending_action returned 0 results
2026/05/19 15:01:45.417266 [DEBUG] Query: predicate=user_requests_appeal
2026/05/19 15:01:45.417266 [DEBUG] Query: predicate=delegate_task returned 0 results
2026/05/19 15:01:45.417266 [DEBUG] evaluate: using cached programInfo
2026/05/19 15:01:45.417266 [DEBUG] evaluate: populating store with 16010 EDB facts
2026/05/19 15:01:45.420834 [DEBUG] evaluate: running fixpoint evaluation (derivedFactLimit=500000)
2026/05/19 15:01:45.420834 [DEBUG] evaluate: registered 10/10 external predicates (filtered by Decl)
2026/05/19 15:01:46.881649 [DEBUG] Query: predicate=delegate_task
2026/05/19 15:01:46.963606 [DEBUG] evaluate.fixpoint completed in 1.5427722s
2026/05/19 15:01:46.963606 [DEBUG] evaluate: fixpoint reached - strata=727, evalTime=1.5054362s, wallTime=1.5427722s
2026/05/19 15:01:46.963606 [DEBUG] evaluate completed in 1.5463403s
2026/05/19 15:01:46.963606 [DEBUG] evaluate: complete, kernel initialized
2026/05/19 15:01:46.963606 [DEBUG] Assert: fact added successfully, total facts=16010
2026/05/19 15:01:46.963606 [DEBUG] Query: predicate=active_strategy
2026/05/19 15:01:46.963606 [DEBUG] Query completed in 1.5463403s
2026/05/19 15:01:46.963606 [DEBUG] Query completed in 81.9571ms
2026/05/19 15:01:46.963606 [DEBUG] Query: predicate=user_requests_appeal returned 0 results
2026/05/19 15:01:46.963606 [DEBUG] Assert: system_heartbeat("constitution_gate", 1779217306).
2026/05/19 15:01:46.963606 [DEBUG] Query: predicate=delegate_task returned 0 results
2026/05/19 15:01:46.963606 [DEBUG] LoadFacts: added 14/14 facts, EDB: 16010 -> 16024 facts
2026/05/19 15:01:46.963606 [DEBUG]   [0] project_profile("proj_d26dfcf83be", "codeNERD", "").
2026/05/19 15:01:46.963606 [DEBUG]   [1] project_language(/go).
2026/05/19 15:01:46.963606 [DEBUG]   [2] build_system(/pants).
2026/05/19 15:01:46.963606 [DEBUG]   [3] entry_point("cmd\\nerd\\cli_test.go").
2026/05/19 15:01:46.964617 [DEBUG]   [4] entry_point("cmd\\nerd\\main.go").
2026/05/19 15:01:46.964617 [DEBUG]   ... and 9 more facts
2026/05/19 15:01:46.964617 [DEBUG] rebuild: delegating to evaluate()
2026/05/19 15:01:46.964617 [DEBUG] evaluate: using cached programInfo
2026/05/19 15:01:46.964617 [DEBUG] evaluate: populating store with 16024 EDB facts
2026/05/19 15:01:46.968173 [DEBUG] evaluate: running fixpoint evaluation (derivedFactLimit=500000)
2026/05/19 15:01:46.968173 [DEBUG] evaluate: registered 10/10 external predicates (filtered by Decl)
2026/05/19 15:01:48.616051 [DEBUG] evaluate.fixpoint completed in 1.6478777s
2026/05/19 15:01:48.616051 [DEBUG] evaluate: fixpoint reached - strata=727, evalTime=1.6206315s, wallTime=1.6478777s
2026/05/19 15:01:48.616051 [DEBUG] evaluate completed in 1.651434s
2026/05/19 15:01:48.616051 [DEBUG] evaluate: complete, kernel initialized
2026/05/19 15:01:48.616051 [DEBUG] LoadFacts completed in 6.5784899s
2026/05/19 15:01:48.616051 [DEBUG] Query completed in 1.6524446s
2026/05/19 15:01:48.616051 [DEBUG] Query: predicate=active_strategy returned 0 results
2026/05/19 15:01:48.616051 [DEBUG] Query: predicate=block_commit
2026/05/19 15:01:48.616051 [DEBUG] evaluate: using cached programInfo
2026/05/19 15:01:48.616051 [DEBUG] evaluate: populating store with 16025 EDB facts
2026/05/19 15:01:48.619668 [DEBUG] evaluate: running fixpoint evaluation (derivedFactLimit=500000)
2026/05/19 15:01:48.619668 [DEBUG] evaluate: registered 10/10 external predicates (filtered by Decl)
2026/05/19 15:01:48.674019 [INFO] MangleWatcher: watching directory: C:\CodeProjects\codeNERD\.nerd\mangle
2026/05/19 15:01:48.674570 [INFO] MangleWatcher: also watching internal: C:\CodeProjects\codeNERD\internal\mangle
2026/05/19 15:01:48.685784 [DEBUG] Query: predicate=permitted
2026/05/19 15:01:48.881540 [DEBUG] Query: predicate=delegate_task
2026/05/19 15:01:50.387404 [DEBUG] evaluate.fixpoint completed in 1.7667204s
2026/05/19 15:01:50.387404 [DEBUG] evaluate: fixpoint reached - strata=727, evalTime=1.7290934s, wallTime=1.7667204s
2026/05/19 15:01:50.387404 [DEBUG] evaluate completed in 1.7713535s
2026/05/19 15:01:50.388409 [DEBUG] evaluate: complete, kernel initialized
2026/05/19 15:01:50.388409 [DEBUG] Assert: fact added successfully, total facts=16025
2026/05/19 15:01:50.388409 [DEBUG] Query completed in 1.7723586s
2026/05/19 15:01:50.388409 [DEBUG] Query completed in 1.7026249s
2026/05/19 15:01:50.388409 [DEBUG] Query completed in 1.5068691s
2026/05/19 15:01:50.388409 [DEBUG] Query: predicate=block_commit returned 0 results
2026/05/19 15:01:50.388409 [DEBUG] Assert: system_heartbeat("perception_firewall", 1779217310).
2026/05/19 15:01:50.388409 [DEBUG] Query: predicate=permitted returned 0 results
2026/05/19 15:01:50.388409 [DEBUG] Query: predicate=delegate_task returned 0 results
2026/05/19 15:01:50.388409 [DEBUG] Query: predicate=block_action
2026/05/19 15:01:50.388409 [DEBUG] Query: predicate=dangerous_action
2026/05/19 15:01:50.388409 [DEBUG] evaluate: using cached programInfo
2026/05/19 15:01:50.388409 [DEBUG] evaluate: populating store with 16026 EDB facts
2026/05/19 15:01:50.391300 [DEBUG] evaluate: running fixpoint evaluation (derivedFactLimit=500000)
2026/05/19 15:01:50.391300 [DEBUG] evaluate: registered 10/10 external predicates (filtered by Decl)
2026/05/19 15:01:50.881847 [DEBUG] Query: predicate=delegate_task
2026/05/19 15:01:51.994498 [DEBUG] evaluate.fixpoint completed in 1.603198s
2026/05/19 15:01:51.994498 [DEBUG] evaluate: fixpoint reached - strata=727, evalTime=1.5757969s, wallTime=1.603198s
2026/05/19 15:01:51.994498 [DEBUG] evaluate completed in 1.6060885s
2026/05/19 15:01:51.994498 [DEBUG] evaluate: complete, kernel initialized
2026/05/19 15:01:51.994498 [DEBUG] Assert: fact added successfully, total facts=16026
2026/05/19 15:01:51.994498 [DEBUG] Query: predicate=pending_action
2026/05/19 15:01:51.994498 [DEBUG] Query completed in 0s
2026/05/19 15:01:51.994498 [DEBUG] Query: predicate=pending_action returned 0 results
2026/05/19 15:01:51.994498 [DEBUG] Query completed in 1.6060885s
2026/05/19 15:01:51.994498 [DEBUG] Query: predicate=user_requests_appeal
2026/05/19 15:01:51.994498 [DEBUG] Query completed in 1.1126504s
2026/05/19 15:01:51.994498 [DEBUG] Query: predicate=dangerous_action returned 5 results
2026/05/19 15:01:51.994498 [DEBUG] Query completed in 1.6060885s
2026/05/19 15:01:51.994498 [DEBUG] Query: predicate=admin_override
2026/05/19 15:01:51.994498 [DEBUG] Query: predicate=delegate_task returned 0 results
2026/05/19 15:01:51.994498 [DEBUG] Query: predicate=block_action returned 0 results
2026/05/19 15:01:51.994498 [DEBUG] Query: predicate=executive_blocked
2026/05/19 15:01:51.994498 [DEBUG] evaluate: using cached programInfo
2026/05/19 15:01:51.994498 [DEBUG] evaluate: populating store with 16027 EDB facts
2026/05/19 15:01:51.997733 [DEBUG] evaluate: running fixpoint evaluation (derivedFactLimit=500000)
2026/05/19 15:01:51.997733 [DEBUG] evaluate: registered 10/10 external predicates (filtered by Decl)
2026/05/19 15:01:52.881778 [DEBUG] Query: predicate=delegate_task
2026/05/19 15:01:53.519626 [DEBUG] evaluate.fixpoint completed in 1.5218926s
2026/05/19 15:01:53.519626 [DEBUG] evaluate: fixpoint reached - strata=727, evalTime=1.4907096s, wallTime=1.5218926s
2026/05/19 15:01:53.519626 [DEBUG] evaluate completed in 1.5251282s
2026/05/19 15:01:53.519626 [DEBUG] evaluate: complete, kernel initialized
2026/05/19 15:01:53.519626 [DEBUG] Assert: fact added successfully, total facts=16027
2026/05/19 15:01:53.519626 [DEBUG] Assert: system_heartbeat("perception_firewall", 1779217313).
2026/05/19 15:01:53.519626 [DEBUG] Query completed in 637.8476ms
2026/05/19 15:01:53.520153 [DEBUG] Query completed in 1.5256557s
2026/05/19 15:01:53.520153 [DEBUG] Query completed in 1.5251282s
2026/05/19 15:01:53.520153 [DEBUG] Query: predicate=delegate_task returned 0 results
2026/05/19 15:01:53.519626 [DEBUG] Query completed in 1.5251282s
2026/05/19 15:01:53.520153 [DEBUG] Query: predicate=executive_blocked returned 0 results
2026/05/19 15:01:53.520153 [DEBUG] Query: predicate=user_requests_appeal returned 0 results
2026/05/19 15:01:53.520153 [DEBUG] Assert: system_heartbeat("constitution_gate", 1779217313).
2026/05/19 15:01:53.520153 [DEBUG] Query: predicate=test_state_blocking
2026/05/19 15:01:53.520153 [DEBUG] Query: predicate=admin_override returned 0 results
2026/05/19 15:01:53.520153 [DEBUG] Query: predicate=security_violation
2026/05/19 15:01:53.520153 [DEBUG] evaluate: using cached programInfo
2026/05/19 15:01:53.520153 [DEBUG] evaluate: populating store with 16028 EDB facts
2026/05/19 15:01:53.522728 [DEBUG] evaluate: running fixpoint evaluation (derivedFactLimit=500000)
2026/05/19 15:01:53.522728 [DEBUG] evaluate: registered 10/10 external predicates (filtered by Decl)
2026/05/19 15:01:54.881622 [DEBUG] Query: predicate=delegate_task
2026/05/19 15:01:55.127480 [DEBUG] evaluate.fixpoint completed in 1.6047523s
2026/05/19 15:01:55.127480 [DEBUG] evaluate: fixpoint reached - strata=727, evalTime=1.5707333s, wallTime=1.6047523s
2026/05/19 15:01:55.127480 [DEBUG] evaluate completed in 1.6073266s
2026/05/19 15:01:55.127480 [DEBUG] evaluate: complete, kernel initialized
2026/05/19 15:01:55.127480 [DEBUG] Assert: fact added successfully, total facts=16028
2026/05/19 15:01:55.127480 [DEBUG] Assert: system_heartbeat("perception_firewall", 1779217315).
2026/05/19 15:01:55.127480 [DEBUG] Query completed in 1.6073266s
2026/05/19 15:01:55.127480 [DEBUG] Query completed in 245.8582ms
2026/05/19 15:01:55.127480 [DEBUG] Query: predicate=security_violation returned 0 results
2026/05/19 15:01:55.127480 [DEBUG] Query completed in 1.6073266s
2026/05/19 15:01:55.127480 [DEBUG] Query: predicate=delegate_task returned 0 results
2026/05/19 15:01:55.127480 [DEBUG] Query: predicate=block_commit
2026/05/19 15:01:55.127480 [DEBUG] Query: predicate=test_state_blocking returned 0 results
2026/05/19 15:01:55.127997 [DEBUG] Query: predicate=next_action
2026/05/19 15:01:55.127997 [DEBUG] evaluate: using cached programInfo
2026/05/19 15:01:55.127997 [DEBUG] evaluate: populating store with 16029 EDB facts
2026/05/19 15:01:55.131696 [DEBUG] evaluate: running fixpoint evaluation (derivedFactLimit=500000)
2026/05/19 15:01:55.131696 [DEBUG] evaluate: registered 10/10 external predicates (filtered by Decl)
2026/05/19 15:01:56.685066 [DEBUG] evaluate.fixpoint completed in 1.5533699s
2026/05/19 15:01:56.685066 [DEBUG] evaluate: fixpoint reached - strata=727, evalTime=1.5202941s, wallTime=1.5533699s
2026/05/19 15:01:56.685066 [DEBUG] evaluate completed in 1.5570687s
2026/05/19 15:01:56.685066 [DEBUG] evaluate: complete, kernel initialized
2026/05/19 15:01:56.685066 [DEBUG] Assert: fact added successfully, total facts=16029
2026/05/19 15:01:56.685066 [DEBUG] Query completed in 1.5575858s
2026/05/19 15:01:56.685066 [DEBUG] Query: predicate=block_commit returned 0 results
2026/05/19 15:01:56.685066 [DEBUG] Assert: system_heartbeat("perception_firewall", 1779217316).
2026/05/19 15:01:56.685066 [DEBUG] QueryAll: retrieving all derived facts
2026/05/19 15:01:56.685066 [DEBUG] evaluate: using cached programInfo
2026/05/19 15:01:56.685066 [DEBUG] evaluate: populating store with 16030 EDB facts
2026/05/19 15:01:56.692134 [DEBUG] evaluate: running fixpoint evaluation (derivedFactLimit=500000)
2026/05/19 15:01:56.692134 [DEBUG] evaluate: registered 10/10 external predicates (filtered by Decl)
2026/05/19 15:01:56.881937 [DEBUG] Query: predicate=delegate_task
2026/05/19 15:01:58.236661 [DEBUG] evaluate.fixpoint completed in 1.5445271s
2026/05/19 15:01:58.236661 [DEBUG] evaluate: fixpoint reached - strata=727, evalTime=1.5056736s, wallTime=1.5445271s
2026/05/19 15:01:58.236661 [DEBUG] evaluate completed in 1.5515952s
2026/05/19 15:01:58.236661 [DEBUG] evaluate: complete, kernel initialized
2026/05/19 15:01:58.236661 [DEBUG] Assert: fact added successfully, total facts=16030
2026/05/19 15:01:58.236661 [DEBUG] Query: predicate=pending_action
2026/05/19 15:01:58.236661 [DEBUG] Query completed in 0s
2026/05/19 15:01:58.236661 [DEBUG] Query: predicate=pending_action returned 0 results
2026/05/19 15:01:58.236661 [DEBUG] Query: predicate=user_requests_appeal
2026/05/19 15:01:58.236661 [DEBUG] Query completed in 3.1086639s
2026/05/19 15:01:58.236661 [DEBUG] Query completed in 1.3547243s
2026/05/19 15:01:58.236661 [DEBUG] Query: predicate=next_action returned 0 results
2026/05/19 15:01:58.236661 [DEBUG] Query: predicate=delegate_task returned 0 results
2026/05/19 15:01:58.236661 [DEBUG] Query: predicate=tdd_next_action
2026/05/19 15:01:58.310807 [DEBUG] QueryAll completed in 1.6257416s
2026/05/19 15:01:58.310807 [DEBUG] QueryAll: returned 1545 predicates with 253353 total facts
2026/05/19 15:01:58.310807 [DEBUG] evaluate: using cached programInfo
2026/05/19 15:01:58.310807 [DEBUG] evaluate: populating store with 16031 EDB facts
2026/05/19 15:01:58.314301 [DEBUG] evaluate: running fixpoint evaluation (derivedFactLimit=500000)
2026/05/19 15:01:58.314301 [DEBUG] evaluate: registered 10/10 external predicates (filtered by Decl)
2026/05/19 15:01:58.881555 [DEBUG] Query: predicate=delegate_task
2026/05/19 15:01:59.914980 [DEBUG] evaluate.fixpoint completed in 1.6006787s
2026/05/19 15:01:59.914980 [DEBUG] evaluate: fixpoint reached - strata=727, evalTime=1.5637495s, wallTime=1.6006787s
2026/05/19 15:01:59.914980 [DEBUG] evaluate completed in 1.6041725s
2026/05/19 15:01:59.914980 [DEBUG] evaluate: complete, kernel initialized
2026/05/19 15:01:59.914980 [DEBUG] Assert: fact added successfully, total facts=16031
2026/05/19 15:01:59.914980 [DEBUG] Assert: system_heartbeat("perception_firewall", 1779217319).
2026/05/19 15:01:59.914980 [DEBUG] Query completed in 1.033425s
2026/05/19 15:01:59.914980 [DEBUG] Query completed in 1.6783189s
2026/05/19 15:01:59.914980 [DEBUG] Query: predicate=delegate_task returned 0 results
2026/05/19 15:01:59.914980 [DEBUG] Query: predicate=tdd_next_action returned 0 results
2026/05/19 15:01:59.914980 [DEBUG] Query completed in 1.6783189s
2026/05/19 15:01:59.914980 [DEBUG] Query: predicate=campaign_next_action
2026/05/19 15:01:59.914980 [DEBUG] Query: predicate=user_requests_appeal returned 0 results
2026/05/19 15:01:59.914980 [DEBUG] Assert: system_heartbeat("constitution_gate", 1779217319).
2026/05/19 15:01:59.914980 [DEBUG] evaluate: using cached programInfo
2026/05/19 15:01:59.914980 [DEBUG] evaluate: populating store with 16032 EDB facts
2026/05/19 15:01:59.919027 [DEBUG] evaluate: running fixpoint evaluation (derivedFactLimit=500000)
2026/05/19 15:01:59.919027 [DEBUG] evaluate: registered 10/10 external predicates (filtered by Decl)
2026/05/19 15:02:00.881815 [DEBUG] Query: predicate=delegate_task
2026/05/19 15:02:01.487427 [DEBUG] evaluate.fixpoint completed in 1.5684002s
2026/05/19 15:02:01.488446 [DEBUG] evaluate: fixpoint reached - strata=727, evalTime=1.5356683s, wallTime=1.5684002s
2026/05/19 15:02:01.488446 [DEBUG] evaluate completed in 1.5734662s
2026/05/19 15:02:01.488446 [DEBUG] evaluate: complete, kernel initialized
2026/05/19 15:02:01.488446 [DEBUG] Assert: fact added successfully, total facts=16032
2026/05/19 15:02:01.488446 [DEBUG] Assert: system_heartbeat("perception_firewall", 1779217321).
2026/05/19 15:02:01.488446 [DEBUG] Query completed in 606.6314ms
2026/05/19 15:02:01.488446 [DEBUG] Query completed in 1.5734662s
2026/05/19 15:02:01.489471 [DEBUG] Query: predicate=delegate_task returned 0 results
2026/05/19 15:02:01.489471 [DEBUG] Query: predicate=campaign_next_action returned 0 results
2026/05/19 15:02:01.489471 [DEBUG] Query: predicate=repair_next_action
2026/05/19 15:02:01.542087 [DEBUG] RetractExactFactsBatch: removed 153 facts, EDB: 16032 -> 15879 facts
2026/05/19 15:02:01.542087 [DEBUG] rebuild: delegating to evaluate()
2026/05/19 15:02:01.542087 [DEBUG] evaluate: using cached programInfo
2026/05/19 15:02:01.542087 [DEBUG] evaluate: populating store with 15879 EDB facts
2026/05/19 15:02:01.542087 [WARN] evaluate: cache desync (atoms=16032 facts=15879), rebuilding cache
2026/05/19 15:02:01.555415 [DEBUG] evaluate: running fixpoint evaluation (derivedFactLimit=500000)
2026/05/19 15:02:01.555415 [DEBUG] evaluate: registered 10/10 external predicates (filtered by Decl)
2026/05/19 15:02:02.881574 [DEBUG] Query: predicate=delegate_task
2026/05/19 15:02:03.115790 [DEBUG] evaluate.fixpoint completed in 1.5603742s
2026/05/19 15:02:03.115790 [DEBUG] evaluate: fixpoint reached - strata=727, evalTime=1.5332943s, wallTime=1.5603742s
2026/05/19 15:02:03.115790 [DEBUG] evaluate completed in 1.5737024s
2026/05/19 15:02:03.115790 [DEBUG] evaluate: complete, kernel initialized
2026/05/19 15:02:03.115790 [DEBUG] Query completed in 1.6263182s
2026/05/19 15:02:03.115790 [DEBUG] Retract: removing all facts with predicate=directory
2026/05/19 15:02:03.115790 [DEBUG] Query completed in 234.2152ms
2026/05/19 15:02:03.115790 [DEBUG] Query: predicate=repair_next_action returned 0 results
2026/05/19 15:02:03.115790 [DEBUG] Query: predicate=delegate_task
2026/05/19 15:02:03.115790 [DEBUG] Query: predicate=delegate_task returned 0 results
2026/05/19 15:02:03.115790 [DEBUG] evaluate: using cached programInfo
2026/05/19 15:02:03.115790 [DEBUG] evaluate: populating store with 15880 EDB facts
2026/05/19 15:02:03.119359 [DEBUG] evaluate: running fixpoint evaluation (derivedFactLimit=500000)
2026/05/19 15:02:03.119359 [DEBUG] evaluate: registered 10/10 external predicates (filtered by Decl)
2026/05/19 15:02:04.881445 [DEBUG] Query: predicate=delegate_task
2026/05/19 15:02:04.901995 [DEBUG] evaluate.fixpoint completed in 1.7826363s
2026/05/19 15:02:04.901995 [DEBUG] evaluate: fixpoint reached - strata=727, evalTime=1.7460266s, wallTime=1.7826363s
2026/05/19 15:02:04.901995 [DEBUG] evaluate completed in 1.7862052s
2026/05/19 15:02:04.901995 [DEBUG] evaluate: complete, kernel initialized
2026/05/19 15:02:04.901995 [DEBUG] Assert: fact added successfully, total facts=15880
2026/05/19 15:02:04.901995 [DEBUG] Query completed in 1.7862052s
2026/05/19 15:02:04.901995 [DEBUG] Query: predicate=delegate_task returned 0 results
2026/05/19 15:02:04.901995 [DEBUG] Query: predicate=pending_action
2026/05/19 15:02:04.901995 [DEBUG] Query: predicate=user_intent
2026/05/19 15:02:04.902512 [DEBUG] Query completed in 20.5503ms
2026/05/19 15:02:04.902512 [DEBUG] Query: predicate=delegate_task returned 0 results
2026/05/19 15:02:04.902512 [DEBUG] evaluate: using cached programInfo
2026/05/19 15:02:04.902512 [DEBUG] evaluate: populating store with 15881 EDB facts
2026/05/19 15:02:04.905554 [DEBUG] evaluate: running fixpoint evaluation (derivedFactLimit=500000)
2026/05/19 15:02:04.905554 [DEBUG] evaluate: registered 10/10 external predicates (filtered by Decl)
2026/05/19 15:02:06.644426 [DEBUG] evaluate.fixpoint completed in 1.7388718s
2026/05/19 15:02:06.644426 [DEBUG] evaluate: fixpoint reached - strata=727, evalTime=1.7001257s, wallTime=1.7388718s
2026/05/19 15:02:06.644426 [DEBUG] evaluate completed in 1.7419135s
2026/05/19 15:02:06.644426 [DEBUG] evaluate: complete, kernel initialized
2026/05/19 15:02:06.644426 [DEBUG] Assert: fact added successfully, total facts=15881
2026/05/19 15:02:06.644426 [DEBUG] Query completed in 1.7424311s
2026/05/19 15:02:06.644426 [DEBUG] Query completed in 1.7424311s
2026/05/19 15:02:06.644426 [DEBUG] Assert: system_heartbeat("perception_firewall", 1779217326).
2026/05/19 15:02:06.644426 [DEBUG] Query: predicate=pending_action returned 0 results
2026/05/19 15:02:06.644982 [DEBUG] Query: predicate=user_intent returned 0 results
2026/05/19 15:02:06.644982 [DEBUG] Query: predicate=user_requests_appeal
2026/05/19 15:02:06.644982 [DEBUG] Query: predicate=user_intent
2026/05/19 15:02:06.644982 [DEBUG] Retract: no facts found for predicate=directory (EDB unchanged at 15881 facts)
2026/05/19 15:02:06.644982 [INFO] LoadFacts: loading 339 facts into EDB
2026/05/19 15:02:06.644982 [DEBUG] Query completed in 0s
2026/05/19 15:02:06.644982 [DEBUG] Query completed in 0s
2026/05/19 15:02:06.644982 [DEBUG] Query: predicate=user_requests_appeal returned 0 results
2026/05/19 15:02:06.644982 [DEBUG] Assert: system_heartbeat("constitution_gate", 1779217326).
2026/05/19 15:02:06.644982 [DEBUG] Query: predicate=user_intent returned 0 results
2026/05/19 15:02:06.644982 [DEBUG] Query: predicate=pending_intent
2026/05/19 15:02:06.645512 [DEBUG] LoadFacts: added 339/339 facts, EDB: 15881 -> 16220 facts
2026/05/19 15:02:06.645512 [DEBUG]   [0] directory("C:\\CodeProjects\\codeNERD", "codeNERD").
2026/05/19 15:02:06.645512 [DEBUG]   [1] directory("C:\\CodeProjects\\codeNERD\\${CLAUDE_PLUGIN_ROOT}", "${CLAUDE_PLUGIN_ROOT}").
2026/05/19 15:02:06.646065 [DEBUG]   [2] directory("C:\\CodeProjects\\codeNERD\\${CLAUDE_PLUGIN_ROOT}\\data", "data").
2026/05/19 15:02:06.646065 [DEBUG]   [3] directory("C:\\CodeProjects\\codeNERD\\.github\\workflows", "workflows").
2026/05/19 15:02:06.646065 [DEBUG]   [4] directory("C:\\CodeProjects\\codeNERD\\Docs", "Docs").
2026/05/19 15:02:06.646065 [DEBUG]   ... and 334 more facts
2026/05/19 15:02:06.646065 [DEBUG] rebuild: delegating to evaluate()
2026/05/19 15:02:06.646065 [DEBUG] evaluate: using cached programInfo
2026/05/19 15:02:06.646065 [DEBUG] evaluate: populating store with 16220 EDB facts
2026/05/19 15:02:06.648812 [DEBUG] evaluate: running fixpoint evaluation (derivedFactLimit=500000)
2026/05/19 15:02:06.649338 [DEBUG] evaluate: registered 10/10 external predicates (filtered by Decl)
2026/05/19 15:02:06.881764 [DEBUG] Query: predicate=delegate_task
2026/05/19 15:02:08.328088 [DEBUG] evaluate.fixpoint completed in 1.6787496s
2026/05/19 15:02:08.328088 [DEBUG] evaluate: fixpoint reached - strata=727, evalTime=1.6426104s, wallTime=1.6787496s
2026/05/19 15:02:08.328088 [DEBUG] evaluate completed in 1.6820233s
2026/05/19 15:02:08.328088 [DEBUG] evaluate: complete, kernel initialized
2026/05/19 15:02:08.328088 [DEBUG] LoadFacts completed in 1.6831055s
2026/05/19 15:02:08.328088 [DEBUG] Query completed in 1.6831055s
2026/05/19 15:02:08.328088 [DEBUG] Query completed in 1.4463235s
2026/05/19 15:02:08.328088 [DEBUG] Query: predicate=pending_intent returned 0 results
2026/05/19 15:02:08.328088 [DEBUG] Retract: removing all facts with predicate=ooda_timeout
2026/05/19 15:02:08.328088 [DEBUG] Query: predicate=delegate_task returned 0 results
2026/05/19 15:02:08.328088 [DEBUG] evaluate: using cached programInfo
2026/05/19 15:02:08.328088 [DEBUG] evaluate: populating store with 16221 EDB facts
2026/05/19 15:02:08.332351 [DEBUG] evaluate: running fixpoint evaluation (derivedFactLimit=500000)
2026/05/19 15:02:08.332351 [DEBUG] evaluate: registered 10/10 external predicates (filtered by Decl)
2026/05/19 15:02:08.513578 [DEBUG] LoadFactsFromFile: loading facts from C:\CodeProjects\codeNERD\.nerd\profile.mg
2026/05/19 15:02:08.513578 [INFO] LoadFactsFromFile: parsed 14 facts from C:\CodeProjects\codeNERD\.nerd\profile.mg
2026/05/19 15:02:08.513578 [INFO] LoadFacts: loading 14 facts into EDB
2026/05/19 15:02:08.881527 [DEBUG] Query: predicate=delegate_task
2026/05/19 15:02:10.006376 [DEBUG] evaluate.fixpoint completed in 1.6740252s
2026/05/19 15:02:10.006376 [DEBUG] evaluate: fixpoint reached - strata=727, evalTime=1.6404633s, wallTime=1.6740252s
2026/05/19 15:02:10.006376 [DEBUG] evaluate completed in 1.6782884s
2026/05/19 15:02:10.006376 [DEBUG] evaluate: complete, kernel initialized
2026/05/19 15:02:10.006376 [DEBUG] Assert: fact added successfully, total facts=16221
2026/05/19 15:02:10.006376 [DEBUG] Assert: system_heartbeat("perception_firewall", 1779217330).
2026/05/19 15:02:10.006376 [DEBUG] Query completed in 1.1248497s
2026/05/19 15:02:10.006376 [DEBUG] Query: predicate=delegate_task returned 0 results
2026/05/19 15:02:10.006376 [DEBUG] evaluate: using cached programInfo
2026/05/19 15:02:10.006376 [DEBUG] evaluate: populating store with 16222 EDB facts
2026/05/19 15:02:10.012948 [DEBUG] evaluate: running fixpoint evaluation (derivedFactLimit=500000)
2026/05/19 15:02:10.012948 [DEBUG] evaluate: registered 10/10 external predicates (filtered by Decl)
2026/05/19 15:02:10.881568 [DEBUG] Query: predicate=delegate_task
2026/05/19 15:02:11.728448 [DEBUG] evaluate.fixpoint completed in 1.7155004s
2026/05/19 15:02:11.729448 [DEBUG] evaluate: fixpoint reached - strata=727, evalTime=1.6782745s, wallTime=1.7155004s
2026/05/19 15:02:11.729448 [DEBUG] evaluate completed in 1.7230716s
2026/05/19 15:02:11.729448 [DEBUG] evaluate: complete, kernel initialized
2026/05/19 15:02:11.729448 [DEBUG] Assert: fact added successfully, total facts=16222
2026/05/19 15:02:11.729448 [DEBUG] Query completed in 847.8799ms
2026/05/19 15:02:11.729448 [DEBUG] Assert: system_heartbeat("perception_firewall", 1779217331).
2026/05/19 15:02:11.729448 [DEBUG] Query: predicate=delegate_task returned 0 results
2026/05/19 15:02:11.729448 [DEBUG] evaluate: using cached programInfo
2026/05/19 15:02:11.729448 [DEBUG] evaluate: populating store with 16223 EDB facts
2026/05/19 15:02:11.731963 [DEBUG] evaluate: running fixpoint evaluation (derivedFactLimit=500000)
2026/05/19 15:02:11.731963 [DEBUG] evaluate: registered 10/10 external predicates (filtered by Decl)
2026/05/19 15:02:12.881665 [DEBUG] Query: predicate=delegate_task
2026/05/19 15:02:13.501041 [DEBUG] evaluate.fixpoint completed in 1.7690778s
2026/05/19 15:02:13.501041 [DEBUG] evaluate: fixpoint reached - strata=727, evalTime=1.7386975s, wallTime=1.7690778s
2026/05/19 15:02:13.501041 [DEBUG] evaluate completed in 1.7715928s
2026/05/19 15:02:13.501041 [DEBUG] evaluate: complete, kernel initialized
2026/05/19 15:02:13.501041 [DEBUG] Assert: fact added successfully, total facts=16223
2026/05/19 15:02:13.501041 [DEBUG] Query completed in 619.3761ms
2026/05/19 15:02:13.501041 [DEBUG] Query: predicate=pending_action
2026/05/19 15:02:13.501041 [DEBUG] Query: predicate=delegate_task returned 0 results
2026/05/19 15:02:13.501041 [DEBUG] Retract: no facts found for predicate=ooda_timeout (EDB unchanged at 16223 facts)
2026/05/19 15:02:13.501041 [DEBUG] Assert: system_heartbeat("executive_policy", 1779217333).
2026/05/19 15:02:13.501041 [DEBUG] Query completed in 0s
2026/05/19 15:02:13.501041 [DEBUG] Query: predicate=pending_action returned 0 results
2026/05/19 15:02:13.501041 [DEBUG] Query: predicate=user_requests_appeal
2026/05/19 15:02:13.501041 [DEBUG] LoadFacts: added 0/14 facts, EDB: 16223 -> 16223 facts
2026/05/19 15:02:13.501041 [DEBUG]   [0] project_profile("proj_d26dfcf83be", "codeNERD", "").
2026/05/19 15:02:13.501041 [DEBUG]   [1] project_language(/go).
2026/05/19 15:02:13.501041 [DEBUG]   [2] build_system(/pants).
2026/05/19 15:02:13.501041 [DEBUG]   [3] entry_point("cmd\\nerd\\cli_test.go").
2026/05/19 15:02:13.501041 [DEBUG]   [4] entry_point("cmd\\nerd\\main.go").
2026/05/19 15:02:13.501041 [DEBUG]   ... and 9 more facts
2026/05/19 15:02:13.501041 [DEBUG] LoadFacts completed in 4.9874626s
2026/05/19 15:02:13.501041 [DEBUG] Query completed in 0s
2026/05/19 15:02:13.502052 [DEBUG] Query: predicate=user_requests_appeal returned 0 results
2026/05/19 15:02:13.502052 [DEBUG] Assert: system_heartbeat("constitution_gate", 1779217333).
2026/05/19 15:02:13.502052 [DEBUG] evaluate: using cached programInfo
2026/05/19 15:02:13.502052 [DEBUG] evaluate: populating store with 16224 EDB facts
2026/05/19 15:02:13.505109 [DEBUG] evaluate: running fixpoint evaluation (derivedFactLimit=500000)
2026/05/19 15:02:13.505109 [DEBUG] evaluate: registered 10/10 external predicates (filtered by Decl)
2026/05/19 15:02:14.884721 [DEBUG] Query: predicate=delegate_task
2026/05/19 15:02:15.353496 [DEBUG] evaluate.fixpoint completed in 1.8483869s
2026/05/19 15:02:15.353496 [DEBUG] evaluate: fixpoint reached - strata=727, evalTime=1.8093372s, wallTime=1.8483869s
2026/05/19 15:02:15.353496 [DEBUG] evaluate completed in 1.8514435s
2026/05/19 15:02:15.353496 [DEBUG] evaluate: complete, kernel initialized
2026/05/19 15:02:15.353496 [DEBUG] Assert: fact added successfully, total facts=16224
2026/05/19 15:02:15.353496 [DEBUG] Assert: system_heartbeat("perception_firewall", 1779217335).
2026/05/19 15:02:15.353496 [DEBUG] Query completed in 468.7747ms
2026/05/19 15:02:15.353496 [DEBUG] Query: predicate=user_intent
2026/05/19 15:02:15.353496 [DEBUG] Query: predicate=delegate_task returned 0 results
2026/05/19 15:02:15.354048 [DEBUG] evaluate: using cached programInfo
2026/05/19 15:02:15.354048 [DEBUG] evaluate: populating store with 16225 EDB facts
2026/05/19 15:02:15.356741 [DEBUG] evaluate: running fixpoint evaluation (derivedFactLimit=500000)
2026/05/19 15:02:15.356741 [DEBUG] evaluate: registered 10/10 external predicates (filtered by Decl)
2026/05/19 15:02:16.881638 [DEBUG] Query: predicate=delegate_task
2026/05/19 15:02:17.092608 [DEBUG] evaluate.fixpoint completed in 1.735867s
2026/05/19 15:02:17.093135 [DEBUG] evaluate: fixpoint reached - strata=727, evalTime=1.7093482s, wallTime=1.735867s
2026/05/19 15:02:17.093135 [DEBUG] evaluate completed in 1.7390877s
2026/05/19 15:02:17.093135 [DEBUG] evaluate: complete, kernel initialized
2026/05/19 15:02:17.093135 [DEBUG] Assert: fact added successfully, total facts=16225
2026/05/19 15:02:17.093135 [DEBUG] Query completed in 1.7396397s
2026/05/19 15:02:17.093135 [DEBUG] Query: predicate=user_intent returned 0 results
2026/05/19 15:02:17.093135 [DEBUG] Query: predicate=active_strategy
2026/05/19 15:02:17.093135 [DEBUG] Query completed in 211.4977ms
2026/05/19 15:02:17.093135 [DEBUG] Query: predicate=delegate_task returned 0 results
2026/05/19 15:02:17.093135 [DEBUG] evaluate: using cached programInfo
2026/05/19 15:02:17.093135 [DEBUG] evaluate: populating store with 16226 EDB facts
2026/05/19 15:02:17.096804 [DEBUG] evaluate: running fixpoint evaluation (derivedFactLimit=500000)
2026/05/19 15:02:17.096804 [DEBUG] evaluate: registered 10/10 external predicates (filtered by Decl)
2026/05/19 15:02:18.703523 [DEBUG] evaluate.fixpoint completed in 1.6067188s
2026/05/19 15:02:18.703523 [DEBUG] evaluate: fixpoint reached - strata=727, evalTime=1.5793921s, wallTime=1.6067188s
2026/05/19 15:02:18.703523 [DEBUG] evaluate completed in 1.6103876s
2026/05/19 15:02:18.703523 [DEBUG] evaluate: complete, kernel initialized
2026/05/19 15:02:18.703523 [DEBUG] Assert: fact added successfully, total facts=16226
2026/05/19 15:02:18.703523 [DEBUG] Query: predicate=pending_action
2026/05/19 15:02:18.703523 [DEBUG] Query completed in 1.6103876s
2026/05/19 15:02:18.704068 [DEBUG] Query: predicate=active_strategy returned 0 results
2026/05/19 15:02:18.704068 [DEBUG] Query: predicate=block_commit
2026/05/19 15:02:18.704068 [DEBUG] evaluate: using cached programInfo
2026/05/19 15:02:18.704068 [DEBUG] evaluate: populating store with 16227 EDB facts
2026/05/19 15:02:18.707953 [DEBUG] evaluate: running fixpoint evaluation (derivedFactLimit=500000)
2026/05/19 15:02:18.707953 [DEBUG] evaluate: registered 10/10 external predicates (filtered by Decl)
2026/05/19 15:02:18.881717 [DEBUG] Query: predicate=delegate_task
2026/05/19 15:02:20.136067 [DEBUG] evaluate.fixpoint completed in 1.4271176s
2026/05/19 15:02:20.136067 [DEBUG] evaluate: fixpoint reached - strata=727, evalTime=1.3988658s, wallTime=1.4271176s
2026/05/19 15:02:20.136067 [DEBUG] evaluate completed in 1.4319987s
2026/05/19 15:02:20.136067 [DEBUG] evaluate: complete, kernel initialized
2026/05/19 15:02:20.136067 [DEBUG] Assert: fact added successfully, total facts=16227
2026/05/19 15:02:20.136067 [DEBUG] Assert: system_heartbeat("perception_firewall", 1779217340).
2026/05/19 15:02:20.136067 [DEBUG] Query completed in 1.2543506s
2026/05/19 15:02:20.136067 [DEBUG] Query: predicate=delegate_task returned 0 results
2026/05/19 15:02:20.136067 [DEBUG] Query completed in 1.4325443s
2026/05/19 15:02:20.136067 [DEBUG] Query completed in 1.4319987s
2026/05/19 15:02:20.136067 [DEBUG] Query: predicate=block_commit returned 0 results
2026/05/19 15:02:20.136067 [DEBUG] Query: predicate=block_action
2026/05/19 15:02:20.136067 [DEBUG] Query: predicate=pending_action returned 0 results
2026/05/19 15:02:20.136067 [DEBUG] Query: predicate=user_requests_appeal
2026/05/19 15:02:20.136067 [DEBUG] evaluate: using cached programInfo
2026/05/19 15:02:20.136067 [DEBUG] evaluate: populating store with 16228 EDB facts
2026/05/19 15:02:20.142652 [DEBUG] evaluate: running fixpoint evaluation (derivedFactLimit=500000)
2026/05/19 15:02:20.142652 [DEBUG] evaluate: registered 10/10 external predicates (filtered by Decl)
2026/05/19 15:02:20.881388 [DEBUG] Query: predicate=delegate_task
2026/05/19 15:02:21.524127 [DEBUG] evaluate.fixpoint completed in 1.3814744s
2026/05/19 15:02:21.524127 [DEBUG] evaluate: fixpoint reached - strata=727, evalTime=1.3546782s, wallTime=1.3814744s
2026/05/19 15:02:21.524127 [DEBUG] evaluate completed in 1.3880595s
2026/05/19 15:02:21.524127 [DEBUG] evaluate: complete, kernel initialized
2026/05/19 15:02:21.524127 [DEBUG] Assert: fact added successfully, total facts=16228
2026/05/19 15:02:21.524127 [DEBUG] Assert: system_heartbeat("perception_firewall", 1779217341).
2026/05/19 15:02:21.524127 [DEBUG] Query completed in 642.7384ms
2026/05/19 15:02:21.524127 [DEBUG] Query: predicate=delegate_task returned 0 results
2026/05/19 15:02:21.524127 [DEBUG] Query completed in 1.3880595s
2026/05/19 15:02:21.524127 [DEBUG] Query completed in 1.3880595s
2026/05/19 15:02:21.524127 [DEBUG] Query: predicate=user_requests_appeal returned 0 results
2026/05/19 15:02:21.524127 [DEBUG] Assert: system_heartbeat("constitution_gate", 1779217341).
2026/05/19 15:02:21.524127 [DEBUG] Query: predicate=block_action returned 0 results
2026/05/19 15:02:21.524127 [DEBUG] Query: predicate=executive_blocked
2026/05/19 15:02:21.524127 [DEBUG] evaluate: using cached programInfo
2026/05/19 15:02:21.524127 [DEBUG] evaluate: populating store with 16229 EDB facts
2026/05/19 15:02:21.526649 [DEBUG] evaluate: running fixpoint evaluation (derivedFactLimit=500000)
2026/05/19 15:02:21.526649 [DEBUG] evaluate: registered 10/10 external predicates (filtered by Decl)
2026/05/19 15:02:22.881854 [DEBUG] Query: predicate=delegate_task
2026/05/19 15:02:22.883952 [DEBUG] evaluate.fixpoint completed in 1.3573029s
2026/05/19 15:02:22.883952 [DEBUG] evaluate: fixpoint reached - strata=727, evalTime=1.3276531s, wallTime=1.3573029s
2026/05/19 15:02:22.883952 [DEBUG] evaluate completed in 1.3598252s
2026/05/19 15:02:22.883952 [DEBUG] evaluate: complete, kernel initialized
2026/05/19 15:02:22.883952 [DEBUG] Assert: fact added successfully, total facts=16229
2026/05/19 15:02:22.883952 [DEBUG] Assert: system_heartbeat("perception_firewall", 1779217342).
2026/05/19 15:02:22.883952 [DEBUG] Query completed in 2.0976ms
2026/05/19 15:02:22.883952 [DEBUG] Query completed in 1.3598252s
2026/05/19 15:02:22.883952 [DEBUG] Query: predicate=delegate_task returned 0 results
2026/05/19 15:02:22.883952 [DEBUG] Query: predicate=executive_blocked returned 0 results
2026/05/19 15:02:22.883952 [DEBUG] Query: predicate=test_state_blocking
2026/05/19 15:02:22.883952 [DEBUG] evaluate: using cached programInfo
2026/05/19 15:02:22.883952 [DEBUG] evaluate: populating store with 16230 EDB facts
2026/05/19 15:02:22.887989 [DEBUG] evaluate: running fixpoint evaluation (derivedFactLimit=500000)
2026/05/19 15:02:22.887989 [DEBUG] evaluate: registered 10/10 external predicates (filtered by Decl)
2026/05/19 15:02:24.297452 [DEBUG] evaluate.fixpoint completed in 1.4094631s
2026/05/19 15:02:24.297452 [DEBUG] evaluate: fixpoint reached - strata=727, evalTime=1.3813302s, wallTime=1.4094631s
2026/05/19 15:02:24.297452 [DEBUG] evaluate completed in 1.4135001s
2026/05/19 15:02:24.297452 [DEBUG] evaluate: complete, kernel initialized
2026/05/19 15:02:24.297452 [DEBUG] Assert: fact added successfully, total facts=16230
2026/05/19 15:02:24.297452 [DEBUG] Query completed in 1.4135001s
2026/05/19 15:02:24.297452 [DEBUG] Assert: system_heartbeat("perception_firewall", 1779217344).
2026/05/19 15:02:24.297452 [DEBUG] Query: predicate=test_state_blocking returned 0 results
2026/05/19 15:02:24.297452 [DEBUG] Query: predicate=next_action
2026/05/19 15:02:24.297452 [DEBUG] evaluate: using cached programInfo
2026/05/19 15:02:24.297452 [DEBUG] evaluate: populating store with 16231 EDB facts
2026/05/19 15:02:24.300028 [DEBUG] evaluate: running fixpoint evaluation (derivedFactLimit=500000)
2026/05/19 15:02:24.300028 [DEBUG] evaluate: registered 10/10 external predicates (filtered by Decl)
2026/05/19 15:02:24.881536 [DEBUG] Query: predicate=delegate_task
2026/05/19 15:02:25.715916 [DEBUG] evaluate.fixpoint completed in 1.4158886s
2026/05/19 15:02:25.715916 [DEBUG] evaluate: fixpoint reached - strata=727, evalTime=1.3780501s, wallTime=1.4158886s
2026/05/19 15:02:25.715916 [DEBUG] evaluate completed in 1.4184643s
2026/05/19 15:02:25.715916 [DEBUG] evaluate: complete, kernel initialized
2026/05/19 15:02:25.715916 [DEBUG] Assert: fact added successfully, total facts=16231
2026/05/19 15:02:25.715916 [DEBUG] Query: predicate=pending_action
2026/05/19 15:02:25.716461 [DEBUG] Query completed in 545.1µs
2026/05/19 15:02:25.716461 [DEBUG] Query: predicate=pending_action returned 0 results
2026/05/19 15:02:25.716461 [DEBUG] Query completed in 1.4190094s
2026/05/19 15:02:25.716461 [DEBUG] Query: predicate=user_requests_appeal
2026/05/19 15:02:25.716461 [DEBUG] Query: predicate=next_action returned 0 results
2026/05/19 15:02:25.716461 [DEBUG] Query: predicate=tdd_next_action
2026/05/19 15:02:25.716461 [DEBUG] Query completed in 834.9254ms
2026/05/19 15:02:25.716461 [DEBUG] Query: predicate=delegate_task returned 0 results
2026/05/19 15:02:25.716461 [DEBUG] evaluate: using cached programInfo
2026/05/19 15:02:25.716461 [DEBUG] evaluate: populating store with 16232 EDB facts
2026/05/19 15:02:25.720727 [DEBUG] evaluate: running fixpoint evaluation (derivedFactLimit=500000)
2026/05/19 15:02:25.720727 [DEBUG] evaluate: registered 10/10 external predicates (filtered by Decl)
2026/05/19 15:02:26.881666 [DEBUG] Query: predicate=delegate_task
2026/05/19 15:02:27.275156 [DEBUG] evaluate.fixpoint completed in 1.5544288s
2026/05/19 15:02:27.275156 [DEBUG] evaluate: fixpoint reached - strata=727, evalTime=1.5241994s, wallTime=1.5544288s
2026/05/19 15:02:27.275156 [DEBUG] evaluate completed in 1.5586947s
2026/05/19 15:02:27.275156 [DEBUG] evaluate: complete, kernel initialized
2026/05/19 15:02:27.275156 [DEBUG] Assert: fact added successfully, total facts=16232
2026/05/19 15:02:27.275156 [DEBUG] Assert: system_heartbeat("perception_firewall", 1779217347).
2026/05/19 15:02:27.275156 [DEBUG] Query completed in 393.4905ms
2026/05/19 15:02:27.275616 [DEBUG] Query completed in 1.5586947s
2026/05/19 15:02:27.275616 [DEBUG] Query completed in 1.5591546s
2026/05/19 15:02:27.275616 [DEBUG] Query: predicate=delegate_task returned 0 results
2026/05/19 15:02:27.275616 [DEBUG] Query: predicate=user_requests_appeal returned 0 results
2026/05/19 15:02:27.275616 [DEBUG] Assert: system_heartbeat("constitution_gate", 1779217347).
2026/05/19 15:02:27.275616 [DEBUG] Query: predicate=tdd_next_action returned 0 results
2026/05/19 15:02:27.276121 [DEBUG] Query: predicate=campaign_next_action
2026/05/19 15:02:27.276121 [DEBUG] evaluate: using cached programInfo
2026/05/19 15:02:27.276121 [DEBUG] evaluate: populating store with 16233 EDB facts
2026/05/19 15:02:27.282330 [DEBUG] evaluate: running fixpoint evaluation (derivedFactLimit=500000)
2026/05/19 15:02:27.282330 [DEBUG] evaluate: registered 10/10 external predicates (filtered by Decl)
2026/05/19 15:02:28.639379 [DEBUG] evaluate.fixpoint completed in 1.3570489s
2026/05/19 15:02:28.639379 [DEBUG] evaluate: fixpoint reached - strata=727, evalTime=1.3299696s, wallTime=1.3570489s
2026/05/19 15:02:28.639379 [DEBUG] evaluate completed in 1.3632579s
2026/05/19 15:02:28.639379 [DEBUG] evaluate: complete, kernel initialized
2026/05/19 15:02:28.639379 [DEBUG] Assert: fact added successfully, total facts=16233
2026/05/19 15:02:28.639379 [DEBUG] Assert: system_heartbeat("perception_firewall", 1779217348).
2026/05/19 15:02:28.639379 [DEBUG] Query completed in 1.3632579s
2026/05/19 15:02:28.639379 [DEBUG] Query: predicate=campaign_next_action returned 0 results
2026/05/19 15:02:28.639379 [DEBUG] Query: predicate=repair_next_action
2026/05/19 15:02:28.639379 [DEBUG] evaluate: using cached programInfo
2026/05/19 15:02:28.639379 [DEBUG] evaluate: populating store with 16234 EDB facts
2026/05/19 15:02:28.648390 [DEBUG] evaluate: running fixpoint evaluation (derivedFactLimit=500000)
2026/05/19 15:02:28.648390 [DEBUG] evaluate: registered 10/10 external predicates (filtered by Decl)
2026/05/19 15:02:28.881410 [DEBUG] Query: predicate=delegate_task
2026/05/19 15:02:29.977476 [DEBUG] evaluate.fixpoint completed in 1.3290853s
2026/05/19 15:02:29.977476 [DEBUG] evaluate: fixpoint reached - strata=727, evalTime=1.2993812s, wallTime=1.3290853s
2026/05/19 15:02:29.977476 [DEBUG] evaluate completed in 1.3380969s
2026/05/19 15:02:29.977476 [DEBUG] evaluate: complete, kernel initialized
2026/05/19 15:02:29.977980 [DEBUG] Assert: fact added successfully, total facts=16234
2026/05/19 15:02:29.977980 [DEBUG] Query completed in 1.3386009s
2026/05/19 15:02:29.977980 [DEBUG] Query: predicate=repair_next_action returned 0 results
2026/05/19 15:02:29.977980 [DEBUG] Query: predicate=delegate_task
2026/05/19 15:02:29.977980 [DEBUG] Assert: system_heartbeat("perception_firewall", 1779217349).
2026/05/19 15:02:29.977980 [DEBUG] Query completed in 1.0965695s
2026/05/19 15:02:29.977980 [DEBUG] Query: predicate=delegate_task returned 0 results
2026/05/19 15:02:29.977980 [DEBUG] evaluate: using cached programInfo
2026/05/19 15:02:29.977980 [DEBUG] evaluate: populating store with 16235 EDB facts
2026/05/19 15:02:29.980004 [DEBUG] evaluate: running fixpoint evaluation (derivedFactLimit=500000)
2026/05/19 15:02:29.980004 [DEBUG] evaluate: registered 10/10 external predicates (filtered by Decl)
2026/05/19 15:02:30.881418 [DEBUG] Query: predicate=delegate_task
2026/05/19 15:02:31.313758 [DEBUG] evaluate.fixpoint completed in 1.3337537s
2026/05/19 15:02:31.313758 [DEBUG] evaluate: fixpoint reached - strata=727, evalTime=1.305867s, wallTime=1.3337537s
2026/05/19 15:02:31.313758 [DEBUG] evaluate completed in 1.335778s
2026/05/19 15:02:31.313758 [DEBUG] evaluate: complete, kernel initialized
2026/05/19 15:02:31.313758 [DEBUG] Assert: fact added successfully, total facts=16235
2026/05/19 15:02:31.313758 [DEBUG] Query: predicate=pending_action
2026/05/19 15:02:31.313758 [DEBUG] Query completed in 0s
2026/05/19 15:02:31.313758 [DEBUG] Query: predicate=pending_action returned 0 results
2026/05/19 15:02:31.313758 [DEBUG] Query: predicate=user_requests_appeal
2026/05/19 15:02:31.313758 [DEBUG] Query completed in 1.335778s
2026/05/19 15:02:31.313758 [DEBUG] Query completed in 0s
2026/05/19 15:02:31.313758 [DEBUG] Query completed in 432.34ms
2026/05/19 15:02:31.313758 [DEBUG] Query: predicate=delegate_task returned 0 results
2026/05/19 15:02:31.313758 [DEBUG] Query: predicate=user_requests_appeal returned 0 results
2026/05/19 15:02:31.313758 [DEBUG] Query: predicate=delegate_task returned 0 results
2026/05/19 15:02:31.313758 [DEBUG] Query: predicate=user_intent
2026/05/19 15:02:31.313758 [DEBUG] Assert: system_heartbeat("constitution_gate", 1779217351).
2026/05/19 15:02:31.313758 [DEBUG] evaluate: using cached programInfo
2026/05/19 15:02:31.313758 [DEBUG] evaluate: populating store with 16236 EDB facts
2026/05/19 15:02:31.316799 [DEBUG] evaluate: running fixpoint evaluation (derivedFactLimit=500000)
2026/05/19 15:02:31.316799 [DEBUG] evaluate: registered 10/10 external predicates (filtered by Decl)
2026/05/19 15:02:32.743542 [DEBUG] evaluate.fixpoint completed in 1.4267438s
2026/05/19 15:02:32.743542 [DEBUG] evaluate: fixpoint reached - strata=727, evalTime=1.3995832s, wallTime=1.4267438s
2026/05/19 15:02:32.743542 [DEBUG] evaluate completed in 1.4297846s
2026/05/19 15:02:32.743542 [DEBUG] evaluate: complete, kernel initialized
2026/05/19 15:02:32.743542 [DEBUG] Assert: fact added successfully, total facts=16236
2026/05/19 15:02:32.743542 [DEBUG] Assert: system_heartbeat("perception_firewall", 1779217352).
2026/05/19 15:02:32.743542 [DEBUG] Query completed in 1.4297846s
2026/05/19 15:02:32.743542 [DEBUG] Query: predicate=user_intent returned 0 results
2026/05/19 15:02:32.743542 [DEBUG] Query: predicate=user_intent
2026/05/19 15:02:32.743542 [DEBUG] evaluate: using cached programInfo
2026/05/19 15:02:32.743542 [DEBUG] evaluate: populating store with 16237 EDB facts
2026/05/19 15:02:32.746178 [DEBUG] evaluate: running fixpoint evaluation (derivedFactLimit=500000)
2026/05/19 15:02:32.746178 [DEBUG] evaluate: registered 10/10 external predicates (filtered by Decl)
2026/05/19 15:02:32.881638 [DEBUG] Query: predicate=delegate_task
2026/05/19 15:02:34.238884 [DEBUG] evaluate.fixpoint completed in 1.4927064s
2026/05/19 15:02:34.238884 [DEBUG] evaluate: fixpoint reached - strata=727, evalTime=1.4638504s, wallTime=1.4927064s
2026/05/19 15:02:34.238884 [DEBUG] evaluate completed in 1.4953421s
2026/05/19 15:02:34.238884 [DEBUG] evaluate: complete, kernel initialized
2026/05/19 15:02:34.238884 [DEBUG] Assert: fact added successfully, total facts=16237
2026/05/19 15:02:34.238884 [DEBUG] Query completed in 1.4953421s
2026/05/19 15:02:34.238884 [DEBUG] Query completed in 1.3572461s
2026/05/19 15:02:34.238884 [DEBUG] Query: predicate=user_intent returned 0 results
2026/05/19 15:02:34.238884 [DEBUG] Assert: system_heartbeat("perception_firewall", 1779217354).
2026/05/19 15:02:34.238884 [DEBUG] Query: predicate=pending_intent
2026/05/19 15:02:34.238884 [DEBUG] Query: predicate=delegate_task returned 0 results
2026/05/19 15:02:34.238884 [DEBUG] evaluate: using cached programInfo
2026/05/19 15:02:34.238884 [DEBUG] evaluate: populating store with 16238 EDB facts
2026/05/19 15:02:34.242499 [DEBUG] evaluate: running fixpoint evaluation (derivedFactLimit=500000)
2026/05/19 15:02:34.242499 [DEBUG] evaluate: registered 10/10 external predicates (filtered by Decl)
2026/05/19 15:02:34.881684 [DEBUG] Query: predicate=delegate_task
2026/05/19 15:02:35.699573 [DEBUG] evaluate.fixpoint completed in 1.4570743s
2026/05/19 15:02:35.699573 [DEBUG] evaluate: fixpoint reached - strata=727, evalTime=1.4250165s, wallTime=1.4570743s
2026/05/19 15:02:35.699573 [DEBUG] evaluate completed in 1.4606886s
2026/05/19 15:02:35.699573 [DEBUG] evaluate: complete, kernel initialized
2026/05/19 15:02:35.699573 [DEBUG] Assert: fact added successfully, total facts=16238
2026/05/19 15:02:35.699573 [DEBUG] Query: predicate=pending_action
2026/05/19 15:02:35.699573 [DEBUG] Query completed in 0s
2026/05/19 15:02:35.699573 [DEBUG] Query: predicate=pending_action returned 0 results
2026/05/19 15:02:35.699573 [DEBUG] Query: predicate=user_requests_appeal
2026/05/19 15:02:35.699573 [DEBUG] Query completed in 1.4606886s
2026/05/19 15:02:35.699573 [DEBUG] Query completed in 817.8891ms
2026/05/19 15:02:35.699573 [DEBUG] Query: predicate=pending_intent returned 0 results
2026/05/19 15:02:35.699573 [DEBUG] Retract: removing all facts with predicate=ooda_timeout
2026/05/19 15:02:35.699573 [DEBUG] Query: predicate=delegate_task returned 0 results
2026/05/19 15:02:35.699573 [DEBUG] evaluate: using cached programInfo
2026/05/19 15:02:35.699573 [DEBUG] evaluate: populating store with 16239 EDB facts
2026/05/19 15:02:35.702765 [DEBUG] evaluate: running fixpoint evaluation (derivedFactLimit=500000)
2026/05/19 15:02:35.702765 [DEBUG] evaluate: registered 10/10 external predicates (filtered by Decl)
2026/05/19 15:02:36.881610 [DEBUG] Query: predicate=delegate_task
2026/05/19 15:02:37.120596 [DEBUG] evaluate.fixpoint completed in 1.4178309s
2026/05/19 15:02:37.121119 [DEBUG] evaluate: fixpoint reached - strata=727, evalTime=1.3933887s, wallTime=1.4178309s
2026/05/19 15:02:37.121119 [DEBUG] evaluate completed in 1.4215456s
2026/05/19 15:02:37.121119 [DEBUG] evaluate: complete, kernel initialized
2026/05/19 15:02:37.121119 [DEBUG] Assert: fact added successfully, total facts=16239
2026/05/19 15:02:37.121119 [DEBUG] Assert: system_heartbeat("perception_firewall", 1779217357).
2026/05/19 15:02:37.121119 [DEBUG] Query completed in 239.5085ms
2026/05/19 15:02:37.121119 [DEBUG] Query completed in 1.4215456s
2026/05/19 15:02:37.121119 [DEBUG] Query: predicate=delegate_task returned 0 results
2026/05/19 15:02:37.121119 [DEBUG] Query: predicate=user_requests_appeal returned 0 results
2026/05/19 15:02:37.121119 [DEBUG] Assert: system_heartbeat("constitution_gate", 1779217357).
2026/05/19 15:02:37.121119 [DEBUG] evaluate: using cached programInfo
2026/05/19 15:02:37.121119 [DEBUG] evaluate: populating store with 16240 EDB facts
2026/05/19 15:02:37.123831 [DEBUG] evaluate: running fixpoint evaluation (derivedFactLimit=500000)
2026/05/19 15:02:37.124369 [DEBUG] evaluate: registered 10/10 external predicates (filtered by Decl)
2026/05/19 15:02:38.530441 [DEBUG] evaluate.fixpoint completed in 1.4060723s
2026/05/19 15:02:38.530441 [DEBUG] evaluate: fixpoint reached - strata=727, evalTime=1.3810112s, wallTime=1.4060723s
2026/05/19 15:02:38.530441 [DEBUG] evaluate completed in 1.4093226s
2026/05/19 15:02:38.530441 [DEBUG] evaluate: complete, kernel initialized
2026/05/19 15:02:38.530441 [DEBUG] Assert: fact added successfully, total facts=16240
2026/05/19 15:02:38.530441 [DEBUG] Assert: system_heartbeat("perception_firewall", 1779217358).
2026/05/19 15:02:38.530441 [DEBUG] Retract: no facts found for predicate=ooda_timeout (EDB unchanged at 16240 facts)
2026/05/19 15:02:38.530441 [DEBUG] evaluate: using cached programInfo
2026/05/19 15:02:38.530441 [DEBUG] evaluate: populating store with 16241 EDB facts
2026/05/19 15:02:38.530441 [DEBUG] Assert: system_heartbeat("executive_policy", 1779217358).
2026/05/19 15:02:38.532969 [DEBUG] evaluate: running fixpoint evaluation (derivedFactLimit=500000)
2026/05/19 15:02:38.532969 [DEBUG] evaluate: registered 10/10 external predicates (filtered by Decl)
2026/05/19 15:02:38.881445 [DEBUG] Query: predicate=delegate_task
2026/05/19 15:02:39.921120 [DEBUG] evaluate.fixpoint completed in 1.3866204s
2026/05/19 15:02:39.921120 [DEBUG] evaluate: fixpoint reached - strata=727, evalTime=1.3595256s, wallTime=1.3866204s
2026/05/19 15:02:39.921120 [DEBUG] evaluate completed in 1.3906787s
2026/05/19 15:02:39.921120 [DEBUG] evaluate: complete, kernel initialized
2026/05/19 15:02:39.921120 [DEBUG] Assert: fact added successfully, total facts=16241
2026/05/19 15:02:39.921120 [DEBUG] Query completed in 1.0396753s
2026/05/19 15:02:39.921120 [DEBUG] Query: predicate=pending_action
2026/05/19 15:02:39.921120 [DEBUG] Query: predicate=delegate_task returned 0 results
2026/05/19 15:02:39.921120 [DEBUG] evaluate: using cached programInfo
2026/05/19 15:02:39.921120 [DEBUG] evaluate: populating store with 16242 EDB facts
2026/05/19 15:02:39.924187 [DEBUG] evaluate: running fixpoint evaluation (derivedFactLimit=500000)
2026/05/19 15:02:39.924187 [DEBUG] evaluate: registered 10/10 external predicates (filtered by Decl)
2026/05/19 15:02:40.881420 [DEBUG] Query: predicate=delegate_task
2026/05/19 15:02:41.261251 [DEBUG] evaluate.fixpoint completed in 1.337064s
2026/05/19 15:02:41.261251 [DEBUG] evaluate: fixpoint reached - strata=727, evalTime=1.3105853s, wallTime=1.337064s
2026/05/19 15:02:41.261251 [DEBUG] evaluate completed in 1.340131s
2026/05/19 15:02:41.261251 [DEBUG] evaluate: complete, kernel initialized
2026/05/19 15:02:41.261251 [DEBUG] Assert: fact added successfully, total facts=16242
2026/05/19 15:02:41.261251 [DEBUG] Query completed in 379.8307ms
2026/05/19 15:02:41.261251 [DEBUG] Query completed in 1.340131s
2026/05/19 15:02:41.261251 [DEBUG] Query: predicate=delegate_task returned 0 results
2026/05/19 15:02:41.261251 [DEBUG] Query: predicate=pending_action returned 0 results
2026/05/19 15:02:41.261251 [DEBUG] Assert: system_heartbeat("perception_firewall", 1779217361).
2026/05/19 15:02:41.261251 [DEBUG] Query: predicate=user_requests_appeal
2026/05/19 15:02:41.261251 [DEBUG] evaluate: using cached programInfo
2026/05/19 15:02:41.261251 [DEBUG] evaluate: populating store with 16243 EDB facts
2026/05/19 15:02:41.264806 [DEBUG] evaluate: running fixpoint evaluation (derivedFactLimit=500000)
2026/05/19 15:02:41.264806 [DEBUG] evaluate: registered 10/10 external predicates (filtered by Decl)
2026/05/19 15:02:42.651998 [DEBUG] evaluate.fixpoint completed in 1.3871925s
2026/05/19 15:02:42.651998 [DEBUG] evaluate: fixpoint reached - strata=727, evalTime=1.3541594s, wallTime=1.3871925s
2026/05/19 15:02:42.651998 [DEBUG] evaluate completed in 1.3907473s
2026/05/19 15:02:42.651998 [DEBUG] evaluate: complete, kernel initialized
2026/05/19 15:02:42.651998 [DEBUG] Assert: fact added successfully, total facts=16243
2026/05/19 15:02:42.651998 [DEBUG] Query: predicate=active_strategy
2026/05/19 15:02:42.653002 [DEBUG] Query completed in 1.0035ms
2026/05/19 15:02:42.653002 [DEBUG] Query: predicate=active_strategy returned 0 results
2026/05/19 15:02:42.653002 [DEBUG] Query: predicate=block_commit
2026/05/19 15:02:42.653002 [DEBUG] Query completed in 1.3917508s
2026/05/19 15:02:42.653002 [DEBUG] Query: predicate=user_requests_appeal returned 0 results
2026/05/19 15:02:42.653002 [DEBUG] Assert: system_heartbeat("constitution_gate", 1779217362).
2026/05/19 15:02:42.653002 [DEBUG] evaluate: using cached programInfo
2026/05/19 15:02:42.653002 [DEBUG] evaluate: populating store with 16244 EDB facts
2026/05/19 15:02:42.655619 [DEBUG] evaluate: running fixpoint evaluation (derivedFactLimit=500000)
2026/05/19 15:02:42.656166 [DEBUG] evaluate: registered 10/10 external predicates (filtered by Decl)
2026/05/19 15:02:42.881574 [DEBUG] Query: predicate=delegate_task
2026/05/19 15:02:44.133537 [DEBUG] evaluate.fixpoint completed in 1.4773706s
2026/05/19 15:02:44.133537 [DEBUG] evaluate: fixpoint reached - strata=727, evalTime=1.4385328s, wallTime=1.4773706s
2026/05/19 15:02:44.133537 [DEBUG] evaluate completed in 1.4805348s
2026/05/19 15:02:44.133537 [DEBUG] evaluate: complete, kernel initialized
2026/05/19 15:02:44.133537 [DEBUG] Assert: fact added successfully, total facts=16244
2026/05/19 15:02:44.133537 [DEBUG] Assert: system_heartbeat("perception_firewall", 1779217364).
2026/05/19 15:02:44.133537 [DEBUG] Query completed in 1.2519622s
2026/05/19 15:02:44.133537 [DEBUG] Query completed in 1.4805348s
2026/05/19 15:02:44.133537 [DEBUG] Query: predicate=delegate_task returned 0 results
2026/05/19 15:02:44.134081 [DEBUG] Query: predicate=block_commit returned 0 results
2026/05/19 15:02:44.134081 [DEBUG] Query: predicate=block_action
2026/05/19 15:02:44.134081 [DEBUG] evaluate: using cached programInfo
2026/05/19 15:02:44.134081 [DEBUG] evaluate: populating store with 16245 EDB facts
2026/05/19 15:02:44.136744 [DEBUG] evaluate: running fixpoint evaluation (derivedFactLimit=500000)
2026/05/19 15:02:44.136744 [DEBUG] evaluate: registered 10/10 external predicates (filtered by Decl)
2026/05/19 15:02:44.881814 [DEBUG] Query: predicate=delegate_task
2026/05/19 15:02:45.493075 [DEBUG] evaluate.fixpoint completed in 1.3563316s
2026/05/19 15:02:45.493075 [DEBUG] evaluate: fixpoint reached - strata=727, evalTime=1.3241262s, wallTime=1.3563316s
2026/05/19 15:02:45.493075 [DEBUG] evaluate completed in 1.3589939s
2026/05/19 15:02:45.493075 [DEBUG] evaluate: complete, kernel initialized
2026/05/19 15:02:45.493075 [DEBUG] Assert: fact added successfully, total facts=16245
2026/05/19 15:02:45.493075 [DEBUG] Query completed in 611.2612ms
2026/05/19 15:02:45.493075 [DEBUG] Query completed in 1.3589939s
2026/05/19 15:02:45.493075 [DEBUG] Assert: system_heartbeat("perception_firewall", 1779217365).
2026/05/19 15:02:45.493075 [DEBUG] Query: predicate=block_action returned 0 results
2026/05/19 15:02:45.493075 [DEBUG] Query: predicate=delegate_task returned 0 results
2026/05/19 15:02:45.493075 [DEBUG] Query: predicate=executive_blocked
2026/05/19 15:02:45.493623 [DEBUG] evaluate: using cached programInfo
2026/05/19 15:02:45.493623 [DEBUG] evaluate: populating store with 16246 EDB facts
2026/05/19 15:02:45.496890 [DEBUG] evaluate: running fixpoint evaluation (derivedFactLimit=500000)
2026/05/19 15:02:45.496890 [DEBUG] evaluate: registered 10/10 external predicates (filtered by Decl)
2026/05/19 15:02:46.842126 [DEBUG] evaluate.fixpoint completed in 1.3452358s
2026/05/19 15:02:46.842126 [DEBUG] evaluate: fixpoint reached - strata=727, evalTime=1.3195499s, wallTime=1.3452358s
2026/05/19 15:02:46.842126 [DEBUG] evaluate completed in 1.3485026s
2026/05/19 15:02:46.842126 [DEBUG] evaluate: complete, kernel initialized
2026/05/19 15:02:46.842126 [DEBUG] Assert: fact added successfully, total facts=16246
2026/05/19 15:02:46.842126 [DEBUG] Query: predicate=pending_action
2026/05/19 15:02:46.842126 [DEBUG] Query completed in 0s
2026/05/19 15:02:46.842126 [DEBUG] Query: predicate=pending_action returned 0 results
2026/05/19 15:02:46.842126 [DEBUG] Query completed in 1.3490509s
2026/05/19 15:02:46.842126 [DEBUG] Query: predicate=user_requests_appeal
2026/05/19 15:02:46.842126 [DEBUG] Query: predicate=executive_blocked returned 0 results
2026/05/19 15:02:46.842126 [DEBUG] Query: predicate=test_state_blocking
2026/05/19 15:02:46.842126 [DEBUG] evaluate: using cached programInfo
2026/05/19 15:02:46.842126 [DEBUG] evaluate: populating store with 16247 EDB facts
2026/05/19 15:02:46.849252 [DEBUG] evaluate: running fixpoint evaluation (derivedFactLimit=500000)
2026/05/19 15:02:46.849757 [DEBUG] evaluate: registered 10/10 external predicates (filtered by Decl)
2026/05/19 15:02:46.881891 [DEBUG] Query: predicate=delegate_task
2026/05/19 15:02:48.258601 [DEBUG] evaluate.fixpoint completed in 1.4088442s
2026/05/19 15:02:48.258601 [DEBUG] evaluate: fixpoint reached - strata=727, evalTime=1.3752628s, wallTime=1.4088442s
2026/05/19 15:02:48.258601 [DEBUG] evaluate completed in 1.4164752s
2026/05/19 15:02:48.258601 [DEBUG] evaluate: complete, kernel initialized
2026/05/19 15:02:48.258601 [DEBUG] Assert: fact added successfully, total facts=16247
2026/05/19 15:02:48.258601 [DEBUG] Assert: system_heartbeat("perception_firewall", 1779217368).
2026/05/19 15:02:48.258601 [DEBUG] Query completed in 1.3767104s
2026/05/19 15:02:48.258601 [DEBUG] Query completed in 1.4164752s
2026/05/19 15:02:48.258601 [DEBUG] Query completed in 1.4164752s
2026/05/19 15:02:48.258601 [DEBUG] Query: predicate=delegate_task returned 0 results
2026/05/19 15:02:48.258601 [DEBUG] Query: predicate=user_requests_appeal returned 0 results
2026/05/19 15:02:48.258601 [DEBUG] Query: predicate=test_state_blocking returned 0 results
2026/05/19 15:02:48.258601 [DEBUG] Assert: system_heartbeat("constitution_gate", 1779217368).
2026/05/19 15:02:48.258601 [DEBUG] Query: predicate=next_action
2026/05/19 15:02:48.259127 [DEBUG] evaluate: using cached programInfo
2026/05/19 15:02:48.259127 [DEBUG] evaluate: populating store with 16248 EDB facts
2026/05/19 15:02:48.261435 [DEBUG] evaluate: running fixpoint evaluation (derivedFactLimit=500000)
2026/05/19 15:02:48.261435 [DEBUG] evaluate: registered 10/10 external predicates (filtered by Decl)
2026/05/19 15:02:48.881884 [DEBUG] Query: predicate=delegate_task
2026/05/19 15:02:49.693135 [DEBUG] evaluate.fixpoint completed in 1.4316998s
2026/05/19 15:02:49.693135 [DEBUG] evaluate: fixpoint reached - strata=727, evalTime=1.4076111s, wallTime=1.4316998s
2026/05/19 15:02:49.693135 [DEBUG] evaluate completed in 1.4345336s
2026/05/19 15:02:49.693135 [DEBUG] evaluate: complete, kernel initialized
2026/05/19 15:02:49.693135 [DEBUG] Assert: fact added successfully, total facts=16248
2026/05/19 15:02:49.693135 [DEBUG] Assert: system_heartbeat("perception_firewall", 1779217369).
2026/05/19 15:02:49.693135 [DEBUG] Query completed in 811.2513ms
2026/05/19 15:02:49.693135 [DEBUG] Query completed in 1.4345336s
2026/05/19 15:02:49.693135 [DEBUG] Query: predicate=delegate_task returned 0 results
2026/05/19 15:02:49.693135 [DEBUG] Query: predicate=next_action returned 0 results
2026/05/19 15:02:49.693135 [DEBUG] Query: predicate=tdd_next_action
2026/05/19 15:02:49.693135 [DEBUG] evaluate: using cached programInfo
2026/05/19 15:02:49.693135 [DEBUG] evaluate: populating store with 16249 EDB facts
2026/05/19 15:02:49.696648 [DEBUG] evaluate: running fixpoint evaluation (derivedFactLimit=500000)
2026/05/19 15:02:49.696648 [DEBUG] evaluate: registered 10/10 external predicates (filtered by Decl)
2026/05/19 15:02:50.881491 [DEBUG] Query: predicate=delegate_task
2026/05/19 15:02:51.081218 [DEBUG] evaluate.fixpoint completed in 1.3845698s
2026/05/19 15:02:51.081218 [DEBUG] evaluate: fixpoint reached - strata=727, evalTime=1.3580987s, wallTime=1.3845698s
2026/05/19 15:02:51.081218 [DEBUG] evaluate completed in 1.388083s
2026/05/19 15:02:51.081218 [DEBUG] evaluate: complete, kernel initialized
2026/05/19 15:02:51.081218 [DEBUG] Assert: fact added successfully, total facts=16249
2026/05/19 15:02:51.081218 [DEBUG] Query completed in 1.388083s
2026/05/19 15:02:51.081218 [DEBUG] Query: predicate=tdd_next_action returned 0 results
2026/05/19 15:02:51.081218 [DEBUG] Query: predicate=campaign_next_action
2026/05/19 15:02:51.081218 [DEBUG] Assert: system_heartbeat("perception_firewall", 1779217371).
2026/05/19 15:02:51.081218 [DEBUG] Query completed in 199.7266ms
2026/05/19 15:02:51.081218 [DEBUG] Query: predicate=delegate_task returned 0 results
2026/05/19 15:02:51.081218 [DEBUG] evaluate: using cached programInfo
2026/05/19 15:02:51.081218 [DEBUG] evaluate: populating store with 16250 EDB facts
2026/05/19 15:02:51.084312 [DEBUG] evaluate: running fixpoint evaluation (derivedFactLimit=500000)
2026/05/19 15:02:51.084312 [DEBUG] evaluate: registered 10/10 external predicates (filtered by Decl)
2026/05/19 15:02:52.432591 [DEBUG] evaluate.fixpoint completed in 1.3482793s
2026/05/19 15:02:52.432591 [DEBUG] evaluate: fixpoint reached - strata=727, evalTime=1.3132532s, wallTime=1.3482793s
2026/05/19 15:02:52.432591 [DEBUG] evaluate completed in 1.3513734s
2026/05/19 15:02:52.432591 [DEBUG] evaluate: complete, kernel initialized
2026/05/19 15:02:52.432591 [DEBUG] Assert: fact added successfully, total facts=16250
2026/05/19 15:02:52.432591 [DEBUG] Query: predicate=pending_action
2026/05/19 15:02:52.432591 [DEBUG] Query completed in 0s
2026/05/19 15:02:52.432591 [DEBUG] Query: predicate=pending_action returned 0 results
2026/05/19 15:02:52.433581 [DEBUG] Query: predicate=user_requests_appeal
2026/05/19 15:02:52.433581 [DEBUG] Query completed in 1.3523636s
2026/05/19 15:02:52.433581 [DEBUG] Query: predicate=campaign_next_action returned 0 results
2026/05/19 15:02:52.433581 [DEBUG] Query: predicate=repair_next_action
2026/05/19 15:02:52.433581 [DEBUG] evaluate: using cached programInfo
2026/05/19 15:02:52.433581 [DEBUG] evaluate: populating store with 16251 EDB facts
2026/05/19 15:02:52.435723 [DEBUG] evaluate: running fixpoint evaluation (derivedFactLimit=500000)
2026/05/19 15:02:52.435723 [DEBUG] evaluate: registered 10/10 external predicates (filtered by Decl)
2026/05/19 15:02:52.881726 [DEBUG] Query: predicate=delegate_task
2026/05/19 15:02:53.797970 [DEBUG] evaluate.fixpoint completed in 1.3622465s
2026/05/19 15:02:53.797970 [DEBUG] evaluate: fixpoint reached - strata=727, evalTime=1.3334192s, wallTime=1.3622465s
2026/05/19 15:02:53.797970 [DEBUG] evaluate completed in 1.3643885s
2026/05/19 15:02:53.797970 [DEBUG] evaluate: complete, kernel initialized
2026/05/19 15:02:53.797970 [DEBUG] Assert: fact added successfully, total facts=16251
2026/05/19 15:02:53.797970 [DEBUG] Assert: system_heartbeat("perception_firewall", 1779217373).
2026/05/19 15:02:53.797970 [DEBUG] Query completed in 916.2441ms
2026/05/19 15:02:53.797970 [DEBUG] Query completed in 1.3643885s
2026/05/19 15:02:53.797970 [DEBUG] Query: predicate=delegate_task returned 0 results
2026/05/19 15:02:53.797970 [DEBUG] Query: predicate=user_requests_appeal returned 0 results
2026/05/19 15:02:53.797970 [DEBUG] Query completed in 1.3643885s
2026/05/19 15:02:53.797970 [DEBUG] Assert: system_heartbeat("constitution_gate", 1779217373).
2026/05/19 15:02:53.797970 [DEBUG] Query: predicate=repair_next_action returned 0 results
2026/05/19 15:02:53.797970 [DEBUG] Query: predicate=delegate_task
2026/05/19 15:02:53.797970 [DEBUG] evaluate: using cached programInfo
2026/05/19 15:02:53.797970 [DEBUG] evaluate: populating store with 16252 EDB facts
2026/05/19 15:02:53.801502 [DEBUG] evaluate: running fixpoint evaluation (derivedFactLimit=500000)
2026/05/19 15:02:53.801502 [DEBUG] evaluate: registered 10/10 external predicates (filtered by Decl)
2026/05/19 15:02:54.881655 [DEBUG] Query: predicate=delegate_task
2026/05/19 15:02:55.162229 [DEBUG] evaluate.fixpoint completed in 1.3607271s
2026/05/19 15:02:55.162229 [DEBUG] evaluate: fixpoint reached - strata=727, evalTime=1.3344852s, wallTime=1.3607271s
2026/05/19 15:02:55.162229 [DEBUG] evaluate completed in 1.3642591s
2026/05/19 15:02:55.162229 [DEBUG] evaluate: complete, kernel initialized
2026/05/19 15:02:55.162229 [DEBUG] Assert: fact added successfully, total facts=16252
2026/05/19 15:02:55.162229 [DEBUG] Assert: system_heartbeat("perception_firewall", 1779217375).
2026/05/19 15:02:55.162229 [DEBUG] Query completed in 280.5737ms
2026/05/19 15:02:55.162229 [DEBUG] Query completed in 1.3642591s
2026/05/19 15:02:55.162229 [DEBUG] Query: predicate=delegate_task returned 0 results
2026/05/19 15:02:55.162229 [DEBUG] Query: predicate=delegate_task returned 0 results
2026/05/19 15:02:55.162229 [DEBUG] Query: predicate=user_intent
2026/05/19 15:02:55.163235 [DEBUG] evaluate: using cached programInfo
2026/05/19 15:02:55.163235 [DEBUG] evaluate: populating store with 16253 EDB facts
2026/05/19 15:02:55.164748 [DEBUG] evaluate: running fixpoint evaluation (derivedFactLimit=500000)
2026/05/19 15:02:55.166310 [DEBUG] evaluate: registered 10/10 external predicates (filtered by Decl)
2026/05/19 15:02:56.521837 [DEBUG] evaluate.fixpoint completed in 1.3555271s
2026/05/19 15:02:56.521837 [DEBUG] evaluate: fixpoint reached - strata=727, evalTime=1.3264434s, wallTime=1.3555271s
2026/05/19 15:02:56.521837 [DEBUG] evaluate completed in 1.3586016s
2026/05/19 15:02:56.521837 [DEBUG] evaluate: complete, kernel initialized
2026/05/19 15:02:56.521837 [DEBUG] Assert: fact added successfully, total facts=16253
2026/05/19 15:02:56.521837 [DEBUG] Query completed in 1.3596077s
2026/05/19 15:02:56.521837 [DEBUG] Assert: system_heartbeat("perception_firewall", 1779217376).
2026/05/19 15:02:56.521837 [DEBUG] Query: predicate=user_intent returned 0 results
2026/05/19 15:02:56.521837 [DEBUG] Query: predicate=user_intent
2026/05/19 15:02:56.521837 [DEBUG] evaluate: using cached programInfo
2026/05/19 15:02:56.521837 [DEBUG] evaluate: populating store with 16254 EDB facts
2026/05/19 15:02:56.526598 [DEBUG] evaluate: running fixpoint evaluation (derivedFactLimit=500000)
2026/05/19 15:02:56.526598 [DEBUG] evaluate: registered 10/10 external predicates (filtered by Decl)
2026/05/19 15:02:56.881490 [DEBUG] Query: predicate=delegate_task
2026/05/19 15:02:57.915971 [DEBUG] evaluate.fixpoint completed in 1.3893735s
2026/05/19 15:02:57.915971 [DEBUG] evaluate: fixpoint reached - strata=727, evalTime=1.3628862s, wallTime=1.3893735s
2026/05/19 15:02:57.915971 [DEBUG] evaluate completed in 1.3941344s
2026/05/19 15:02:57.915971 [DEBUG] evaluate: complete, kernel initialized
2026/05/19 15:02:57.915971 [DEBUG] Assert: fact added successfully, total facts=16254
2026/05/19 15:02:57.915971 [DEBUG] Query: predicate=pending_action
2026/05/19 15:02:57.915971 [DEBUG] Query completed in 0s
2026/05/19 15:02:57.915971 [DEBUG] Query completed in 1.3941344s
2026/05/19 15:02:57.915971 [DEBUG] Query: predicate=pending_action returned 0 results
2026/05/19 15:02:57.915971 [DEBUG] Query completed in 1.0344812s
2026/05/19 15:02:57.915971 [DEBUG] Query: predicate=user_intent returned 0 results
2026/05/19 15:02:57.915971 [DEBUG] Query: predicate=pending_intent
2026/05/19 15:02:57.915971 [DEBUG] Query: predicate=user_requests_appeal
2026/05/19 15:02:57.916559 [DEBUG] Query: predicate=delegate_task returned 0 results
2026/05/19 15:02:57.916559 [DEBUG] evaluate: using cached programInfo
2026/05/19 15:02:57.916559 [DEBUG] evaluate: populating store with 16255 EDB facts
2026/05/19 15:02:57.919212 [DEBUG] evaluate: running fixpoint evaluation (derivedFactLimit=500000)
2026/05/19 15:02:57.919212 [DEBUG] evaluate: registered 10/10 external predicates (filtered by Decl)
2026/05/19 15:02:58.881761 [DEBUG] Query: predicate=delegate_task
2026/05/19 15:02:59.262985 [DEBUG] evaluate.fixpoint completed in 1.343773s
2026/05/19 15:02:59.262985 [DEBUG] evaluate: fixpoint reached - strata=727, evalTime=1.3129593s, wallTime=1.343773s
2026/05/19 15:02:59.262985 [DEBUG] evaluate completed in 1.3464266s
2026/05/19 15:02:59.262985 [DEBUG] evaluate: complete, kernel initialized
2026/05/19 15:02:59.262985 [DEBUG] Assert: fact added successfully, total facts=16255
2026/05/19 15:02:59.262985 [DEBUG] Assert: system_heartbeat("perception_firewall", 1779217379).
2026/05/19 15:02:59.262985 [DEBUG] Query completed in 381.2246ms
2026/05/19 15:02:59.262985 [DEBUG] Query completed in 1.347014s
2026/05/19 15:02:59.262985 [DEBUG] Query completed in 1.347014s
2026/05/19 15:02:59.262985 [DEBUG] Query: predicate=pending_intent returned 0 results
2026/05/19 15:02:59.262985 [DEBUG] Query: predicate=delegate_task returned 0 results
2026/05/19 15:02:59.262985 [DEBUG] Retract: removing all facts with predicate=ooda_timeout
2026/05/19 15:02:59.262985 [DEBUG] Query: predicate=user_requests_appeal returned 0 results
2026/05/19 15:02:59.262985 [DEBUG] Assert: system_heartbeat("constitution_gate", 1779217379).
2026/05/19 15:02:59.262985 [DEBUG] evaluate: using cached programInfo
2026/05/19 15:02:59.262985 [DEBUG] evaluate: populating store with 16256 EDB facts
2026/05/19 15:02:59.265992 [DEBUG] evaluate: running fixpoint evaluation (derivedFactLimit=500000)
2026/05/19 15:02:59.265992 [DEBUG] evaluate: registered 10/10 external predicates (filtered by Decl)
2026/05/19 15:03:00.595971 [DEBUG] evaluate.fixpoint completed in 1.329979s
2026/05/19 15:03:00.595971 [DEBUG] evaluate: fixpoint reached - strata=727, evalTime=1.3037885s, wallTime=1.329979s
2026/05/19 15:03:00.595971 [DEBUG] evaluate completed in 1.3329859s
2026/05/19 15:03:00.595971 [DEBUG] evaluate: complete, kernel initialized
2026/05/19 15:03:00.595971 [DEBUG] Assert: fact added successfully, total facts=16256
2026/05/19 15:03:00.595971 [DEBUG] Assert: system_heartbeat("perception_firewall", 1779217380).
2026/05/19 15:03:00.596477 [DEBUG] Retract: no facts found for predicate=ooda_timeout (EDB unchanged at 16256 facts)
2026/05/19 15:03:00.596477 [DEBUG] Assert: system_heartbeat("executive_policy", 1779217380).
2026/05/19 15:03:00.596477 [DEBUG] evaluate: using cached programInfo
2026/05/19 15:03:00.596477 [DEBUG] evaluate: populating store with 16257 EDB facts
2026/05/19 15:03:00.599006 [DEBUG] evaluate: running fixpoint evaluation (derivedFactLimit=500000)
2026/05/19 15:03:00.599006 [DEBUG] evaluate: registered 10/10 external predicates (filtered by Decl)
2026/05/19 15:03:00.881733 [DEBUG] Query: predicate=delegate_task
2026/05/19 15:03:01.900683 [DEBUG] evaluate.fixpoint completed in 1.3016775s
2026/05/19 15:03:01.900683 [DEBUG] evaluate: fixpoint reached - strata=727, evalTime=1.2724256s, wallTime=1.3016775s
2026/05/19 15:03:01.900683 [DEBUG] evaluate completed in 1.304206s
2026/05/19 15:03:01.900683 [DEBUG] evaluate: complete, kernel initialized
2026/05/19 15:03:01.900683 [DEBUG] Assert: fact added successfully, total facts=16257
2026/05/19 15:03:01.900683 [DEBUG] Query: predicate=pending_action
2026/05/19 15:03:01.900683 [DEBUG] Query completed in 0s
2026/05/19 15:03:01.900683 [DEBUG] Query: predicate=pending_action returned 0 results
2026/05/19 15:03:01.900683 [DEBUG] Query: predicate=user_requests_appeal
2026/05/19 15:03:01.900683 [DEBUG] Query completed in 1.0189498s
2026/05/19 15:03:01.901683 [DEBUG] Query: predicate=delegate_task returned 0 results
2026/05/19 15:03:01.901683 [DEBUG] evaluate: using cached programInfo
2026/05/19 15:03:01.901683 [DEBUG] evaluate: populating store with 16258 EDB facts
2026/05/19 15:03:01.904196 [DEBUG] evaluate: running fixpoint evaluation (derivedFactLimit=500000)
2026/05/19 15:03:01.905208 [DEBUG] evaluate: registered 10/10 external predicates (filtered by Decl)
2026/05/19 15:03:02.881489 [DEBUG] Query: predicate=delegate_task
2026/05/19 15:03:03.220538 [DEBUG] evaluate.fixpoint completed in 1.3153291s
2026/05/19 15:03:03.221064 [DEBUG] evaluate: fixpoint reached - strata=727, evalTime=1.2905824s, wallTime=1.3153291s
2026/05/19 15:03:03.221064 [DEBUG] evaluate completed in 1.3193803s
2026/05/19 15:03:03.221064 [DEBUG] evaluate: complete, kernel initialized
2026/05/19 15:03:03.221064 [DEBUG] Assert: fact added successfully, total facts=16258
2026/05/19 15:03:03.221064 [DEBUG] Assert: system_heartbeat("perception_firewall", 1779217383).
2026/05/19 15:03:03.221064 [DEBUG] Query completed in 1.3203804s
2026/05/19 15:03:03.221064 [DEBUG] Query completed in 339.5745ms
2026/05/19 15:03:03.221064 [DEBUG] Query: predicate=user_requests_appeal returned 0 results
2026/05/19 15:03:03.221064 [DEBUG] Query: predicate=delegate_task returned 0 results
2026/05/19 15:03:03.221064 [DEBUG] Assert: system_heartbeat("constitution_gate", 1779217383).
2026/05/19 15:03:03.221064 [DEBUG] evaluate: using cached programInfo
2026/05/19 15:03:03.221064 [DEBUG] evaluate: populating store with 16259 EDB facts
2026/05/19 15:03:03.224971 [DEBUG] evaluate: running fixpoint evaluation (derivedFactLimit=500000)
2026/05/19 15:03:03.224971 [DEBUG] evaluate: registered 10/10 external predicates (filtered by Decl)
2026/05/19 15:03:04.597542 [DEBUG] evaluate.fixpoint completed in 1.3725708s
2026/05/19 15:03:04.597542 [DEBUG] evaluate: fixpoint reached - strata=727, evalTime=1.3439687s, wallTime=1.3725708s
2026/05/19 15:03:04.597542 [DEBUG] evaluate completed in 1.3764785s
2026/05/19 15:03:04.597542 [DEBUG] evaluate: complete, kernel initialized
2026/05/19 15:03:04.597542 [DEBUG] Assert: fact added successfully, total facts=16259
2026/05/19 15:03:04.597542 [DEBUG] evaluate: using cached programInfo
2026/05/19 15:03:04.597542 [DEBUG] evaluate: populating store with 16260 EDB facts
2026/05/19 15:03:04.597542 [DEBUG] Assert: system_heartbeat("perception_firewall", 1779217384).
2026/05/19 15:03:04.601469 [DEBUG] evaluate: running fixpoint evaluation (derivedFactLimit=500000)
2026/05/19 15:03:04.601469 [DEBUG] evaluate: registered 10/10 external predicates (filtered by Decl)
2026/05/19 15:03:04.881587 [DEBUG] Query: predicate=delegate_task
2026/05/19 15:03:05.927039 [DEBUG] evaluate.fixpoint completed in 1.3255699s
2026/05/19 15:03:05.927039 [DEBUG] evaluate: fixpoint reached - strata=727, evalTime=1.2996591s, wallTime=1.3255699s
2026/05/19 15:03:05.927039 [DEBUG] evaluate completed in 1.3294971s
2026/05/19 15:03:05.927039 [DEBUG] evaluate: complete, kernel initialized
2026/05/19 15:03:05.927039 [DEBUG] Assert: fact added successfully, total facts=16260
2026/05/19 15:03:05.927039 [DEBUG] Query completed in 1.0454527s
2026/05/19 15:03:05.927039 [DEBUG] Query: predicate=active_strategy
2026/05/19 15:03:05.927039 [DEBUG] Query: predicate=delegate_task returned 0 results
2026/05/19 15:03:05.928299 [DEBUG] evaluate: using cached programInfo
2026/05/19 15:03:05.928299 [DEBUG] evaluate: populating store with 16261 EDB facts
2026/05/19 15:03:05.931344 [DEBUG] evaluate: running fixpoint evaluation (derivedFactLimit=500000)
2026/05/19 15:03:05.931344 [DEBUG] evaluate: registered 10/10 external predicates (filtered by Decl)
2026/05/19 15:03:06.881671 [DEBUG] Query: predicate=delegate_task
2026/05/19 15:03:07.494330 [DEBUG] evaluate.fixpoint completed in 1.5629863s
2026/05/19 15:03:07.494330 [DEBUG] evaluate: fixpoint reached - strata=727, evalTime=1.5171906s, wallTime=1.5629863s
2026/05/19 15:03:07.494330 [DEBUG] evaluate completed in 1.5660312s
2026/05/19 15:03:07.494330 [DEBUG] evaluate: complete, kernel initialized
2026/05/19 15:03:07.494330 [DEBUG] Assert: fact added successfully, total facts=16261
2026/05/19 15:03:07.494330 [DEBUG] Query completed in 1.567291s
2026/05/19 15:03:07.494330 [DEBUG] Query: predicate=pending_action
2026/05/19 15:03:07.494330 [DEBUG] Query completed in 612.6592ms
2026/05/19 15:03:07.494330 [DEBUG] Query: predicate=active_strategy returned 0 results
2026/05/19 15:03:07.494330 [DEBUG] Query: predicate=block_commit
2026/05/19 15:03:07.494330 [DEBUG] Query: predicate=delegate_task returned 0 results
2026/05/19 15:03:07.494330 [DEBUG] evaluate: using cached programInfo
2026/05/19 15:03:07.494330 [DEBUG] evaluate: populating store with 16262 EDB facts
2026/05/19 15:03:07.497906 [DEBUG] evaluate: running fixpoint evaluation (derivedFactLimit=500000)
2026/05/19 15:03:07.497906 [DEBUG] evaluate: registered 10/10 external predicates (filtered by Decl)
2026/05/19 15:03:08.881601 [DEBUG] Query: predicate=delegate_task
2026/05/19 15:03:09.047312 [DEBUG] evaluate.fixpoint completed in 1.5494065s
2026/05/19 15:03:09.047312 [DEBUG] evaluate: fixpoint reached - strata=727, evalTime=1.5182005s, wallTime=1.5494065s
2026/05/19 15:03:09.047312 [DEBUG] evaluate completed in 1.5529819s
2026/05/19 15:03:09.047312 [DEBUG] evaluate: complete, kernel initialized
2026/05/19 15:03:09.047312 [DEBUG] Assert: fact added successfully, total facts=16262
2026/05/19 15:03:09.047312 [DEBUG] Assert: system_heartbeat("perception_firewall", 1779217389).
2026/05/19 15:03:09.047312 [DEBUG] Query completed in 165.7113ms
2026/05/19 15:03:09.047312 [DEBUG] Query completed in 1.5529819s
2026/05/19 15:03:09.047312 [DEBUG] Query completed in 1.5529819s
2026/05/19 15:03:09.047312 [DEBUG] Query: predicate=delegate_task returned 0 results
2026/05/19 15:03:09.047312 [DEBUG] Query: predicate=pending_action returned 0 results
2026/05/19 15:03:09.047312 [DEBUG] Query: predicate=block_commit returned 0 results
2026/05/19 15:03:09.047312 [DEBUG] Query: predicate=block_action
2026/05/19 15:03:09.047312 [DEBUG] Query: predicate=user_requests_appeal
2026/05/19 15:03:09.047312 [DEBUG] evaluate: using cached programInfo
2026/05/19 15:03:09.047312 [DEBUG] evaluate: populating store with 16263 EDB facts
2026/05/19 15:03:09.050896 [DEBUG] evaluate: running fixpoint evaluation (derivedFactLimit=500000)
2026/05/19 15:03:09.050896 [DEBUG] evaluate: registered 10/10 external predicates (filtered by Decl)
2026/05/19 15:03:10.569395 [DEBUG] evaluate.fixpoint completed in 1.5184992s
2026/05/19 15:03:10.569395 [DEBUG] evaluate: fixpoint reached - strata=727, evalTime=1.487005s, wallTime=1.5184992s
2026/05/19 15:03:10.569395 [DEBUG] evaluate completed in 1.5220826s
2026/05/19 15:03:10.569395 [DEBUG] evaluate: complete, kernel initialized
2026/05/19 15:03:10.569395 [DEBUG] Assert: fact added successfully, total facts=16263
2026/05/19 15:03:10.569395 [DEBUG] Assert: system_heartbeat("perception_firewall", 1779217390).
2026/05/19 15:03:10.569395 [DEBUG] Query completed in 1.5220826s
2026/05/19 15:03:10.569395 [DEBUG] Query completed in 1.5220826s
2026/05/19 15:03:10.569395 [DEBUG] Query: predicate=user_requests_appeal returned 0 results
2026/05/19 15:03:10.569395 [DEBUG] Query: predicate=block_action returned 0 results
2026/05/19 15:03:10.569395 [DEBUG] Query: predicate=executive_blocked
2026/05/19 15:03:10.569395 [DEBUG] Assert: system_heartbeat("constitution_gate", 1779217390).
2026/05/19 15:03:10.569395 [DEBUG] evaluate: using cached programInfo
2026/05/19 15:03:10.569395 [DEBUG] evaluate: populating store with 16264 EDB facts
2026/05/19 15:03:10.573542 [DEBUG] evaluate: running fixpoint evaluation (derivedFactLimit=500000)
2026/05/19 15:03:10.573542 [DEBUG] evaluate: registered 10/10 external predicates (filtered by Decl)
2026/05/19 15:03:10.882252 [DEBUG] Query: predicate=delegate_task
2026/05/19 15:03:12.068811 [DEBUG] evaluate.fixpoint completed in 1.4952689s
2026/05/19 15:03:12.068811 [DEBUG] evaluate: fixpoint reached - strata=727, evalTime=1.4667178s, wallTime=1.4952689s
2026/05/19 15:03:12.068811 [DEBUG] evaluate completed in 1.4994166s
2026/05/19 15:03:12.068811 [DEBUG] evaluate: complete, kernel initialized
2026/05/19 15:03:12.068811 [DEBUG] Assert: fact added successfully, total facts=16264
2026/05/19 15:03:12.068811 [DEBUG] Assert: system_heartbeat("perception_firewall", 1779217392).
2026/05/19 15:03:12.068811 [DEBUG] Query completed in 1.4994166s
2026/05/19 15:03:12.068811 [DEBUG] Query: predicate=executive_blocked returned 0 results
2026/05/19 15:03:12.068811 [DEBUG] Query completed in 1.1865591s
2026/05/19 15:03:12.068811 [DEBUG] Query: predicate=test_state_blocking
2026/05/19 15:03:12.068811 [DEBUG] Query: predicate=delegate_task returned 0 results
2026/05/19 15:03:12.068811 [DEBUG] evaluate: using cached programInfo
2026/05/19 15:03:12.068811 [DEBUG] evaluate: populating store with 16265 EDB facts
2026/05/19 15:03:12.071939 [DEBUG] evaluate: running fixpoint evaluation (derivedFactLimit=500000)
2026/05/19 15:03:12.071939 [DEBUG] evaluate: registered 10/10 external predicates (filtered by Decl)
2026/05/19 15:03:12.881523 [DEBUG] Query: predicate=delegate_task
2026/05/19 15:03:13.632523 [DEBUG] evaluate.fixpoint completed in 1.5605838s
2026/05/19 15:03:13.632523 [DEBUG] evaluate: fixpoint reached - strata=727, evalTime=1.529115s, wallTime=1.5605838s
2026/05/19 15:03:13.632523 [DEBUG] evaluate completed in 1.5637112s
2026/05/19 15:03:13.632523 [DEBUG] evaluate: complete, kernel initialized
2026/05/19 15:03:13.632523 [DEBUG] Assert: fact added successfully, total facts=16265
2026/05/19 15:03:13.632523 [DEBUG] Query completed in 1.5637112s
2026/05/19 15:03:13.632523 [DEBUG] Query: predicate=test_state_blocking returned 0 results
2026/05/19 15:03:13.632523 [DEBUG] Assert: system_heartbeat("perception_firewall", 1779217393).
2026/05/19 15:03:13.632523 [DEBUG] Query: predicate=next_action
2026/05/19 15:03:13.632523 [DEBUG] Query completed in 750.9997ms
2026/05/19 15:03:13.632523 [DEBUG] Query: predicate=delegate_task returned 0 results
2026/05/19 15:03:13.632523 [DEBUG] evaluate: using cached programInfo
2026/05/19 15:03:13.632523 [DEBUG] evaluate: populating store with 16266 EDB facts
2026/05/19 15:03:13.636179 [DEBUG] evaluate: running fixpoint evaluation (derivedFactLimit=500000)
2026/05/19 15:03:13.636179 [DEBUG] evaluate: registered 10/10 external predicates (filtered by Decl)
2026/05/19 15:03:14.881672 [DEBUG] Query: predicate=delegate_task
2026/05/19 15:03:15.172422 [DEBUG] evaluate.fixpoint completed in 1.5362436s
2026/05/19 15:03:15.172422 [DEBUG] evaluate: fixpoint reached - strata=727, evalTime=1.5112592s, wallTime=1.5362436s
2026/05/19 15:03:15.172422 [DEBUG] evaluate completed in 1.5398999s
2026/05/19 15:03:15.172422 [DEBUG] evaluate: complete, kernel initialized
2026/05/19 15:03:15.172422 [DEBUG] Assert: fact added successfully, total facts=16266
2026/05/19 15:03:15.172422 [DEBUG] Query: predicate=pending_action
2026/05/19 15:03:15.172422 [DEBUG] Query completed in 0s
2026/05/19 15:03:15.172422 [DEBUG] Query completed in 1.5398999s
2026/05/19 15:03:15.172422 [DEBUG] Query: predicate=pending_action returned 0 results
2026/05/19 15:03:15.172422 [DEBUG] Query: predicate=next_action returned 0 results
2026/05/19 15:03:15.172422 [DEBUG] Query: predicate=user_requests_appeal
2026/05/19 15:03:15.172422 [DEBUG] Query: predicate=tdd_next_action
2026/05/19 15:03:15.172422 [DEBUG] Query completed in 290.75ms
2026/05/19 15:03:15.172422 [DEBUG] Query: predicate=delegate_task returned 0 results
2026/05/19 15:03:15.172422 [DEBUG] evaluate: using cached programInfo
2026/05/19 15:03:15.172422 [DEBUG] evaluate: populating store with 16267 EDB facts
2026/05/19 15:03:15.180276 [DEBUG] evaluate: running fixpoint evaluation (derivedFactLimit=500000)
2026/05/19 15:03:15.183291 [DEBUG] evaluate: registered 10/10 external predicates (filtered by Decl)
2026/05/19 15:03:16.677709 [DEBUG] evaluate.fixpoint completed in 1.4944174s
2026/05/19 15:03:16.678725 [DEBUG] evaluate: fixpoint reached - strata=727, evalTime=1.4683553s, wallTime=1.4944174s
2026/05/19 15:03:16.678725 [DEBUG] evaluate completed in 1.5063023s
2026/05/19 15:03:16.678725 [DEBUG] evaluate: complete, kernel initialized
2026/05/19 15:03:16.678725 [DEBUG] Assert: fact added successfully, total facts=16267
2026/05/19 15:03:16.678725 [DEBUG] Assert: system_heartbeat("perception_firewall", 1779217396).
2026/05/19 15:03:16.678725 [DEBUG] Query completed in 1.5063023s
2026/05/19 15:03:16.678725 [DEBUG] Query completed in 1.5063023s
2026/05/19 15:03:16.678725 [DEBUG] Query: predicate=tdd_next_action returned 0 results
2026/05/19 15:03:16.678725 [DEBUG] Query: predicate=campaign_next_action
2026/05/19 15:03:16.678725 [DEBUG] Query: predicate=user_requests_appeal returned 0 results
2026/05/19 15:03:16.678725 [DEBUG] Assert: system_heartbeat("constitution_gate", 1779217396).
2026/05/19 15:03:16.678725 [DEBUG] evaluate: using cached programInfo
2026/05/19 15:03:16.678725 [DEBUG] evaluate: populating store with 16268 EDB facts
2026/05/19 15:03:16.682304 [DEBUG] evaluate: running fixpoint evaluation (derivedFactLimit=500000)
2026/05/19 15:03:16.682304 [DEBUG] evaluate: registered 10/10 external predicates (filtered by Decl)
2026/05/19 15:03:16.882032 [DEBUG] Query: predicate=delegate_task
2026/05/19 15:03:18.253821 [DEBUG] evaluate.fixpoint completed in 1.571517s
2026/05/19 15:03:18.253821 [DEBUG] evaluate: fixpoint reached - strata=727, evalTime=1.54126s, wallTime=1.571517s
2026/05/19 15:03:18.253821 [DEBUG] evaluate completed in 1.5750958s
2026/05/19 15:03:18.253821 [DEBUG] evaluate: complete, kernel initialized
2026/05/19 15:03:18.253821 [DEBUG] Assert: fact added successfully, total facts=16268
2026/05/19 15:03:18.253821 [DEBUG] Assert: system_heartbeat("perception_firewall", 1779217398).
2026/05/19 15:03:18.253821 [DEBUG] Query completed in 1.5750958s
2026/05/19 15:03:18.253821 [DEBUG] Query completed in 1.3717889s
2026/05/19 15:03:18.253821 [DEBUG] Query: predicate=campaign_next_action returned 0 results
2026/05/19 15:03:18.253821 [DEBUG] Query: predicate=delegate_task returned 0 results
2026/05/19 15:03:18.253821 [DEBUG] Query: predicate=repair_next_action
2026/05/19 15:03:18.253821 [DEBUG] evaluate: using cached programInfo
2026/05/19 15:03:18.253821 [DEBUG] evaluate: populating store with 16269 EDB facts
2026/05/19 15:03:18.257072 [DEBUG] evaluate: running fixpoint evaluation (derivedFactLimit=500000)
2026/05/19 15:03:18.257072 [DEBUG] evaluate: registered 10/10 external predicates (filtered by Decl)
2026/05/19 15:03:18.881510 [DEBUG] Query: predicate=delegate_task
2026/05/19 15:03:19.814494 [DEBUG] evaluate.fixpoint completed in 1.557422s
2026/05/19 15:03:19.814494 [DEBUG] evaluate: fixpoint reached - strata=727, evalTime=1.5149551s, wallTime=1.557422s
2026/05/19 15:03:19.814494 [DEBUG] evaluate completed in 1.560673s
2026/05/19 15:03:19.814494 [DEBUG] evaluate: complete, kernel initialized
2026/05/19 15:03:19.814494 [DEBUG] Assert: fact added successfully, total facts=16269
2026/05/19 15:03:19.814494 [DEBUG] Query completed in 1.560673s
2026/05/19 15:03:19.814494 [DEBUG] Query: predicate=repair_next_action returned 0 results
2026/05/19 15:03:19.814494 [DEBUG] Query: predicate=delegate_task
2026/05/19 15:03:19.814494 [DEBUG] Assert: system_heartbeat("perception_firewall", 1779217399).
2026/05/19 15:03:19.814494 [DEBUG] Query completed in 932.9839ms
2026/05/19 15:03:19.814494 [DEBUG] Query: predicate=delegate_task returned 0 results
2026/05/19 15:03:19.814494 [DEBUG] evaluate: using cached programInfo
2026/05/19 15:03:19.814494 [DEBUG] evaluate: populating store with 16270 EDB facts
2026/05/19 15:03:19.817501 [DEBUG] evaluate: running fixpoint evaluation (derivedFactLimit=500000)
2026/05/19 15:03:19.817501 [DEBUG] evaluate: registered 10/10 external predicates (filtered by Decl)
2026/05/19 15:03:20.881524 [DEBUG] Query: predicate=delegate_task
2026/05/19 15:03:21.378952 [DEBUG] evaluate.fixpoint completed in 1.5614517s
2026/05/19 15:03:21.378952 [DEBUG] evaluate: fixpoint reached - strata=727, evalTime=1.5218979s, wallTime=1.5614517s
2026/05/19 15:03:21.378952 [DEBUG] evaluate completed in 1.5644587s
2026/05/19 15:03:21.378952 [DEBUG] evaluate: complete, kernel initialized
2026/05/19 15:03:21.378952 [DEBUG] Assert: fact added successfully, total facts=16270
2026/05/19 15:03:21.378952 [DEBUG] Query: predicate=pending_action
2026/05/19 15:03:21.378952 [DEBUG] Query completed in 1.5644587s
2026/05/19 15:03:21.378952 [DEBUG] Query completed in 0s
2026/05/19 15:03:21.378952 [DEBUG] Query: predicate=pending_action returned 0 results
2026/05/19 15:03:21.378952 [DEBUG] Query: predicate=delegate_task returned 0 results
2026/05/19 15:03:21.378952 [DEBUG] Query completed in 497.4283ms
2026/05/19 15:03:21.378952 [DEBUG] Query: predicate=user_requests_appeal
2026/05/19 15:03:21.378952 [DEBUG] Query: predicate=user_intent
2026/05/19 15:03:21.378952 [DEBUG] Query: predicate=delegate_task returned 0 results
2026/05/19 15:03:21.378952 [DEBUG] evaluate: using cached programInfo
2026/05/19 15:03:21.378952 [DEBUG] evaluate: populating store with 16271 EDB facts
2026/05/19 15:03:21.382960 [DEBUG] evaluate: running fixpoint evaluation (derivedFactLimit=500000)
2026/05/19 15:03:21.382960 [DEBUG] evaluate: registered 10/10 external predicates (filtered by Decl)
2026/05/19 15:03:22.858122 [DEBUG] evaluate.fixpoint completed in 1.4751626s
2026/05/19 15:03:22.858122 [DEBUG] evaluate: fixpoint reached - strata=727, evalTime=1.4434126s, wallTime=1.4751626s
2026/05/19 15:03:22.858122 [DEBUG] evaluate completed in 1.47917s
2026/05/19 15:03:22.858638 [DEBUG] evaluate: complete, kernel initialized
2026/05/19 15:03:22.858638 [DEBUG] Assert: fact added successfully, total facts=16271
2026/05/19 15:03:22.858638 [DEBUG] Assert: system_heartbeat("perception_firewall", 1779217402).
2026/05/19 15:03:22.858638 [DEBUG] Query completed in 1.479686s
2026/05/19 15:03:22.858638 [DEBUG] Query completed in 1.479686s
2026/05/19 15:03:22.858638 [DEBUG] Query: predicate=user_intent returned 0 results
2026/05/19 15:03:22.858638 [DEBUG] Query: predicate=user_requests_appeal returned 0 results
2026/05/19 15:03:22.858638 [DEBUG] Assert: system_heartbeat("constitution_gate", 1779217402).
2026/05/19 15:03:22.858638 [DEBUG] Query: predicate=user_intent
2026/05/19 15:03:22.858638 [DEBUG] evaluate: using cached programInfo
2026/05/19 15:03:22.858638 [DEBUG] evaluate: populating store with 16272 EDB facts
2026/05/19 15:03:22.861177 [DEBUG] evaluate: running fixpoint evaluation (derivedFactLimit=500000)
2026/05/19 15:03:22.861177 [DEBUG] evaluate: registered 10/10 external predicates (filtered by Decl)
2026/05/19 15:03:22.881949 [DEBUG] Query: predicate=delegate_task
2026/05/19 15:03:24.391794 [DEBUG] evaluate.fixpoint completed in 1.530617s
2026/05/19 15:03:24.391794 [DEBUG] evaluate: fixpoint reached - strata=727, evalTime=1.5052892s, wallTime=1.530617s
2026/05/19 15:03:24.391794 [DEBUG] evaluate completed in 1.5331561s
2026/05/19 15:03:24.391794 [DEBUG] evaluate: complete, kernel initialized
2026/05/19 15:03:24.391794 [DEBUG] Assert: fact added successfully, total facts=16272
2026/05/19 15:03:24.391794 [DEBUG] Assert: system_heartbeat("perception_firewall", 1779217404).
2026/05/19 15:03:24.391794 [DEBUG] Query completed in 1.5098453s
2026/05/19 15:03:24.391794 [DEBUG] Query completed in 1.5331561s
2026/05/19 15:03:24.391794 [DEBUG] Query: predicate=delegate_task returned 0 results
2026/05/19 15:03:24.391794 [DEBUG] Query: predicate=user_intent returned 0 results
2026/05/19 15:03:24.391794 [DEBUG] Query: predicate=pending_intent
2026/05/19 15:03:24.391794 [DEBUG] evaluate: using cached programInfo
2026/05/19 15:03:24.391794 [DEBUG] evaluate: populating store with 16273 EDB facts
2026/05/19 15:03:24.395317 [DEBUG] evaluate: running fixpoint evaluation (derivedFactLimit=500000)
2026/05/19 15:03:24.395317 [DEBUG] evaluate: registered 10/10 external predicates (filtered by Decl)
2026/05/19 15:03:24.881588 [DEBUG] Query: predicate=delegate_task
2026/05/19 15:03:25.913801 [DEBUG] evaluate.fixpoint completed in 1.5184842s
2026/05/19 15:03:25.913801 [DEBUG] evaluate: fixpoint reached - strata=727, evalTime=1.488297s, wallTime=1.5184842s
2026/05/19 15:03:25.913801 [DEBUG] evaluate completed in 1.5220068s
2026/05/19 15:03:25.913801 [DEBUG] evaluate: complete, kernel initialized
2026/05/19 15:03:25.913801 [DEBUG] Assert: fact added successfully, total facts=16273
2026/05/19 15:03:25.913801 [DEBUG] Query completed in 1.5220068s
2026/05/19 15:03:25.913801 [DEBUG] Query completed in 1.0322128s
2026/05/19 15:03:25.913801 [DEBUG] Assert: system_heartbeat("perception_firewall", 1779217405).
2026/05/19 15:03:25.913801 [DEBUG] Query: predicate=pending_intent returned 0 results
2026/05/19 15:03:25.913801 [DEBUG] Query: predicate=delegate_task returned 0 results
2026/05/19 15:03:25.913801 [DEBUG] Retract: removing all facts with predicate=ooda_timeout
2026/05/19 15:03:25.913801 [DEBUG] evaluate: using cached programInfo
2026/05/19 15:03:25.913801 [DEBUG] evaluate: populating store with 16274 EDB facts
2026/05/19 15:03:25.916323 [DEBUG] evaluate: running fixpoint evaluation (derivedFactLimit=500000)
2026/05/19 15:03:25.916323 [DEBUG] evaluate: registered 10/10 external predicates (filtered by Decl)
2026/05/19 15:03:26.881498 [DEBUG] Query: predicate=delegate_task
2026/05/19 15:03:27.442525 [DEBUG] evaluate.fixpoint completed in 1.5262021s
2026/05/19 15:03:27.442525 [DEBUG] evaluate: fixpoint reached - strata=727, evalTime=1.4954391s, wallTime=1.5262021s
2026/05/19 15:03:27.442525 [DEBUG] evaluate completed in 1.5287237s
2026/05/19 15:03:27.442525 [DEBUG] evaluate: complete, kernel initialized
2026/05/19 15:03:27.442525 [DEBUG] Assert: fact added successfully, total facts=16274
2026/05/19 15:03:27.442525 [DEBUG] Query: predicate=pending_action
2026/05/19 15:03:27.442525 [DEBUG] Query completed in 0s
2026/05/19 15:03:27.442525 [DEBUG] Query: predicate=pending_action returned 0 results
2026/05/19 15:03:27.442525 [DEBUG] Query completed in 561.0272ms
2026/05/19 15:03:27.442525 [DEBUG] Query: predicate=user_requests_appeal
2026/05/19 15:03:27.442525 [DEBUG] Query: predicate=delegate_task returned 0 results
2026/05/19 15:03:27.442525 [DEBUG] evaluate: using cached programInfo
2026/05/19 15:03:27.442525 [DEBUG] evaluate: populating store with 16275 EDB facts
2026/05/19 15:03:27.446091 [DEBUG] evaluate: running fixpoint evaluation (derivedFactLimit=500000)
2026/05/19 15:03:27.446091 [DEBUG] evaluate: registered 10/10 external predicates (filtered by Decl)
2026/05/19 15:03:28.881734 [DEBUG] Query: predicate=delegate_task
2026/05/19 15:03:29.019837 [DEBUG] evaluate.fixpoint completed in 1.5737455s
2026/05/19 15:03:29.019837 [DEBUG] evaluate: fixpoint reached - strata=727, evalTime=1.5446666s, wallTime=1.5737455s
2026/05/19 15:03:29.019837 [DEBUG] evaluate completed in 1.5773121s
2026/05/19 15:03:29.019837 [DEBUG] evaluate: complete, kernel initialized
2026/05/19 15:03:29.019837 [DEBUG] Assert: fact added successfully, total facts=16275
2026/05/19 15:03:29.019837 [DEBUG] Assert: system_heartbeat("perception_firewall", 1779217409).
2026/05/19 15:03:29.019837 [DEBUG] Query completed in 138.1026ms
2026/05/19 15:03:29.019837 [DEBUG] Query completed in 1.5773121s
2026/05/19 15:03:29.019837 [DEBUG] Query: predicate=delegate_task returned 0 results
2026/05/19 15:03:29.019837 [DEBUG] Query: predicate=user_requests_appeal returned 0 results
2026/05/19 15:03:29.019837 [DEBUG] Assert: system_heartbeat("constitution_gate", 1779217409).
2026/05/19 15:03:29.019837 [DEBUG] evaluate: using cached programInfo
2026/05/19 15:03:29.019837 [DEBUG] evaluate: populating store with 16276 EDB facts
2026/05/19 15:03:29.023895 [DEBUG] evaluate: running fixpoint evaluation (derivedFactLimit=500000)
2026/05/19 15:03:29.023895 [DEBUG] evaluate: registered 10/10 external predicates (filtered by Decl)
2026/05/19 15:03:30.537809 [DEBUG] evaluate.fixpoint completed in 1.5139137s
2026/05/19 15:03:30.537809 [DEBUG] evaluate: fixpoint reached - strata=727, evalTime=1.4868254s, wallTime=1.5139137s
2026/05/19 15:03:30.537809 [DEBUG] evaluate completed in 1.5179716s
2026/05/19 15:03:30.537809 [DEBUG] evaluate: complete, kernel initialized
2026/05/19 15:03:30.537809 [DEBUG] Assert: fact added successfully, total facts=16276
2026/05/19 15:03:30.537809 [DEBUG] Assert: system_heartbeat("perception_firewall", 1779217410).
2026/05/19 15:03:30.538313 [DEBUG] Retract: no facts found for predicate=ooda_timeout (EDB unchanged at 16276 facts)
2026/05/19 15:03:30.538313 [DEBUG] Assert: system_heartbeat("executive_policy", 1779217410).
2026/05/19 15:03:30.538313 [DEBUG] evaluate: using cached programInfo
2026/05/19 15:03:30.538313 [DEBUG] evaluate: populating store with 16277 EDB facts
2026/05/19 15:03:30.541405 [DEBUG] evaluate: running fixpoint evaluation (derivedFactLimit=500000)
2026/05/19 15:03:30.541405 [DEBUG] evaluate: registered 10/10 external predicates (filtered by Decl)
2026/05/19 15:03:30.881680 [DEBUG] Query: predicate=delegate_task
2026/05/19 15:03:32.091634 [DEBUG] evaluate.fixpoint completed in 1.5502288s
2026/05/19 15:03:32.091634 [DEBUG] evaluate: fixpoint reached - strata=727, evalTime=1.5216704s, wallTime=1.5502288s
2026/05/19 15:03:32.091634 [DEBUG] evaluate completed in 1.5533209s
2026/05/19 15:03:32.091634 [DEBUG] evaluate: complete, kernel initialized
2026/05/19 15:03:32.091634 [DEBUG] Assert: fact added successfully, total facts=16277
2026/05/19 15:03:32.091634 [DEBUG] Query completed in 1.2099535s
2026/05/19 15:03:32.091634 [DEBUG] Query: predicate=pending_action
2026/05/19 15:03:32.091634 [DEBUG] Query: predicate=delegate_task returned 0 results
2026/05/19 15:03:32.091634 [DEBUG] evaluate: using cached programInfo
2026/05/19 15:03:32.091634 [DEBUG] evaluate: populating store with 16278 EDB facts
2026/05/19 15:03:32.096265 [DEBUG] evaluate: running fixpoint evaluation (derivedFactLimit=500000)
2026/05/19 15:03:32.096265 [DEBUG] evaluate: registered 10/10 external predicates (filtered by Decl)
2026/05/19 15:03:32.881676 [DEBUG] Query: predicate=delegate_task
2026/05/19 15:03:33.637482 [DEBUG] evaluate.fixpoint completed in 1.5412168s
2026/05/19 15:03:33.637482 [DEBUG] evaluate: fixpoint reached - strata=727, evalTime=1.5073519s, wallTime=1.5412168s
2026/05/19 15:03:33.637482 [DEBUG] evaluate completed in 1.545848s
2026/05/19 15:03:33.637482 [DEBUG] evaluate: complete, kernel initialized
2026/05/19 15:03:33.637482 [DEBUG] Assert: fact added successfully, total facts=16278
2026/05/19 15:03:33.637482 [DEBUG] Query completed in 1.545848s
2026/05/19 15:03:33.638000 [DEBUG] Assert: system_heartbeat("perception_firewall", 1779217413).
2026/05/19 15:03:33.638000 [DEBUG] Query: predicate=pending_action returned 0 results
2026/05/19 15:03:33.638000 [DEBUG] Query completed in 755.8057ms
2026/05/19 15:03:33.638000 [DEBUG] Query: predicate=user_requests_appeal
2026/05/19 15:03:33.638000 [DEBUG] Query: predicate=delegate_task returned 0 results
2026/05/19 15:03:33.638000 [DEBUG] evaluate: using cached programInfo
2026/05/19 15:03:33.638000 [DEBUG] evaluate: populating store with 16279 EDB facts
2026/05/19 15:03:33.641181 [DEBUG] evaluate: running fixpoint evaluation (derivedFactLimit=500000)
2026/05/19 15:03:33.641181 [DEBUG] evaluate: registered 10/10 external predicates (filtered by Decl)
2026/05/19 15:03:34.881490 [DEBUG] Query: predicate=delegate_task
2026/05/19 15:03:35.236173 [DEBUG] evaluate.fixpoint completed in 1.5949921s
2026/05/19 15:03:35.236173 [DEBUG] evaluate: fixpoint reached - strata=727, evalTime=1.5580332s, wallTime=1.5949921s
2026/05/19 15:03:35.236173 [DEBUG] evaluate completed in 1.5981737s
2026/05/19 15:03:35.236173 [DEBUG] evaluate: complete, kernel initialized
2026/05/19 15:03:35.236173 [DEBUG] Assert: fact added successfully, total facts=16279
2026/05/19 15:03:35.236173 [DEBUG] Query: predicate=active_strategy
2026/05/19 15:03:35.236173 [DEBUG] Query completed in 0s
2026/05/19 15:03:35.236173 [DEBUG] Query completed in 1.5981737s
2026/05/19 15:03:35.236173 [DEBUG] Query: predicate=active_strategy returned 0 results
2026/05/19 15:03:35.236173 [DEBUG] Query completed in 354.6831ms
2026/05/19 15:03:35.236173 [DEBUG] Query: predicate=block_commit
2026/05/19 15:03:35.236173 [DEBUG] Query: predicate=user_requests_appeal returned 0 results
2026/05/19 15:03:35.236173 [DEBUG] Assert: system_heartbeat("constitution_gate", 1779217415).
2026/05/19 15:03:35.236173 [DEBUG] Query: predicate=delegate_task returned 0 results
2026/05/19 15:03:35.236173 [DEBUG] evaluate: using cached programInfo
2026/05/19 15:03:35.236173 [DEBUG] evaluate: populating store with 16280 EDB facts
2026/05/19 15:03:35.240204 [DEBUG] evaluate: running fixpoint evaluation (derivedFactLimit=500000)
2026/05/19 15:03:35.240204 [DEBUG] evaluate: registered 10/10 external predicates (filtered by Decl)
2026/05/19 15:03:36.851792 [DEBUG] evaluate.fixpoint completed in 1.6115879s
2026/05/19 15:03:36.851792 [DEBUG] evaluate: fixpoint reached - strata=727, evalTime=1.5795706s, wallTime=1.6115879s
2026/05/19 15:03:36.851792 [DEBUG] evaluate completed in 1.6156188s
2026/05/19 15:03:36.851792 [DEBUG] evaluate: complete, kernel initialized
2026/05/19 15:03:36.851792 [DEBUG] Assert: fact added successfully, total facts=16280
2026/05/19 15:03:36.851792 [DEBUG] Assert: system_heartbeat("perception_firewall", 1779217416).
2026/05/19 15:03:36.851792 [DEBUG] Query completed in 1.6156188s
2026/05/19 15:03:36.851792 [DEBUG] Query: predicate=block_commit returned 0 results
2026/05/19 15:03:36.851792 [DEBUG] Query: predicate=block_action
2026/05/19 15:03:36.851792 [DEBUG] evaluate: using cached programInfo
2026/05/19 15:03:36.851792 [DEBUG] evaluate: populating store with 16281 EDB facts
2026/05/19 15:03:36.855366 [DEBUG] evaluate: running fixpoint evaluation (derivedFactLimit=500000)
2026/05/19 15:03:36.855366 [DEBUG] evaluate: registered 10/10 external predicates (filtered by Decl)
2026/05/19 15:03:36.881698 [DEBUG] Query: predicate=delegate_task
2026/05/19 15:03:38.401678 [DEBUG] evaluate.fixpoint completed in 1.5463114s
2026/05/19 15:03:38.401678 [DEBUG] evaluate: fixpoint reached - strata=727, evalTime=1.5158852s, wallTime=1.5463114s
2026/05/19 15:03:38.401678 [DEBUG] evaluate completed in 1.5498855s
2026/05/19 15:03:38.401678 [DEBUG] evaluate: complete, kernel initialized
2026/05/19 15:03:38.401678 [DEBUG] Assert: fact added successfully, total facts=16281
2026/05/19 15:03:38.401678 [DEBUG] Query completed in 1.5498855s
2026/05/19 15:03:38.401678 [DEBUG] Query completed in 1.5199791s
2026/05/19 15:03:38.401678 [DEBUG] Query: predicate=block_action returned 0 results
2026/05/19 15:03:38.401678 [DEBUG] Assert: system_heartbeat("perception_firewall", 1779217418).
2026/05/19 15:03:38.401678 [DEBUG] Query: predicate=delegate_task returned 0 results
2026/05/19 15:03:38.401678 [DEBUG] Query: predicate=executive_blocked
2026/05/19 15:03:38.401678 [DEBUG] evaluate: using cached programInfo
2026/05/19 15:03:38.401678 [DEBUG] evaluate: populating store with 16282 EDB facts
2026/05/19 15:03:38.406464 [DEBUG] evaluate: running fixpoint evaluation (derivedFactLimit=500000)
2026/05/19 15:03:38.406464 [DEBUG] evaluate: registered 10/10 external predicates (filtered by Decl)
2026/05/19 15:03:38.881455 [DEBUG] Query: predicate=delegate_task
2026/05/19 15:03:39.949786 [DEBUG] evaluate.fixpoint completed in 1.5433224s
2026/05/19 15:03:39.949786 [DEBUG] evaluate: fixpoint reached - strata=727, evalTime=1.5129586s, wallTime=1.5433224s
2026/05/19 15:03:39.949786 [DEBUG] evaluate completed in 1.5481088s
2026/05/19 15:03:39.949786 [DEBUG] evaluate: complete, kernel initialized
2026/05/19 15:03:39.949786 [DEBUG] Assert: fact added successfully, total facts=16282
2026/05/19 15:03:39.949786 [DEBUG] Query: predicate=pending_action
2026/05/19 15:03:39.949786 [DEBUG] Query completed in 0s
2026/05/19 15:03:39.949786 [DEBUG] Query: predicate=pending_action returned 0 results
2026/05/19 15:03:39.949786 [DEBUG] Query: predicate=user_requests_appeal
2026/05/19 15:03:39.949786 [DEBUG] Query completed in 0s
2026/05/19 15:03:39.949786 [DEBUG] Query: predicate=user_requests_appeal returned 0 results
2026/05/19 15:03:39.949786 [DEBUG] Query completed in 1.0683317s
2026/05/19 15:03:39.949786 [DEBUG] Query completed in 1.5481088s
2026/05/19 15:03:39.949786 [DEBUG] Query: predicate=delegate_task returned 0 results
2026/05/19 15:03:39.949786 [DEBUG] Assert: system_heartbeat("constitution_gate", 1779217419).
2026/05/19 15:03:39.949786 [DEBUG] Query: predicate=executive_blocked returned 0 results
2026/05/19 15:03:39.949786 [DEBUG] Query: predicate=test_state_blocking
2026/05/19 15:03:39.949786 [DEBUG] evaluate: using cached programInfo
2026/05/19 15:03:39.949786 [DEBUG] evaluate: populating store with 16283 EDB facts
2026/05/19 15:03:39.953313 [DEBUG] evaluate: running fixpoint evaluation (derivedFactLimit=500000)
2026/05/19 15:03:39.953313 [DEBUG] evaluate: registered 10/10 external predicates (filtered by Decl)
2026/05/19 15:03:40.881458 [DEBUG] Query: predicate=delegate_task
2026/05/19 15:03:41.557349 [DEBUG] evaluate.fixpoint completed in 1.6040358s
2026/05/19 15:03:41.557349 [DEBUG] evaluate: fixpoint reached - strata=727, evalTime=1.5721459s, wallTime=1.6040358s
2026/05/19 15:03:41.557349 [DEBUG] evaluate completed in 1.6075623s
2026/05/19 15:03:41.557349 [DEBUG] evaluate: complete, kernel initialized
2026/05/19 15:03:41.557349 [DEBUG] Assert: fact added successfully, total facts=16283
2026/05/19 15:03:41.557349 [DEBUG] Assert: system_heartbeat("perception_firewall", 1779217421).
2026/05/19 15:03:41.557349 [DEBUG] Query completed in 1.6075623s
2026/05/19 15:03:41.557349 [DEBUG] Query completed in 675.8902ms
2026/05/19 15:03:41.557349 [DEBUG] Query: predicate=test_state_blocking returned 0 results
2026/05/19 15:03:41.557349 [DEBUG] Query: predicate=delegate_task returned 0 results
2026/05/19 15:03:41.557349 [DEBUG] Query: predicate=next_action
2026/05/19 15:03:41.557349 [DEBUG] evaluate: using cached programInfo
2026/05/19 15:03:41.557349 [DEBUG] evaluate: populating store with 16284 EDB facts
2026/05/19 15:03:41.560930 [DEBUG] evaluate: running fixpoint evaluation (derivedFactLimit=500000)
2026/05/19 15:03:41.560930 [DEBUG] evaluate: registered 10/10 external predicates (filtered by Decl)
2026/05/19 15:03:42.881579 [DEBUG] Query: predicate=delegate_task
2026/05/19 15:03:43.101840 [DEBUG] evaluate.fixpoint completed in 1.5409103s
2026/05/19 15:03:43.103292 [DEBUG] evaluate: fixpoint reached - strata=727, evalTime=1.5124972s, wallTime=1.5409103s
2026/05/19 15:03:43.103292 [DEBUG] evaluate completed in 1.5459436s
2026/05/19 15:03:43.103292 [DEBUG] evaluate: complete, kernel initialized
2026/05/19 15:03:43.103292 [DEBUG] Assert: fact added successfully, total facts=16284
2026/05/19 15:03:43.103292 [DEBUG] Query completed in 1.5459436s
2026/05/19 15:03:43.103292 [DEBUG] Query: predicate=next_action returned 0 results
2026/05/19 15:03:43.103292 [DEBUG] Assert: system_heartbeat("perception_firewall", 1779217423).
2026/05/19 15:03:43.103292 [DEBUG] Query: predicate=tdd_next_action
2026/05/19 15:03:43.103292 [DEBUG] Query completed in 221.7137ms
2026/05/19 15:03:43.103292 [DEBUG] Query: predicate=delegate_task returned 0 results
2026/05/19 15:03:43.103292 [DEBUG] evaluate: using cached programInfo
2026/05/19 15:03:43.103292 [DEBUG] evaluate: populating store with 16285 EDB facts
2026/05/19 15:03:43.107453 [DEBUG] evaluate: running fixpoint evaluation (derivedFactLimit=500000)
2026/05/19 15:03:43.107453 [DEBUG] evaluate: registered 10/10 external predicates (filtered by Decl)
2026/05/19 15:03:44.740768 [DEBUG] evaluate.fixpoint completed in 1.6333152s
2026/05/19 15:03:44.740768 [DEBUG] evaluate: fixpoint reached - strata=727, evalTime=1.6015075s, wallTime=1.6333152s
2026/05/19 15:03:44.740768 [DEBUG] evaluate completed in 1.6374756s
2026/05/19 15:03:44.740768 [DEBUG] evaluate: complete, kernel initialized
2026/05/19 15:03:44.740768 [DEBUG] Assert: fact added successfully, total facts=16285
2026/05/19 15:03:44.740768 [DEBUG] Query: predicate=pending_action
2026/05/19 15:03:44.740768 [DEBUG] Query completed in 0s
2026/05/19 15:03:44.740768 [DEBUG] Query completed in 1.6374756s
2026/05/19 15:03:44.740768 [DEBUG] Query: predicate=pending_action returned 0 results
2026/05/19 15:03:44.740768 [DEBUG] Query: predicate=user_requests_appeal
2026/05/19 15:03:44.740768 [DEBUG] Query: predicate=tdd_next_action returned 0 results
2026/05/19 15:03:44.740768 [DEBUG] Query: predicate=campaign_next_action
2026/05/19 15:03:44.740768 [DEBUG] evaluate: using cached programInfo
2026/05/19 15:03:44.740768 [DEBUG] evaluate: populating store with 16286 EDB facts
2026/05/19 15:03:44.743293 [DEBUG] evaluate: running fixpoint evaluation (derivedFactLimit=500000)
2026/05/19 15:03:44.743293 [DEBUG] evaluate: registered 10/10 external predicates (filtered by Decl)
2026/05/19 15:03:44.881885 [DEBUG] Query: predicate=delegate_task
2026/05/19 15:03:46.265407 [DEBUG] evaluate.fixpoint completed in 1.5221135s
2026/05/19 15:03:46.265407 [DEBUG] evaluate: fixpoint reached - strata=727, evalTime=1.4893574s, wallTime=1.5221135s
2026/05/19 15:03:46.265407 [DEBUG] evaluate completed in 1.524639s
2026/05/19 15:03:46.265407 [DEBUG] evaluate: complete, kernel initialized
2026/05/19 15:03:46.265407 [DEBUG] Assert: fact added successfully, total facts=16286
2026/05/19 15:03:46.265407 [DEBUG] Assert: system_heartbeat("perception_firewall", 1779217426).
2026/05/19 15:03:46.265407 [DEBUG] Query completed in 1.524639s
2026/05/19 15:03:46.265407 [DEBUG] Query completed in 1.3835216s
2026/05/19 15:03:46.265407 [DEBUG] Query completed in 1.524639s
2026/05/19 15:03:46.265407 [DEBUG] Query: predicate=user_requests_appeal returned 0 results
2026/05/19 15:03:46.265407 [DEBUG] Query: predicate=delegate_task returned 0 results
2026/05/19 15:03:46.265407 [DEBUG] Query: predicate=campaign_next_action returned 0 results
2026/05/19 15:03:46.265407 [DEBUG] Query: predicate=repair_next_action
2026/05/19 15:03:46.265407 [DEBUG] Assert: system_heartbeat("constitution_gate", 1779217426).
2026/05/19 15:03:46.265407 [DEBUG] evaluate: using cached programInfo
2026/05/19 15:03:46.265407 [DEBUG] evaluate: populating store with 16287 EDB facts
2026/05/19 15:03:46.268516 [DEBUG] evaluate: running fixpoint evaluation (derivedFactLimit=500000)
2026/05/19 15:03:46.268516 [DEBUG] evaluate: registered 10/10 external predicates (filtered by Decl)
2026/05/19 15:03:46.881552 [DEBUG] Query: predicate=delegate_task
2026/05/19 15:03:47.815616 [DEBUG] evaluate.fixpoint completed in 1.5470999s
2026/05/19 15:03:47.815616 [DEBUG] evaluate: fixpoint reached - strata=727, evalTime=1.5166169s, wallTime=1.5470999s
2026/05/19 15:03:47.815616 [DEBUG] evaluate completed in 1.5502087s
2026/05/19 15:03:47.815616 [DEBUG] evaluate: complete, kernel initialized
2026/05/19 15:03:47.815616 [DEBUG] Assert: fact added successfully, total facts=16287
2026/05/19 15:03:47.815616 [DEBUG] Assert: system_heartbeat("perception_firewall", 1779217427).
2026/05/19 15:03:47.815616 [DEBUG] Query completed in 1.5502087s
2026/05/19 15:03:47.815616 [DEBUG] Query: predicate=repair_next_action returned 0 results
2026/05/19 15:03:47.815616 [DEBUG] Query completed in 934.0638ms
2026/05/19 15:03:47.815616 [DEBUG] Query: predicate=delegate_task
2026/05/19 15:03:47.815616 [DEBUG] Query: predicate=delegate_task returned 0 results
2026/05/19 15:03:47.815616 [DEBUG] evaluate: using cached programInfo
2026/05/19 15:03:47.815616 [DEBUG] evaluate: populating store with 16288 EDB facts
2026/05/19 15:03:47.820148 [DEBUG] evaluate: running fixpoint evaluation (derivedFactLimit=500000)
2026/05/19 15:03:47.820148 [DEBUG] evaluate: registered 10/10 external predicates (filtered by Decl)
2026/05/19 15:03:48.881581 [DEBUG] Query: predicate=delegate_task
2026/05/19 15:03:49.501008 [DEBUG] evaluate.fixpoint completed in 1.6808601s
2026/05/19 15:03:49.502025 [DEBUG] evaluate: fixpoint reached - strata=727, evalTime=1.6459066s, wallTime=1.6808601s
2026/05/19 15:03:49.502025 [DEBUG] evaluate completed in 1.6864094s
2026/05/19 15:03:49.502025 [DEBUG] evaluate: complete, kernel initialized
2026/05/19 15:03:49.502025 [DEBUG] Assert: fact added successfully, total facts=16288
2026/05/19 15:03:49.502025 [DEBUG] Query completed in 1.6864094s
2026/05/19 15:03:49.502025 [DEBUG] Query completed in 620.4439ms
2026/05/19 15:03:49.502025 [DEBUG] Assert: system_heartbeat("perception_firewall", 1779217429).
2026/05/19 15:03:49.502025 [DEBUG] Query: predicate=delegate_task returned 0 results
2026/05/19 15:03:49.502025 [DEBUG] Query: predicate=delegate_task returned 0 results
2026/05/19 15:03:49.502025 [DEBUG] Query: predicate=user_intent
2026/05/19 15:03:49.502025 [DEBUG] evaluate: using cached programInfo
2026/05/19 15:03:49.502025 [DEBUG] evaluate: populating store with 16289 EDB facts
2026/05/19 15:03:49.504109 [DEBUG] evaluate: running fixpoint evaluation (derivedFactLimit=500000)
2026/05/19 15:03:49.504109 [DEBUG] evaluate: registered 10/10 external predicates (filtered by Decl)
2026/05/19 15:03:50.881769 [DEBUG] Query: predicate=delegate_task
2026/05/19 15:03:51.085261 [DEBUG] evaluate.fixpoint completed in 1.5811529s
2026/05/19 15:03:51.085261 [DEBUG] evaluate: fixpoint reached - strata=727, evalTime=1.556132s, wallTime=1.5811529s
2026/05/19 15:03:51.085261 [DEBUG] evaluate completed in 1.5832365s
2026/05/19 15:03:51.085261 [DEBUG] evaluate: complete, kernel initialized
2026/05/19 15:03:51.085261 [DEBUG] Assert: fact added successfully, total facts=16289
2026/05/19 15:03:51.085261 [DEBUG] Query: predicate=pending_action
2026/05/19 15:03:51.086278 [DEBUG] Query completed in 1.0164ms
2026/05/19 15:03:51.086278 [DEBUG] Query completed in 1.5842529s
2026/05/19 15:03:51.086278 [DEBUG] Query: predicate=pending_action returned 0 results
2026/05/19 15:03:51.086278 [DEBUG] Query completed in 204.5085ms
2026/05/19 15:03:51.086278 [DEBUG] Query: predicate=user_intent returned 0 results
2026/05/19 15:03:51.086278 [DEBUG] Query: predicate=user_intent
2026/05/19 15:03:51.086278 [DEBUG] Query: predicate=user_requests_appeal
2026/05/19 15:03:51.086278 [DEBUG] Query: predicate=delegate_task returned 0 results
2026/05/19 15:03:51.086278 [DEBUG] evaluate: using cached programInfo
2026/05/19 15:03:51.086278 [DEBUG] evaluate: populating store with 16290 EDB facts
2026/05/19 15:03:51.089317 [DEBUG] evaluate: running fixpoint evaluation (derivedFactLimit=500000)
2026/05/19 15:03:51.089317 [DEBUG] evaluate: registered 10/10 external predicates (filtered by Decl)
2026/05/19 15:03:52.636047 [DEBUG] evaluate.fixpoint completed in 1.5467299s
2026/05/19 15:03:52.636047 [DEBUG] evaluate: fixpoint reached - strata=727, evalTime=1.5147172s, wallTime=1.5467299s
2026/05/19 15:03:52.636591 [DEBUG] evaluate completed in 1.5503128s
2026/05/19 15:03:52.636591 [DEBUG] evaluate: complete, kernel initialized
2026/05/19 15:03:52.636591 [DEBUG] Assert: fact added successfully, total facts=16290
2026/05/19 15:03:52.636591 [DEBUG] Assert: system_heartbeat("perception_firewall", 1779217432).
2026/05/19 15:03:52.636591 [DEBUG] Query completed in 1.5503128s
2026/05/19 15:03:52.636591 [DEBUG] Query completed in 1.5503128s
2026/05/19 15:03:52.636591 [DEBUG] Query: predicate=user_intent returned 0 results
2026/05/19 15:03:52.636591 [DEBUG] Query: predicate=pending_intent
2026/05/19 15:03:52.636591 [DEBUG] Query: predicate=user_requests_appeal returned 0 results
2026/05/19 15:03:52.636591 [DEBUG] Assert: system_heartbeat("constitution_gate", 1779217432).
2026/05/19 15:03:52.636591 [DEBUG] evaluate: using cached programInfo
2026/05/19 15:03:52.636591 [DEBUG] evaluate: populating store with 16291 EDB facts
2026/05/19 15:03:52.639793 [DEBUG] evaluate: running fixpoint evaluation (derivedFactLimit=500000)
2026/05/19 15:03:52.639793 [DEBUG] evaluate: registered 10/10 external predicates (filtered by Decl)
2026/05/19 15:03:52.881870 [DEBUG] Query: predicate=delegate_task
2026/05/19 15:03:54.137200 [DEBUG] evaluate.fixpoint completed in 1.4974077s
2026/05/19 15:03:54.137200 [DEBUG] evaluate: fixpoint reached - strata=727, evalTime=1.4685305s, wallTime=1.4974077s
2026/05/19 15:03:54.137200 [DEBUG] evaluate completed in 1.5006098s
2026/05/19 15:03:54.137200 [DEBUG] evaluate: complete, kernel initialized
2026/05/19 15:03:54.137200 [DEBUG] Assert: fact added successfully, total facts=16291
2026/05/19 15:03:54.137200 [DEBUG] Assert: system_heartbeat("perception_firewall", 1779217434).
2026/05/19 15:03:54.137200 [DEBUG] Query completed in 1.5006098s
2026/05/19 15:03:54.137200 [DEBUG] Query completed in 1.2553305s
2026/05/19 15:03:54.137200 [DEBUG] Query: predicate=pending_intent returned 0 results
2026/05/19 15:03:54.137200 [DEBUG] Query: predicate=delegate_task returned 0 results
2026/05/19 15:03:54.137200 [DEBUG] Retract: removing all facts with predicate=ooda_timeout
2026/05/19 15:03:54.137200 [DEBUG] evaluate: using cached programInfo
2026/05/19 15:03:54.137200 [DEBUG] evaluate: populating store with 16292 EDB facts
2026/05/19 15:03:54.142950 [DEBUG] evaluate: running fixpoint evaluation (derivedFactLimit=500000)
2026/05/19 15:03:54.142950 [DEBUG] evaluate: registered 10/10 external predicates (filtered by Decl)
2026/05/19 15:03:54.881892 [DEBUG] Query: predicate=delegate_task
2026/05/19 15:03:55.639279 [DEBUG] evaluate.fixpoint completed in 1.4963289s
2026/05/19 15:03:55.639279 [DEBUG] evaluate: fixpoint reached - strata=727, evalTime=1.4694401s, wallTime=1.4963289s
2026/05/19 15:03:55.639279 [DEBUG] evaluate completed in 1.5020789s
2026/05/19 15:03:55.640286 [DEBUG] evaluate: complete, kernel initialized
2026/05/19 15:03:55.640286 [DEBUG] Assert: fact added successfully, total facts=16292
2026/05/19 15:03:55.640286 [DEBUG] Query: predicate=pending_action
2026/05/19 15:03:55.640286 [DEBUG] Query completed in 0s
2026/05/19 15:03:55.640286 [DEBUG] Query: predicate=pending_action returned 0 results
2026/05/19 15:03:55.640286 [DEBUG] Query: predicate=user_requests_appeal
2026/05/19 15:03:55.640286 [DEBUG] Query completed in 758.3931ms
2026/05/19 15:03:55.640286 [DEBUG] Query: predicate=delegate_task returned 0 results
2026/05/19 15:03:55.640286 [DEBUG] evaluate: using cached programInfo
2026/05/19 15:03:55.640286 [DEBUG] evaluate: populating store with 16293 EDB facts
2026/05/19 15:03:55.647317 [DEBUG] evaluate: running fixpoint evaluation (derivedFactLimit=500000)
2026/05/19 15:03:55.647317 [DEBUG] evaluate: registered 10/10 external predicates (filtered by Decl)
2026/05/19 15:03:56.881887 [DEBUG] Query: predicate=delegate_task
2026/05/19 15:03:57.126972 [DEBUG] evaluate.fixpoint completed in 1.4796557s
2026/05/19 15:03:57.126972 [DEBUG] evaluate: fixpoint reached - strata=727, evalTime=1.4486343s, wallTime=1.4796557s
2026/05/19 15:03:57.126972 [DEBUG] evaluate completed in 1.4866868s
2026/05/19 15:03:57.126972 [DEBUG] evaluate: complete, kernel initialized
2026/05/19 15:03:57.126972 [DEBUG] Assert: fact added successfully, total facts=16293
2026/05/19 15:03:57.126972 [DEBUG] Assert: system_heartbeat("perception_firewall", 1779217437).
2026/05/19 15:03:57.126972 [DEBUG] Query completed in 245.0852ms
2026/05/19 15:03:57.126972 [DEBUG] Query completed in 1.4866868s
2026/05/19 15:03:57.126972 [DEBUG] Query: predicate=delegate_task returned 0 results
2026/05/19 15:03:57.126972 [DEBUG] Query: predicate=user_requests_appeal returned 0 results
2026/05/19 15:03:57.126972 [DEBUG] Assert: system_heartbeat("constitution_gate", 1779217437).
2026/05/19 15:03:57.126972 [DEBUG] evaluate: using cached programInfo
2026/05/19 15:03:57.126972 [DEBUG] evaluate: populating store with 16294 EDB facts
2026/05/19 15:03:57.130499 [DEBUG] evaluate: running fixpoint evaluation (derivedFactLimit=500000)
2026/05/19 15:03:57.130499 [DEBUG] evaluate: registered 10/10 external predicates (filtered by Decl)
2026/05/19 15:03:58.645762 [DEBUG] evaluate.fixpoint completed in 1.5152622s
2026/05/19 15:03:58.645762 [DEBUG] evaluate: fixpoint reached - strata=727, evalTime=1.4813648s, wallTime=1.5152622s
2026/05/19 15:03:58.645762 [DEBUG] evaluate completed in 1.5187892s
2026/05/19 15:03:58.645762 [DEBUG] evaluate: complete, kernel initialized
2026/05/19 15:03:58.645762 [DEBUG] Assert: fact added successfully, total facts=16294
2026/05/19 15:03:58.645762 [DEBUG] Assert: system_heartbeat("perception_firewall", 1779217438).
2026/05/19 15:03:58.645762 [DEBUG] Retract: no facts found for predicate=ooda_timeout (EDB unchanged at 16294 facts)
2026/05/19 15:03:58.645762 [DEBUG] evaluate: using cached programInfo
2026/05/19 15:03:58.645762 [DEBUG] Assert: system_heartbeat("executive_policy", 1779217438).
2026/05/19 15:03:58.645762 [DEBUG] evaluate: populating store with 16295 EDB facts
2026/05/19 15:03:58.649867 [DEBUG] evaluate: running fixpoint evaluation (derivedFactLimit=500000)
2026/05/19 15:03:58.649867 [DEBUG] evaluate: registered 10/10 external predicates (filtered by Decl)
2026/05/19 15:03:58.881564 [DEBUG] Query: predicate=delegate_task
2026/05/19 15:04:00.193068 [DEBUG] evaluate.fixpoint completed in 1.5432015s
2026/05/19 15:04:00.193068 [DEBUG] evaluate: fixpoint reached - strata=727, evalTime=1.5060148s, wallTime=1.5432015s
2026/05/19 15:04:00.193068 [DEBUG] evaluate completed in 1.5473066s
2026/05/19 15:04:00.193068 [DEBUG] evaluate: complete, kernel initialized
2026/05/19 15:04:00.193068 [DEBUG] Assert: fact added successfully, total facts=16295
2026/05/19 15:04:00.193068 [DEBUG] Query completed in 1.3115044s
2026/05/19 15:04:00.193068 [DEBUG] Query: predicate=pending_action
2026/05/19 15:04:00.193068 [DEBUG] Query: predicate=delegate_task returned 0 results
2026/05/19 15:04:00.193068 [DEBUG] evaluate: using cached programInfo
2026/05/19 15:04:00.193068 [DEBUG] evaluate: populating store with 16296 EDB facts
2026/05/19 15:04:00.195564 [DEBUG] evaluate: running fixpoint evaluation (derivedFactLimit=500000)
2026/05/19 15:04:00.195564 [DEBUG] evaluate: registered 10/10 external predicates (filtered by Decl)
2026/05/19 15:04:00.881462 [DEBUG] Query: predicate=delegate_task
2026/05/19 15:04:01.725733 [DEBUG] evaluate.fixpoint completed in 1.5301691s
2026/05/19 15:04:01.725733 [DEBUG] evaluate: fixpoint reached - strata=727, evalTime=1.5032437s, wallTime=1.5301691s
2026/05/19 15:04:01.725733 [DEBUG] evaluate completed in 1.5326652s
2026/05/19 15:04:01.725733 [DEBUG] evaluate: complete, kernel initialized
2026/05/19 15:04:01.725733 [DEBUG] Assert: fact added successfully, total facts=16296
2026/05/19 15:04:01.725733 [DEBUG] Query completed in 1.5326652s
2026/05/19 15:04:01.725733 [DEBUG] Assert: system_heartbeat("perception_firewall", 1779217441).
2026/05/19 15:04:01.725733 [DEBUG] Query completed in 844.2711ms
2026/05/19 15:04:01.725733 [DEBUG] Query: predicate=pending_action returned 0 results
2026/05/19 15:04:01.725733 [DEBUG] Query: predicate=user_requests_appeal
2026/05/19 15:04:01.725733 [DEBUG] Query: predicate=delegate_task returned 0 results
2026/05/19 15:04:01.725733 [DEBUG] evaluate: using cached programInfo
2026/05/19 15:04:01.727243 [DEBUG] evaluate: populating store with 16297 EDB facts
2026/05/19 15:04:01.729881 [DEBUG] evaluate: running fixpoint evaluation (derivedFactLimit=500000)
2026/05/19 15:04:01.729881 [DEBUG] evaluate: registered 10/10 external predicates (filtered by Decl)
2026/05/19 15:04:02.881816 [DEBUG] Query: predicate=delegate_task
2026/05/19 15:04:03.290537 [DEBUG] evaluate.fixpoint completed in 1.5606562s
2026/05/19 15:04:03.290537 [DEBUG] evaluate: fixpoint reached - strata=727, evalTime=1.5321783s, wallTime=1.5606562s
2026/05/19 15:04:03.290537 [DEBUG] evaluate completed in 1.564804s
2026/05/19 15:04:03.290537 [DEBUG] evaluate: complete, kernel initialized
2026/05/19 15:04:03.290537 [DEBUG] Assert: fact added successfully, total facts=16297
2026/05/19 15:04:03.290537 [DEBUG] Query: predicate=active_strategy
2026/05/19 15:04:03.290537 [DEBUG] Query completed in 0s
2026/05/19 15:04:03.290537 [DEBUG] Query completed in 1.564804s
2026/05/19 15:04:03.290537 [DEBUG] Query completed in 408.7217ms
2026/05/19 15:04:03.290537 [DEBUG] Query: predicate=user_requests_appeal returned 0 results
2026/05/19 15:04:03.290537 [DEBUG] Query: predicate=active_strategy returned 0 results
2026/05/19 15:04:03.290537 [DEBUG] Assert: system_heartbeat("constitution_gate", 1779217443).
2026/05/19 15:04:03.290537 [DEBUG] Query: predicate=delegate_task returned 0 results
2026/05/19 15:04:03.290537 [DEBUG] Query: predicate=block_commit
2026/05/19 15:04:03.291536 [DEBUG] evaluate: using cached programInfo
2026/05/19 15:04:03.291536 [DEBUG] evaluate: populating store with 16298 EDB facts
2026/05/19 15:04:03.294216 [DEBUG] evaluate: running fixpoint evaluation (derivedFactLimit=500000)
2026/05/19 15:04:03.294216 [DEBUG] evaluate: registered 10/10 external predicates (filtered by Decl)
2026/05/19 15:04:04.881716 [DEBUG] Query: predicate=delegate_task
2026/05/19 15:04:04.890926 [DEBUG] evaluate.fixpoint completed in 1.5967098s
2026/05/19 15:04:04.890926 [DEBUG] evaluate: fixpoint reached - strata=727, evalTime=1.5668846s, wallTime=1.5967098s
2026/05/19 15:04:04.890926 [DEBUG] evaluate completed in 1.5993904s
2026/05/19 15:04:04.890926 [DEBUG] evaluate: complete, kernel initialized
2026/05/19 15:04:04.890926 [DEBUG] Assert: fact added successfully, total facts=16298
2026/05/19 15:04:04.890926 [DEBUG] Assert: system_heartbeat("perception_firewall", 1779217444).
2026/05/19 15:04:04.890926 [DEBUG] Query completed in 9.2096ms
2026/05/19 15:04:04.890926 [DEBUG] Query completed in 1.6003887s
2026/05/19 15:04:04.891441 [DEBUG] Query: predicate=delegate_task returned 0 results
2026/05/19 15:04:04.891441 [DEBUG] Query: predicate=block_commit returned 0 results
2026/05/19 15:04:04.891441 [DEBUG] Query: predicate=block_action
2026/05/19 15:04:04.891441 [DEBUG] evaluate: using cached programInfo
2026/05/19 15:04:04.891441 [DEBUG] evaluate: populating store with 16299 EDB facts
2026/05/19 15:04:04.895642 [DEBUG] evaluate: running fixpoint evaluation (derivedFactLimit=500000)
2026/05/19 15:04:04.895642 [DEBUG] evaluate: registered 10/10 external predicates (filtered by Decl)
2026/05/19 15:04:06.534779 [DEBUG] evaluate.fixpoint completed in 1.6391371s
2026/05/19 15:04:06.534779 [DEBUG] evaluate: fixpoint reached - strata=727, evalTime=1.607528s, wallTime=1.6391371s
2026/05/19 15:04:06.534779 [DEBUG] evaluate completed in 1.643338s
2026/05/19 15:04:06.534779 [DEBUG] evaluate: complete, kernel initialized
2026/05/19 15:04:06.534779 [DEBUG] Assert: fact added successfully, total facts=16299
2026/05/19 15:04:06.534779 [DEBUG] Assert: system_heartbeat("perception_firewall", 1779217446).
2026/05/19 15:04:06.534779 [DEBUG] Query completed in 1.643338s
2026/05/19 15:04:06.534779 [DEBUG] Query: predicate=block_action returned 0 results
2026/05/19 15:04:06.534779 [DEBUG] Query: predicate=executive_blocked
2026/05/19 15:04:06.534779 [DEBUG] evaluate: using cached programInfo
2026/05/19 15:04:06.534779 [DEBUG] evaluate: populating store with 16300 EDB facts
2026/05/19 15:04:06.538975 [DEBUG] evaluate: running fixpoint evaluation (derivedFactLimit=500000)
2026/05/19 15:04:06.538975 [DEBUG] evaluate: registered 10/10 external predicates (filtered by Decl)
2026/05/19 15:04:06.881573 [DEBUG] Query: predicate=delegate_task
2026/05/19 15:04:08.125652 [DEBUG] evaluate.fixpoint completed in 1.5866763s
2026/05/19 15:04:08.125652 [DEBUG] evaluate: fixpoint reached - strata=727, evalTime=1.5590097s, wallTime=1.5866763s
2026/05/19 15:04:08.125652 [DEBUG] evaluate completed in 1.5908725s
2026/05/19 15:04:08.125652 [DEBUG] evaluate: complete, kernel initialized
2026/05/19 15:04:08.125652 [DEBUG] Assert: fact added successfully, total facts=16300
2026/05/19 15:04:08.125652 [DEBUG] Query: predicate=pending_action
2026/05/19 15:04:08.125652 [DEBUG] Query completed in 0s
2026/05/19 15:04:08.125652 [DEBUG] Query completed in 1.5908725s
2026/05/19 15:04:08.125652 [DEBUG] Query: predicate=pending_action returned 0 results
2026/05/19 15:04:08.125652 [DEBUG] Query: predicate=executive_blocked returned 0 results
2026/05/19 15:04:08.125652 [DEBUG] Query completed in 1.2440786s
2026/05/19 15:04:08.125652 [DEBUG] Query: predicate=test_state_blocking
2026/05/19 15:04:08.125652 [DEBUG] Query: predicate=user_requests_appeal
2026/05/19 15:04:08.125652 [DEBUG] Query: predicate=delegate_task returned 0 results
2026/05/19 15:04:08.125652 [DEBUG] evaluate: using cached programInfo
2026/05/19 15:04:08.125652 [DEBUG] evaluate: populating store with 16301 EDB facts
2026/05/19 15:04:08.130551 [DEBUG] evaluate: running fixpoint evaluation (derivedFactLimit=500000)
2026/05/19 15:04:08.130551 [DEBUG] evaluate: registered 10/10 external predicates (filtered by Decl)
2026/05/19 15:04:08.881494 [DEBUG] Query: predicate=delegate_task
2026/05/19 15:04:09.670780 [DEBUG] evaluate.fixpoint completed in 1.5402283s
2026/05/19 15:04:09.670780 [DEBUG] evaluate: fixpoint reached - strata=727, evalTime=1.5147137s, wallTime=1.5402283s
2026/05/19 15:04:09.670780 [DEBUG] evaluate completed in 1.5451279s
2026/05/19 15:04:09.670780 [DEBUG] evaluate: complete, kernel initialized
2026/05/19 15:04:09.670780 [DEBUG] Assert: fact added successfully, total facts=16301
2026/05/19 15:04:09.670780 [DEBUG] Assert: system_heartbeat("perception_firewall", 1779217449).
2026/05/19 15:04:09.670780 [DEBUG] Query completed in 1.5451279s
2026/05/19 15:04:09.670780 [DEBUG] Query completed in 789.286ms
2026/05/19 15:04:09.670780 [DEBUG] Query completed in 1.5451279s
2026/05/19 15:04:09.670780 [DEBUG] Query: predicate=delegate_task returned 0 results
2026/05/19 15:04:09.670780 [DEBUG] Query: predicate=test_state_blocking returned 0 results
2026/05/19 15:04:09.670780 [DEBUG] Query: predicate=next_action
2026/05/19 15:04:09.670780 [DEBUG] Query: predicate=user_requests_appeal returned 0 results
2026/05/19 15:04:09.670780 [DEBUG] Assert: system_heartbeat("constitution_gate", 1779217449).
2026/05/19 15:04:09.670780 [DEBUG] evaluate: using cached programInfo
2026/05/19 15:04:09.670780 [DEBUG] evaluate: populating store with 16302 EDB facts
2026/05/19 15:04:09.673462 [DEBUG] evaluate: running fixpoint evaluation (derivedFactLimit=500000)
2026/05/19 15:04:09.673462 [DEBUG] evaluate: registered 10/10 external predicates (filtered by Decl)
2026/05/19 15:04:10.885098 [DEBUG] Query: predicate=delegate_task
2026/05/19 15:04:11.212083 [DEBUG] evaluate.fixpoint completed in 1.5386219s
2026/05/19 15:04:11.212083 [DEBUG] evaluate: fixpoint reached - strata=727, evalTime=1.51181s, wallTime=1.5386219s
2026/05/19 15:04:11.212083 [DEBUG] evaluate completed in 1.5413039s
2026/05/19 15:04:11.212083 [DEBUG] evaluate: complete, kernel initialized
2026/05/19 15:04:11.212083 [DEBUG] Assert: fact added successfully, total facts=16302
2026/05/19 15:04:11.212083 [DEBUG] Assert: system_heartbeat("perception_firewall", 1779217451).
2026/05/19 15:04:11.212083 [DEBUG] Query completed in 1.5413039s
2026/05/19 15:04:11.212083 [DEBUG] Query completed in 326.9852ms
2026/05/19 15:04:11.212083 [DEBUG] Query: predicate=next_action returned 0 results
2026/05/19 15:04:11.212083 [DEBUG] Query: predicate=tdd_next_action
2026/05/19 15:04:11.212083 [DEBUG] Query: predicate=delegate_task returned 0 results
2026/05/19 15:04:11.212083 [DEBUG] evaluate: using cached programInfo
2026/05/19 15:04:11.212083 [DEBUG] evaluate: populating store with 16303 EDB facts
2026/05/19 15:04:11.216594 [DEBUG] evaluate: running fixpoint evaluation (derivedFactLimit=500000)
2026/05/19 15:04:11.216594 [DEBUG] evaluate: registered 10/10 external predicates (filtered by Decl)
2026/05/19 15:04:12.728555 [DEBUG] evaluate.fixpoint completed in 1.5119607s
2026/05/19 15:04:12.728555 [DEBUG] evaluate: fixpoint reached - strata=727, evalTime=1.4842416s, wallTime=1.5119607s
2026/05/19 15:04:12.728555 [DEBUG] evaluate completed in 1.5164713s
2026/05/19 15:04:12.728555 [DEBUG] evaluate: complete, kernel initialized
2026/05/19 15:04:12.728555 [DEBUG] Assert: fact added successfully, total facts=16303
2026/05/19 15:04:12.728555 [DEBUG] Query completed in 1.5164713s
2026/05/19 15:04:12.728555 [DEBUG] Query: predicate=tdd_next_action returned 0 results
2026/05/19 15:04:12.728555 [DEBUG] Assert: system_heartbeat("perception_firewall", 1779217452).
2026/05/19 15:04:12.728555 [DEBUG] Query: predicate=campaign_next_action
2026/05/19 15:04:12.728555 [DEBUG] evaluate: using cached programInfo
2026/05/19 15:04:12.728555 [DEBUG] evaluate: populating store with 16304 EDB facts
2026/05/19 15:04:12.733715 [DEBUG] evaluate: running fixpoint evaluation (derivedFactLimit=500000)
2026/05/19 15:04:12.733715 [DEBUG] evaluate: registered 10/10 external predicates (filtered by Decl)
2026/05/19 15:04:12.881751 [DEBUG] Query: predicate=delegate_task
2026/05/19 15:04:14.287504 [DEBUG] evaluate.fixpoint completed in 1.5537887s
2026/05/19 15:04:14.287504 [DEBUG] evaluate: fixpoint reached - strata=727, evalTime=1.5189639s, wallTime=1.5537887s
2026/05/19 15:04:14.287504 [DEBUG] evaluate completed in 1.5589488s
2026/05/19 15:04:14.287504 [DEBUG] evaluate: complete, kernel initialized
2026/05/19 15:04:14.287504 [DEBUG] Assert: fact added successfully, total facts=16304
2026/05/19 15:04:14.287504 [DEBUG] Query: predicate=pending_action
2026/05/19 15:04:14.287504 [DEBUG] Query completed in 0s
2026/05/19 15:04:14.287504 [DEBUG] Query completed in 1.5589488s
2026/05/19 15:04:14.287504 [DEBUG] Query: predicate=pending_action returned 0 results
2026/05/19 15:04:14.287504 [DEBUG] Query completed in 1.4057523s
2026/05/19 15:04:14.287504 [DEBUG] Query: predicate=user_requests_appeal
2026/05/19 15:04:14.287504 [DEBUG] Query: predicate=campaign_next_action returned 0 results
2026/05/19 15:04:14.287504 [DEBUG] Query: predicate=delegate_task returned 0 results
2026/05/19 15:04:14.287504 [DEBUG] Query: predicate=repair_next_action
2026/05/19 15:04:14.287504 [DEBUG] evaluate: using cached programInfo
2026/05/19 15:04:14.287504 [DEBUG] evaluate: populating store with 16305 EDB facts
2026/05/19 15:04:14.291325 [DEBUG] evaluate: running fixpoint evaluation (derivedFactLimit=500000)
2026/05/19 15:04:14.291325 [DEBUG] evaluate: registered 10/10 external predicates (filtered by Decl)
2026/05/19 15:04:14.881594 [DEBUG] Query: predicate=delegate_task
2026/05/19 15:04:15.764028 [DEBUG] evaluate.fixpoint completed in 1.4727033s
2026/05/19 15:04:15.764028 [DEBUG] evaluate: fixpoint reached - strata=727, evalTime=1.4444839s, wallTime=1.4727033s
2026/05/19 15:04:15.764028 [DEBUG] evaluate completed in 1.4765249s
2026/05/19 15:04:15.764028 [DEBUG] evaluate: complete, kernel initialized
2026/05/19 15:04:15.764028 [DEBUG] Assert: fact added successfully, total facts=16305
2026/05/19 15:04:15.764028 [DEBUG] Assert: system_heartbeat("perception_firewall", 1779217455).
2026/05/19 15:04:15.764028 [DEBUG] Query completed in 882.434ms
2026/05/19 15:04:15.764028 [DEBUG] Query completed in 1.4765249s
2026/05/19 15:04:15.764028 [DEBUG] Query completed in 1.4765249s
2026/05/19 15:04:15.764028 [DEBUG] Query: predicate=user_requests_appeal returned 0 results
2026/05/19 15:04:15.764028 [DEBUG] Assert: system_heartbeat("constitution_gate", 1779217455).
2026/05/19 15:04:15.764028 [DEBUG] Query: predicate=delegate_task returned 0 results
2026/05/19 15:04:15.764028 [DEBUG] Query: predicate=repair_next_action returned 0 results
2026/05/19 15:04:15.764028 [DEBUG] Query: predicate=delegate_task
2026/05/19 15:04:15.764028 [DEBUG] evaluate: using cached programInfo
2026/05/19 15:04:15.764028 [DEBUG] evaluate: populating store with 16306 EDB facts
2026/05/19 15:04:15.767594 [DEBUG] evaluate: running fixpoint evaluation (derivedFactLimit=500000)
2026/05/19 15:04:15.767594 [DEBUG] evaluate: registered 10/10 external predicates (filtered by Decl)
2026/05/19 15:04:16.881540 [DEBUG] Query: predicate=delegate_task
2026/05/19 15:04:17.219171 [DEBUG] evaluate.fixpoint completed in 1.4515776s
2026/05/19 15:04:17.219171 [DEBUG] evaluate: fixpoint reached - strata=727, evalTime=1.4212233s, wallTime=1.4515776s
2026/05/19 15:04:17.219171 [DEBUG] evaluate completed in 1.4551427s
2026/05/19 15:04:17.219171 [DEBUG] evaluate: complete, kernel initialized
2026/05/19 15:04:17.219171 [DEBUG] Assert: fact added successfully, total facts=16306
2026/05/19 15:04:17.219171 [DEBUG] Assert: system_heartbeat("perception_firewall", 1779217457).
2026/05/19 15:04:17.219171 [DEBUG] Query completed in 1.4551427s
2026/05/19 15:04:17.219171 [DEBUG] Query: predicate=delegate_task returned 0 results
2026/05/19 15:04:17.219171 [DEBUG] Query: predicate=user_intent
2026/05/19 15:04:17.219171 [DEBUG] Query completed in 337.6311ms
2026/05/19 15:04:17.219171 [DEBUG] Query: predicate=delegate_task returned 0 results
2026/05/19 15:04:17.219171 [DEBUG] evaluate: using cached programInfo
2026/05/19 15:04:17.219171 [DEBUG] evaluate: populating store with 16307 EDB facts
2026/05/19 15:04:17.222773 [DEBUG] evaluate: running fixpoint evaluation (derivedFactLimit=500000)
2026/05/19 15:04:17.222773 [DEBUG] evaluate: registered 10/10 external predicates (filtered by Decl)
2026/05/19 15:04:18.734002 [DEBUG] evaluate.fixpoint completed in 1.5112291s
2026/05/19 15:04:18.734002 [DEBUG] evaluate: fixpoint reached - strata=727, evalTime=1.4862651s, wallTime=1.5112291s
2026/05/19 15:04:18.734002 [DEBUG] evaluate completed in 1.514831s
2026/05/19 15:04:18.734002 [DEBUG] evaluate: complete, kernel initialized
2026/05/19 15:04:18.734002 [DEBUG] Assert: fact added successfully, total facts=16307
2026/05/19 15:04:18.734002 [DEBUG] Query completed in 1.514831s
2026/05/19 15:04:18.735517 [DEBUG] Assert: system_heartbeat("perception_firewall", 1779217458).
2026/05/19 15:04:18.735517 [DEBUG] Query: predicate=user_intent returned 0 results
2026/05/19 15:04:18.735517 [DEBUG] Query: predicate=user_intent
2026/05/19 15:04:18.735517 [DEBUG] evaluate: using cached programInfo
2026/05/19 15:04:18.735517 [DEBUG] evaluate: populating store with 16308 EDB facts
2026/05/19 15:04:18.739364 [DEBUG] evaluate: running fixpoint evaluation (derivedFactLimit=500000)
2026/05/19 15:04:18.739364 [DEBUG] evaluate: registered 10/10 external predicates (filtered by Decl)
2026/05/19 15:04:18.881566 [DEBUG] Query: predicate=delegate_task
2026/05/19 15:04:20.301536 [DEBUG] evaluate.fixpoint completed in 1.5621719s
2026/05/19 15:04:20.303044 [DEBUG] evaluate: fixpoint reached - strata=727, evalTime=1.5279796s, wallTime=1.5621719s
2026/05/19 15:04:20.303044 [DEBUG] evaluate completed in 1.5675263s
2026/05/19 15:04:20.303044 [DEBUG] evaluate: complete, kernel initialized
2026/05/19 15:04:20.303044 [DEBUG] Assert: fact added successfully, total facts=16308
2026/05/19 15:04:20.303044 [DEBUG] Query: predicate=pending_action
2026/05/19 15:04:20.303044 [DEBUG] Query completed in 0s
2026/05/19 15:04:20.303044 [DEBUG] Query: predicate=pending_action returned 0 results
2026/05/19 15:04:20.303044 [DEBUG] Query completed in 1.5675263s
2026/05/19 15:04:20.303044 [DEBUG] Query completed in 1.4214776s
2026/05/19 15:04:20.303044 [DEBUG] Query: predicate=user_requests_appeal
2026/05/19 15:04:20.303044 [DEBUG] Query: predicate=user_intent returned 0 results
2026/05/19 15:04:20.303044 [DEBUG] Query: predicate=delegate_task returned 0 results
2026/05/19 15:04:20.303044 [DEBUG] Query: predicate=pending_intent
2026/05/19 15:04:20.303044 [DEBUG] evaluate: using cached programInfo
2026/05/19 15:04:20.303044 [DEBUG] evaluate: populating store with 16309 EDB facts
2026/05/19 15:04:20.307194 [DEBUG] evaluate: running fixpoint evaluation (derivedFactLimit=500000)
2026/05/19 15:04:20.307194 [DEBUG] evaluate: registered 10/10 external predicates (filtered by Decl)
2026/05/19 15:04:20.881441 [DEBUG] Query: predicate=delegate_task
2026/05/19 15:04:21.850533 [DEBUG] evaluate.fixpoint completed in 1.5433386s
2026/05/19 15:04:21.850533 [DEBUG] evaluate: fixpoint reached - strata=727, evalTime=1.5173874s, wallTime=1.5433386s
2026/05/19 15:04:21.850533 [DEBUG] evaluate completed in 1.5474893s
2026/05/19 15:04:21.850533 [DEBUG] evaluate: complete, kernel initialized
2026/05/19 15:04:21.850533 [DEBUG] Assert: fact added successfully, total facts=16309
2026/05/19 15:04:21.850533 [DEBUG] Assert: system_heartbeat("perception_firewall", 1779217461).
2026/05/19 15:04:21.851574 [DEBUG] Query completed in 970.1325ms
2026/05/19 15:04:21.851574 [DEBUG] Query completed in 1.5474893s
2026/05/19 15:04:21.851574 [DEBUG] Query: predicate=delegate_task returned 0 results
2026/05/19 15:04:21.851574 [DEBUG] Query completed in 1.5485301s
2026/05/19 15:04:21.851574 [DEBUG] Query: predicate=user_requests_appeal returned 0 results
2026/05/19 15:04:21.851574 [DEBUG] Assert: system_heartbeat("constitution_gate", 1779217461).
2026/05/19 15:04:21.851574 [DEBUG] Query: predicate=pending_intent returned 0 results
2026/05/19 15:04:21.851574 [DEBUG] Retract: removing all facts with predicate=ooda_timeout
2026/05/19 15:04:21.851574 [DEBUG] evaluate: using cached programInfo
2026/05/19 15:04:21.851574 [DEBUG] evaluate: populating store with 16310 EDB facts
2026/05/19 15:04:21.854610 [DEBUG] evaluate: running fixpoint evaluation (derivedFactLimit=500000)
2026/05/19 15:04:21.854610 [DEBUG] evaluate: registered 10/10 external predicates (filtered by Decl)
2026/05/19 15:04:22.881882 [DEBUG] Query: predicate=delegate_task
2026/05/19 15:04:23.400596 [DEBUG] evaluate.fixpoint completed in 1.5459858s
2026/05/19 15:04:23.400596 [DEBUG] evaluate: fixpoint reached - strata=727, evalTime=1.5141857s, wallTime=1.5459858s
2026/05/19 15:04:23.400596 [DEBUG] evaluate completed in 1.5490225s
2026/05/19 15:04:23.400596 [DEBUG] evaluate: complete, kernel initialized
2026/05/19 15:04:23.400596 [DEBUG] Assert: fact added successfully, total facts=16310
2026/05/19 15:04:23.400596 [DEBUG] Assert: system_heartbeat("perception_firewall", 1779217463).
2026/05/19 15:04:23.400596 [DEBUG] Query completed in 518.7141ms
2026/05/19 15:04:23.400596 [DEBUG] Query: predicate=delegate_task returned 0 results
2026/05/19 15:04:23.400596 [DEBUG] evaluate: using cached programInfo
2026/05/19 15:04:23.400596 [DEBUG] evaluate: populating store with 16311 EDB facts
2026/05/19 15:04:23.407170 [DEBUG] evaluate: running fixpoint evaluation (derivedFactLimit=500000)
2026/05/19 15:04:23.407170 [DEBUG] evaluate: registered 10/10 external predicates (filtered by Decl)
2026/05/19 15:04:24.865264 [DEBUG] evaluate.fixpoint completed in 1.4580941s
2026/05/19 15:04:24.865264 [DEBUG] evaluate: fixpoint reached - strata=727, evalTime=1.4301403s, wallTime=1.4580941s
2026/05/19 15:04:24.865264 [DEBUG] evaluate completed in 1.4646675s
2026/05/19 15:04:24.865264 [DEBUG] evaluate: complete, kernel initialized
2026/05/19 15:04:24.865264 [DEBUG] Assert: fact added successfully, total facts=16311
2026/05/19 15:04:24.865264 [DEBUG] evaluate: using cached programInfo
2026/05/19 15:04:24.865264 [DEBUG] evaluate: populating store with 16312 EDB facts
2026/05/19 15:04:24.865264 [DEBUG] Assert: system_heartbeat("perception_firewall", 1779217464).
2026/05/19 15:04:24.871769 [DEBUG] evaluate: running fixpoint evaluation (derivedFactLimit=500000)
2026/05/19 15:04:24.873373 [DEBUG] evaluate: registered 10/10 external predicates (filtered by Decl)
2026/05/19 15:04:24.881446 [DEBUG] Query: predicate=delegate_task
2026/05/19 15:04:26.363509 [DEBUG] evaluate.fixpoint completed in 1.4901357s
2026/05/19 15:04:26.363509 [DEBUG] evaluate: fixpoint reached - strata=727, evalTime=1.4600628s, wallTime=1.4901357s
2026/05/19 15:04:26.363509 [DEBUG] evaluate completed in 1.4982451s
2026/05/19 15:04:26.363509 [DEBUG] evaluate: complete, kernel initialized
2026/05/19 15:04:26.363509 [DEBUG] Assert: fact added successfully, total facts=16312
2026/05/19 15:04:26.363509 [DEBUG] Query: predicate=pending_action
2026/05/19 15:04:26.363509 [DEBUG] Query completed in 1.4820625s
2026/05/19 15:04:26.363509 [DEBUG] Query: predicate=delegate_task returned 0 results
2026/05/19 15:04:26.363509 [DEBUG] Retract: no facts found for predicate=ooda_timeout (EDB unchanged at 16312 facts)
2026/05/19 15:04:26.363509 [DEBUG] Query completed in 0s
2026/05/19 15:04:26.363509 [DEBUG] Assert: system_heartbeat("executive_policy", 1779217466).
2026/05/19 15:04:26.363509 [DEBUG] Query: predicate=pending_action returned 0 results
2026/05/19 15:04:26.363509 [DEBUG] Query: predicate=user_requests_appeal
2026/05/19 15:04:26.364515 [DEBUG] evaluate: using cached programInfo
2026/05/19 15:04:26.364515 [DEBUG] evaluate: populating store with 16313 EDB facts
2026/05/19 15:04:26.367100 [DEBUG] evaluate: running fixpoint evaluation (derivedFactLimit=500000)
2026/05/19 15:04:26.367100 [DEBUG] evaluate: registered 10/10 external predicates (filtered by Decl)
2026/05/19 15:04:26.881572 [DEBUG] Query: predicate=delegate_task
2026/05/19 15:04:27.817428 [DEBUG] evaluate.fixpoint completed in 1.4503278s
2026/05/19 15:04:27.817428 [DEBUG] evaluate: fixpoint reached - strata=727, evalTime=1.4216057s, wallTime=1.4503278s
2026/05/19 15:04:27.817428 [DEBUG] evaluate completed in 1.4529128s
2026/05/19 15:04:27.817428 [DEBUG] evaluate: complete, kernel initialized
2026/05/19 15:04:27.817428 [DEBUG] Assert: fact added successfully, total facts=16313
2026/05/19 15:04:27.817428 [DEBUG] Assert: system_heartbeat("perception_firewall", 1779217467).
2026/05/19 15:04:27.817428 [DEBUG] Query completed in 1.4539189s
2026/05/19 15:04:27.817428 [DEBUG] Query completed in 935.8561ms
2026/05/19 15:04:27.817428 [DEBUG] Query: predicate=user_requests_appeal returned 0 results
2026/05/19 15:04:27.817428 [DEBUG] Query: predicate=delegate_task returned 0 results
2026/05/19 15:04:27.817428 [DEBUG] evaluate: using cached programInfo
2026/05/19 15:04:27.817428 [DEBUG] evaluate: populating store with 16314 EDB facts
2026/05/19 15:04:27.817428 [DEBUG] Assert: system_heartbeat("constitution_gate", 1779217467).
2026/05/19 15:04:27.823403 [DEBUG] evaluate: running fixpoint evaluation (derivedFactLimit=500000)
2026/05/19 15:04:27.823403 [DEBUG] evaluate: registered 10/10 external predicates (filtered by Decl)
2026/05/19 15:04:28.881438 [DEBUG] Query: predicate=delegate_task
2026/05/19 15:04:29.354396 [DEBUG] evaluate.fixpoint completed in 1.5309935s
2026/05/19 15:04:29.354396 [DEBUG] evaluate: fixpoint reached - strata=727, evalTime=1.4945655s, wallTime=1.5309935s
2026/05/19 15:04:29.354396 [DEBUG] evaluate completed in 1.5369685s
2026/05/19 15:04:29.354396 [DEBUG] evaluate: complete, kernel initialized
2026/05/19 15:04:29.354396 [DEBUG] Assert: fact added successfully, total facts=16314
2026/05/19 15:04:29.354396 [DEBUG] Query completed in 472.9579ms
2026/05/19 15:04:29.354396 [DEBUG] Assert: system_heartbeat("perception_firewall", 1779217469).
2026/05/19 15:04:29.354396 [DEBUG] Query: predicate=delegate_task returned 0 results
2026/05/19 15:04:29.355966 [DEBUG] evaluate: using cached programInfo
2026/05/19 15:04:29.355966 [DEBUG] evaluate: populating store with 16315 EDB facts
2026/05/19 15:04:29.358514 [DEBUG] evaluate: running fixpoint evaluation (derivedFactLimit=500000)
2026/05/19 15:04:29.358514 [DEBUG] evaluate: registered 10/10 external predicates (filtered by Decl)
2026/05/19 15:04:30.867992 [DEBUG] evaluate.fixpoint completed in 1.509478s
2026/05/19 15:04:30.867992 [DEBUG] evaluate: fixpoint reached - strata=727, evalTime=1.4890552s, wallTime=1.509478s
2026/05/19 15:04:30.867992 [DEBUG] evaluate completed in 1.5120262s
2026/05/19 15:04:30.867992 [DEBUG] evaluate: complete, kernel initialized
2026/05/19 15:04:30.867992 [DEBUG] Assert: fact added successfully, total facts=16315
2026/05/19 15:04:30.867992 [DEBUG] evaluate: using cached programInfo
2026/05/19 15:04:30.867992 [DEBUG] Query: predicate=active_strategy
2026/05/19 15:04:30.867992 [DEBUG] evaluate: populating store with 16316 EDB facts
2026/05/19 15:04:30.871223 [DEBUG] evaluate: running fixpoint evaluation (derivedFactLimit=500000)
2026/05/19 15:04:30.871223 [DEBUG] evaluate: registered 10/10 external predicates (filtered by Decl)
2026/05/19 15:04:30.881509 [DEBUG] Query: predicate=delegate_task
2026/05/19 15:04:32.394124 [DEBUG] evaluate.fixpoint completed in 1.5229007s
2026/05/19 15:04:32.394124 [DEBUG] evaluate: fixpoint reached - strata=727, evalTime=1.4999019s, wallTime=1.5229007s
2026/05/19 15:04:32.394124 [DEBUG] evaluate completed in 1.5261318s
2026/05/19 15:04:32.394124 [DEBUG] evaluate: complete, kernel initialized
2026/05/19 15:04:32.394124 [DEBUG] Assert: fact added successfully, total facts=16316
2026/05/19 15:04:32.394124 [DEBUG] Query completed in 1.5261318s
2026/05/19 15:04:32.394124 [DEBUG] Query: predicate=pending_action
2026/05/19 15:04:32.394124 [DEBUG] Query: predicate=active_strategy returned 0 results
2026/05/19 15:04:32.394124 [DEBUG] Query completed in 1.5126147s
2026/05/19 15:04:32.394124 [DEBUG] Query: predicate=block_commit
2026/05/19 15:04:32.394124 [DEBUG] Query: predicate=delegate_task returned 0 results
2026/05/19 15:04:32.394124 [DEBUG] evaluate: using cached programInfo
2026/05/19 15:04:32.394124 [DEBUG] evaluate: populating store with 16317 EDB facts
2026/05/19 15:04:32.397172 [DEBUG] evaluate: running fixpoint evaluation (derivedFactLimit=500000)
2026/05/19 15:04:32.397172 [DEBUG] evaluate: registered 10/10 external predicates (filtered by Decl)
2026/05/19 15:04:32.881879 [DEBUG] Query: predicate=delegate_task
2026/05/19 15:04:33.959634 [DEBUG] evaluate.fixpoint completed in 1.5624627s
2026/05/19 15:04:33.959634 [DEBUG] evaluate: fixpoint reached - strata=727, evalTime=1.5396313s, wallTime=1.5624627s
2026/05/19 15:04:33.959634 [DEBUG] evaluate completed in 1.5655105s
2026/05/19 15:04:33.959634 [DEBUG] evaluate: complete, kernel initialized
2026/05/19 15:04:33.959634 [DEBUG] Assert: fact added successfully, total facts=16317
2026/05/19 15:04:33.959634 [DEBUG] Assert: system_heartbeat("perception_firewall", 1779217473).
2026/05/19 15:04:33.959634 [DEBUG] Query completed in 1.0777558s
2026/05/19 15:04:33.959634 [DEBUG] Query completed in 1.5655105s
2026/05/19 15:04:33.959634 [DEBUG] Query completed in 1.5655105s
2026/05/19 15:04:33.959634 [DEBUG] Query: predicate=pending_action returned 0 results
2026/05/19 15:04:33.959634 [DEBUG] Query: predicate=block_commit returned 0 results
2026/05/19 15:04:33.959634 [DEBUG] Query: predicate=delegate_task returned 0 results
2026/05/19 15:04:33.959634 [DEBUG] Query: predicate=user_requests_appeal
2026/05/19 15:04:33.959634 [DEBUG] Query: predicate=block_action
2026/05/19 15:04:33.959634 [DEBUG] evaluate: using cached programInfo
2026/05/19 15:04:33.959634 [DEBUG] evaluate: populating store with 16318 EDB facts
2026/05/19 15:04:33.962665 [DEBUG] evaluate: running fixpoint evaluation (derivedFactLimit=500000)
2026/05/19 15:04:33.962665 [DEBUG] evaluate: registered 10/10 external predicates (filtered by Decl)
2026/05/19 15:04:34.881579 [DEBUG] Query: predicate=delegate_task
2026/05/19 15:04:35.570281 [DEBUG] evaluate.fixpoint completed in 1.6076167s
2026/05/19 15:04:35.570281 [DEBUG] evaluate: fixpoint reached - strata=727, evalTime=1.5739438s, wallTime=1.6076167s
2026/05/19 15:04:35.570281 [DEBUG] evaluate completed in 1.6106469s
2026/05/19 15:04:35.570281 [DEBUG] evaluate: complete, kernel initialized
2026/05/19 15:04:35.570281 [DEBUG] Assert: fact added successfully, total facts=16318
2026/05/19 15:04:35.570281 [DEBUG] Assert: system_heartbeat("perception_firewall", 1779217475).
2026/05/19 15:04:35.570281 [DEBUG] Query completed in 688.7024ms
2026/05/19 15:04:35.570281 [DEBUG] Query completed in 1.6106469s
2026/05/19 15:04:35.570281 [DEBUG] Query completed in 1.6106469s
2026/05/19 15:04:35.570281 [DEBUG] Query: predicate=user_requests_appeal returned 0 results
2026/05/19 15:04:35.570281 [DEBUG] Assert: system_heartbeat("constitution_gate", 1779217475).
2026/05/19 15:04:35.570795 [DEBUG] Query: predicate=block_action returned 0 results
2026/05/19 15:04:35.570795 [DEBUG] Query: predicate=delegate_task returned 0 results
2026/05/19 15:04:35.570795 [DEBUG] Query: predicate=executive_blocked
2026/05/19 15:04:35.570795 [DEBUG] evaluate: using cached programInfo
2026/05/19 15:04:35.570795 [DEBUG] evaluate: populating store with 16319 EDB facts
2026/05/19 15:04:35.573321 [DEBUG] evaluate: running fixpoint evaluation (derivedFactLimit=500000)
2026/05/19 15:04:35.573321 [DEBUG] evaluate: registered 10/10 external predicates (filtered by Decl)
2026/05/19 15:04:36.881829 [DEBUG] Query: predicate=delegate_task
2026/05/19 15:04:37.324197 [DEBUG] evaluate.fixpoint completed in 1.7508758s
2026/05/19 15:04:37.324197 [DEBUG] evaluate: fixpoint reached - strata=727, evalTime=1.712428s, wallTime=1.7508758s
2026/05/19 15:04:37.324197 [DEBUG] evaluate completed in 1.7534024s
2026/05/19 15:04:37.324197 [DEBUG] evaluate: complete, kernel initialized
2026/05/19 15:04:37.324197 [DEBUG] Assert: fact added successfully, total facts=16319
2026/05/19 15:04:37.324197 [DEBUG] Assert: system_heartbeat("perception_firewall", 1779217477).
2026/05/19 15:04:37.324197 [DEBUG] Query completed in 1.7534024s
2026/05/19 15:04:37.324197 [DEBUG] Query completed in 442.3682ms
2026/05/19 15:04:37.324197 [DEBUG] Query: predicate=executive_blocked returned 0 results
2026/05/19 15:04:37.325204 [DEBUG] Query: predicate=delegate_task returned 0 results
2026/05/19 15:04:37.325204 [DEBUG] Query: predicate=test_state_blocking
2026/05/19 15:04:37.325204 [DEBUG] evaluate: using cached programInfo
2026/05/19 15:04:37.325204 [DEBUG] evaluate: populating store with 16320 EDB facts
2026/05/19 15:04:37.328226 [DEBUG] evaluate: running fixpoint evaluation (derivedFactLimit=500000)
2026/05/19 15:04:37.328226 [DEBUG] evaluate: registered 10/10 external predicates (filtered by Decl)
2026/05/19 15:04:38.874555 [DEBUG] evaluate.fixpoint completed in 1.5463288s
2026/05/19 15:04:38.875058 [DEBUG] evaluate: fixpoint reached - strata=727, evalTime=1.5106485s, wallTime=1.5463288s
2026/05/19 15:04:38.875058 [DEBUG] evaluate completed in 1.5498536s
2026/05/19 15:04:38.875058 [DEBUG] evaluate: complete, kernel initialized
2026/05/19 15:04:38.875058 [DEBUG] Assert: fact added successfully, total facts=16320
2026/05/19 15:04:38.875058 [DEBUG] Query completed in 1.5498536s
2026/05/19 15:04:38.875058 [DEBUG] Assert: system_heartbeat("perception_firewall", 1779217478).
2026/05/19 15:04:38.875058 [DEBUG] Query: predicate=test_state_blocking returned 0 results
2026/05/19 15:04:38.875058 [DEBUG] Query: predicate=next_action
2026/05/19 15:04:38.875058 [DEBUG] evaluate: using cached programInfo
2026/05/19 15:04:38.875058 [DEBUG] evaluate: populating store with 16321 EDB facts
2026/05/19 15:04:38.878117 [DEBUG] evaluate: running fixpoint evaluation (derivedFactLimit=500000)
2026/05/19 15:04:38.878117 [DEBUG] evaluate: registered 10/10 external predicates (filtered by Decl)
2026/05/19 15:04:38.881691 [DEBUG] Query: predicate=delegate_task
2026/05/19 15:04:40.482919 [DEBUG] evaluate.fixpoint completed in 1.604802s
2026/05/19 15:04:40.482919 [DEBUG] evaluate: fixpoint reached - strata=727, evalTime=1.5733226s, wallTime=1.604802s
2026/05/19 15:04:40.482919 [DEBUG] evaluate completed in 1.6078617s
2026/05/19 15:04:40.482919 [DEBUG] evaluate: complete, kernel initialized
2026/05/19 15:04:40.482919 [DEBUG] Assert: fact added successfully, total facts=16321
2026/05/19 15:04:40.482919 [DEBUG] Query: predicate=pending_action
2026/05/19 15:04:40.483923 [DEBUG] Query completed in 1.0039ms
2026/05/19 15:04:40.483923 [DEBUG] Query: predicate=pending_action returned 0 results
2026/05/19 15:04:40.483923 [DEBUG] Query completed in 1.6088656s
2026/05/19 15:04:40.483923 [DEBUG] Query: predicate=user_requests_appeal
2026/05/19 15:04:40.483923 [DEBUG] Query completed in 1.6022326s
2026/05/19 15:04:40.483923 [DEBUG] Query: predicate=next_action returned 0 results
2026/05/19 15:04:40.483923 [DEBUG] Query: predicate=delegate_task returned 0 results
2026/05/19 15:04:40.483923 [DEBUG] Query: predicate=tdd_next_action
2026/05/19 15:04:40.483923 [DEBUG] evaluate: using cached programInfo
2026/05/19 15:04:40.483923 [DEBUG] evaluate: populating store with 16322 EDB facts
2026/05/19 15:04:40.487560 [DEBUG] evaluate: running fixpoint evaluation (derivedFactLimit=500000)
2026/05/19 15:04:40.487560 [DEBUG] evaluate: registered 10/10 external predicates (filtered by Decl)
2026/05/19 15:04:40.881811 [DEBUG] Query: predicate=delegate_task
2026/05/19 15:04:41.839170 [DEBUG] evaluate.fixpoint completed in 1.3516097s
2026/05/19 15:04:41.839170 [DEBUG] evaluate: fixpoint reached - strata=727, evalTime=1.3275614s, wallTime=1.3516097s
2026/05/19 15:04:41.839170 [DEBUG] evaluate completed in 1.3552464s
2026/05/19 15:04:41.839170 [DEBUG] evaluate: complete, kernel initialized
2026/05/19 15:04:41.839170 [DEBUG] Assert: fact added successfully, total facts=16322
2026/05/19 15:04:41.839170 [DEBUG] Assert: system_heartbeat("perception_firewall", 1779217481).
2026/05/19 15:04:41.839683 [DEBUG] Query completed in 957.8714ms
2026/05/19 15:04:41.839683 [DEBUG] Query: predicate=delegate_task returned 0 results
2026/05/19 15:04:41.839683 [DEBUG] Query completed in 1.3557595s
2026/05/19 15:04:41.839683 [DEBUG] Query completed in 1.3557595s
2026/05/19 15:04:41.839683 [DEBUG] Query: predicate=user_requests_appeal returned 0 results
2026/05/19 15:04:41.839683 [DEBUG] Query: predicate=tdd_next_action returned 0 results
2026/05/19 15:04:41.839683 [DEBUG] Query: predicate=campaign_next_action
2026/05/19 15:04:41.839683 [DEBUG] Assert: system_heartbeat("constitution_gate", 1779217481).
2026/05/19 15:04:41.839683 [DEBUG] evaluate: using cached programInfo
2026/05/19 15:04:41.839683 [DEBUG] evaluate: populating store with 16323 EDB facts
2026/05/19 15:04:41.842734 [DEBUG] evaluate: running fixpoint evaluation (derivedFactLimit=500000)
2026/05/19 15:04:41.842734 [DEBUG] evaluate: registered 10/10 external predicates (filtered by Decl)
2026/05/19 15:04:42.881757 [DEBUG] Query: predicate=delegate_task
2026/05/19 15:04:43.157199 [DEBUG] evaluate.fixpoint completed in 1.3144647s
2026/05/19 15:04:43.157199 [DEBUG] evaluate: fixpoint reached - strata=727, evalTime=1.2901338s, wallTime=1.3144647s
2026/05/19 15:04:43.157199 [DEBUG] evaluate completed in 1.3175159s
2026/05/19 15:04:43.157199 [DEBUG] evaluate: complete, kernel initialized
2026/05/19 15:04:43.157199 [DEBUG] Assert: fact added successfully, total facts=16323
2026/05/19 15:04:43.157199 [DEBUG] Assert: system_heartbeat("perception_firewall", 1779217483).
2026/05/19 15:04:43.157199 [DEBUG] Query completed in 275.4416ms
2026/05/19 15:04:43.157199 [DEBUG] Query completed in 1.3175159s
2026/05/19 15:04:43.157199 [DEBUG] Query: predicate=delegate_task returned 0 results
2026/05/19 15:04:43.157199 [DEBUG] Query: predicate=campaign_next_action returned 0 results
2026/05/19 15:04:43.157199 [DEBUG] Query: predicate=repair_next_action
2026/05/19 15:04:43.157199 [DEBUG] evaluate: using cached programInfo
2026/05/19 15:04:43.157199 [DEBUG] evaluate: populating store with 16324 EDB facts
2026/05/19 15:04:43.160334 [DEBUG] evaluate: running fixpoint evaluation (derivedFactLimit=500000)
2026/05/19 15:04:43.161340 [DEBUG] evaluate: registered 10/10 external predicates (filtered by Decl)
2026/05/19 15:04:44.630775 [DEBUG] evaluate.fixpoint completed in 1.4694345s
2026/05/19 15:04:44.630775 [DEBUG] evaluate: fixpoint reached - strata=727, evalTime=1.4366114s, wallTime=1.4694345s
2026/05/19 15:04:44.630775 [DEBUG] evaluate completed in 1.4735763s
2026/05/19 15:04:44.630775 [DEBUG] evaluate: complete, kernel initialized
2026/05/19 15:04:44.630775 [DEBUG] Assert: fact added successfully, total facts=16324
2026/05/19 15:04:44.630775 [DEBUG] Assert: system_heartbeat("perception_firewall", 1779217484).
2026/05/19 15:04:44.630775 [DEBUG] Query completed in 1.4735763s
2026/05/19 15:04:44.630775 [DEBUG] Query: predicate=repair_next_action returned 0 results
2026/05/19 15:04:44.630775 [DEBUG] Query: predicate=delegate_task
2026/05/19 15:04:44.630775 [DEBUG] evaluate: using cached programInfo
2026/05/19 15:04:44.630775 [DEBUG] evaluate: populating store with 16325 EDB facts
2026/05/19 15:04:44.634821 [DEBUG] evaluate: running fixpoint evaluation (derivedFactLimit=500000)
2026/05/19 15:04:44.634821 [DEBUG] evaluate: registered 10/10 external predicates (filtered by Decl)
2026/05/19 15:04:44.881694 [DEBUG] Query: predicate=delegate_task
2026/05/19 15:04:45.973872 [DEBUG] evaluate.fixpoint completed in 1.3390519s
2026/05/19 15:04:45.973872 [DEBUG] evaluate: fixpoint reached - strata=727, evalTime=1.309779s, wallTime=1.3390519s
2026/05/19 15:04:45.973872 [DEBUG] evaluate completed in 1.3430975s
2026/05/19 15:04:45.973872 [DEBUG] evaluate: complete, kernel initialized
2026/05/19 15:04:45.973872 [DEBUG] Assert: fact added successfully, total facts=16325
2026/05/19 15:04:45.973872 [DEBUG] Query: predicate=pending_action
2026/05/19 15:04:45.973872 [DEBUG] Query completed in 0s
2026/05/19 15:04:45.974873 [DEBUG] Query: predicate=pending_action returned 0 results
2026/05/19 15:04:45.974873 [DEBUG] Query: predicate=user_requests_appeal
2026/05/19 15:04:45.974873 [DEBUG] Query completed in 0s
2026/05/19 15:04:45.974873 [DEBUG] Query: predicate=user_requests_appeal returned 0 results
2026/05/19 15:04:45.974873 [DEBUG] Assert: system_heartbeat("constitution_gate", 1779217485).
2026/05/19 15:04:45.974873 [DEBUG] Query completed in 1.3440976s
2026/05/19 15:04:45.974873 [DEBUG] Query: predicate=delegate_task returned 0 results
2026/05/19 15:04:45.974873 [DEBUG] Query: predicate=user_intent
2026/05/19 15:04:45.974873 [DEBUG] Query completed in 0s
2026/05/19 15:04:45.974873 [DEBUG] Query: predicate=user_intent returned 0 results
2026/05/19 15:04:45.974873 [DEBUG] Query: predicate=user_intent
2026/05/19 15:04:45.974873 [DEBUG] evaluate: using cached programInfo
2026/05/19 15:04:45.974873 [DEBUG] evaluate: populating store with 16326 EDB facts
2026/05/19 15:04:45.981751 [DEBUG] evaluate: running fixpoint evaluation (derivedFactLimit=500000)
2026/05/19 15:04:45.981751 [DEBUG] evaluate: registered 10/10 external predicates (filtered by Decl)
2026/05/19 15:04:47.361851 [DEBUG] evaluate.fixpoint completed in 1.3801009s
2026/05/19 15:04:47.361851 [DEBUG] evaluate: fixpoint reached - strata=727, evalTime=1.3513558s, wallTime=1.3801009s
2026/05/19 15:04:47.361851 [DEBUG] evaluate completed in 1.3869789s
2026/05/19 15:04:47.361851 [DEBUG] evaluate: complete, kernel initialized
2026/05/19 15:04:47.361851 [DEBUG] Assert: fact added successfully, total facts=16326
2026/05/19 15:04:47.361851 [DEBUG] Query completed in 1.3869789s
2026/05/19 15:04:47.361851 [DEBUG] Query: predicate=pending_action
2026/05/19 15:04:47.361851 [DEBUG] Query completed in 2.4801572s
2026/05/19 15:04:47.361851 [DEBUG] Query: predicate=user_intent returned 0 results
2026/05/19 15:04:47.361851 [DEBUG] Query: predicate=pending_intent
2026/05/19 15:04:47.361851 [DEBUG] Query: predicate=delegate_task returned 0 results
2026/05/19 15:04:47.361851 [DEBUG] Query: predicate=delegate_task
2026/05/19 15:04:47.361851 [DEBUG] evaluate: using cached programInfo
2026/05/19 15:04:47.362356 [DEBUG] evaluate: populating store with 16327 EDB facts
2026/05/19 15:04:47.364866 [DEBUG] evaluate: running fixpoint evaluation (derivedFactLimit=500000)
2026/05/19 15:04:47.364866 [DEBUG] evaluate: registered 10/10 external predicates (filtered by Decl)
2026/05/19 15:04:48.784054 [DEBUG] evaluate.fixpoint completed in 1.4191884s
2026/05/19 15:04:48.784054 [DEBUG] evaluate: fixpoint reached - strata=727, evalTime=1.3822809s, wallTime=1.4191884s
2026/05/19 15:04:48.784054 [DEBUG] evaluate completed in 1.4222028s
2026/05/19 15:04:48.784054 [DEBUG] evaluate: complete, kernel initialized
2026/05/19 15:04:48.784054 [DEBUG] Assert: fact added successfully, total facts=16327
2026/05/19 15:04:48.784593 [DEBUG] Assert: system_heartbeat("perception_firewall", 1779217488).
2026/05/19 15:04:48.784593 [DEBUG] Query completed in 1.4227416s
2026/05/19 15:04:48.784593 [DEBUG] Query completed in 1.4227416s
2026/05/19 15:04:48.784593 [DEBUG] Query: predicate=delegate_task returned 0 results
2026/05/19 15:04:48.784593 [DEBUG] Query completed in 1.4227416s
2026/05/19 15:04:48.784593 [DEBUG] Query: predicate=pending_action returned 0 results
2026/05/19 15:04:48.784593 [DEBUG] Query: predicate=user_requests_appeal
2026/05/19 15:04:48.784593 [DEBUG] Query: predicate=pending_intent returned 0 results
2026/05/19 15:04:48.784593 [DEBUG] Retract: removing all facts with predicate=ooda_timeout
2026/05/19 15:04:48.784593 [DEBUG] evaluate: using cached programInfo
2026/05/19 15:04:48.784593 [DEBUG] evaluate: populating store with 16328 EDB facts
2026/05/19 15:04:48.788270 [DEBUG] evaluate: running fixpoint evaluation (derivedFactLimit=500000)
2026/05/19 15:04:48.788270 [DEBUG] evaluate: registered 10/10 external predicates (filtered by Decl)
2026/05/19 15:04:48.881702 [DEBUG] Query: predicate=delegate_task
2026/05/19 15:04:50.218237 [DEBUG] evaluate.fixpoint completed in 1.4299675s
2026/05/19 15:04:50.219753 [DEBUG] evaluate: fixpoint reached - strata=727, evalTime=1.4053236s, wallTime=1.4299675s
2026/05/19 15:04:50.219753 [DEBUG] evaluate completed in 1.4351596s
2026/05/19 15:04:50.219753 [DEBUG] evaluate: complete, kernel initialized
2026/05/19 15:04:50.219753 [DEBUG] Assert: fact added successfully, total facts=16328
2026/05/19 15:04:50.219753 [DEBUG] Assert: system_heartbeat("perception_firewall", 1779217490).
2026/05/19 15:04:50.219753 [DEBUG] Query completed in 1.4351596s
2026/05/19 15:04:50.219753 [DEBUG] Query completed in 1.3380502s
2026/05/19 15:04:50.219753 [DEBUG] Query: predicate=user_requests_appeal returned 0 results
2026/05/19 15:04:50.219753 [DEBUG] Assert: system_heartbeat("constitution_gate", 1779217490).
2026/05/19 15:04:50.219753 [DEBUG] Query: predicate=delegate_task returned 0 results
2026/05/19 15:04:50.219753 [DEBUG] evaluate: using cached programInfo
2026/05/19 15:04:50.219753 [DEBUG] evaluate: populating store with 16329 EDB facts
2026/05/19 15:04:50.223844 [DEBUG] evaluate: running fixpoint evaluation (derivedFactLimit=500000)
2026/05/19 15:04:50.223844 [DEBUG] evaluate: registered 10/10 external predicates (filtered by Decl)
2026/05/19 15:04:50.882706 [DEBUG] Query: predicate=delegate_task
2026/05/19 15:04:51.579866 [DEBUG] evaluate.fixpoint completed in 1.3560228s
2026/05/19 15:04:51.579866 [DEBUG] evaluate: fixpoint reached - strata=727, evalTime=1.3284538s, wallTime=1.3560228s
2026/05/19 15:04:51.579866 [DEBUG] evaluate completed in 1.3601137s
2026/05/19 15:04:51.579866 [DEBUG] evaluate: complete, kernel initialized
2026/05/19 15:04:51.579866 [DEBUG] Assert: fact added successfully, total facts=16329
2026/05/19 15:04:51.579866 [DEBUG] Query completed in 697.1606ms
2026/05/19 15:04:51.579866 [DEBUG] Assert: system_heartbeat("perception_firewall", 1779217491).
2026/05/19 15:04:51.579866 [DEBUG] Query: predicate=delegate_task returned 0 results
2026/05/19 15:04:51.579866 [DEBUG] Retract: no facts found for predicate=ooda_timeout (EDB unchanged at 16329 facts)
2026/05/19 15:04:51.579866 [DEBUG] evaluate: using cached programInfo
2026/05/19 15:04:51.579866 [DEBUG] evaluate: populating store with 16330 EDB facts
2026/05/19 15:04:51.579866 [DEBUG] Assert: system_heartbeat("executive_policy", 1779217491).
2026/05/19 15:04:51.583384 [DEBUG] evaluate: running fixpoint evaluation (derivedFactLimit=500000)
2026/05/19 15:04:51.583384 [DEBUG] evaluate: registered 10/10 external predicates (filtered by Decl)
2026/05/19 15:04:52.859211 [DEBUG] evaluate.fixpoint completed in 1.2758273s
2026/05/19 15:04:52.859211 [DEBUG] evaluate: fixpoint reached - strata=727, evalTime=1.246658s, wallTime=1.2758273s
2026/05/19 15:04:52.859211 [DEBUG] evaluate completed in 1.2793451s
2026/05/19 15:04:52.859211 [DEBUG] evaluate: complete, kernel initialized
2026/05/19 15:04:52.859211 [DEBUG] Assert: fact added successfully, total facts=16330
2026/05/19 15:04:52.859211 [DEBUG] evaluate: using cached programInfo
2026/05/19 15:04:52.859211 [DEBUG] Query: predicate=pending_action
2026/05/19 15:04:52.859211 [DEBUG] evaluate: populating store with 16331 EDB facts
2026/05/19 15:04:52.862374 [DEBUG] evaluate: running fixpoint evaluation (derivedFactLimit=500000)
2026/05/19 15:04:52.862374 [DEBUG] evaluate: registered 10/10 external predicates (filtered by Decl)
2026/05/19 15:04:52.881674 [DEBUG] Query: predicate=delegate_task
2026/05/19 15:04:54.141720 [DEBUG] evaluate.fixpoint completed in 1.2793458s
2026/05/19 15:04:54.141720 [DEBUG] evaluate: fixpoint reached - strata=727, evalTime=1.2520334s, wallTime=1.2793458s
2026/05/19 15:04:54.141720 [DEBUG] evaluate completed in 1.2825086s
2026/05/19 15:04:54.142729 [DEBUG] evaluate: complete, kernel initialized
2026/05/19 15:04:54.142729 [DEBUG] Assert: fact added successfully, total facts=16331
2026/05/19 15:04:54.142729 [DEBUG] Query completed in 1.2835177s
2026/05/19 15:04:54.142729 [DEBUG] Assert: system_heartbeat("perception_firewall", 1779217494).
2026/05/19 15:04:54.142729 [DEBUG] Query: predicate=pending_action returned 0 results
2026/05/19 15:04:54.142729 [DEBUG] Query completed in 1.2610549s
2026/05/19 15:04:54.142729 [DEBUG] Query: predicate=user_requests_appeal
2026/05/19 15:04:54.142729 [DEBUG] Query: predicate=delegate_task returned 0 results
2026/05/19 15:04:54.142729 [DEBUG] evaluate: using cached programInfo
2026/05/19 15:04:54.142729 [DEBUG] evaluate: populating store with 16332 EDB facts
2026/05/19 15:04:54.146260 [DEBUG] evaluate: running fixpoint evaluation (derivedFactLimit=500000)
2026/05/19 15:04:54.146260 [DEBUG] evaluate: registered 10/10 external predicates (filtered by Decl)
2026/05/19 15:04:54.881722 [DEBUG] Query: predicate=delegate_task
2026/05/19 15:04:55.477240 [DEBUG] evaluate.fixpoint completed in 1.3309801s
2026/05/19 15:04:55.477240 [DEBUG] evaluate: fixpoint reached - strata=727, evalTime=1.3042744s, wallTime=1.3309801s
2026/05/19 15:04:55.477240 [DEBUG] evaluate completed in 1.3345106s
2026/05/19 15:04:55.477240 [DEBUG] evaluate: complete, kernel initialized
2026/05/19 15:04:55.477240 [DEBUG] Assert: fact added successfully, total facts=16332
2026/05/19 15:04:55.477240 [DEBUG] Query: predicate=active_strategy
2026/05/19 15:04:55.477240 [DEBUG] Query completed in 0s
2026/05/19 15:04:55.477240 [DEBUG] Query: predicate=active_strategy returned 0 results
2026/05/19 15:04:55.477240 [DEBUG] Query: predicate=block_commit
2026/05/19 15:04:55.477240 [DEBUG] Query completed in 1.3345106s
2026/05/19 15:04:55.477240 [DEBUG] Query completed in 595.5179ms
2026/05/19 15:04:55.477240 [DEBUG] Query: predicate=user_requests_appeal returned 0 results
2026/05/19 15:04:55.477240 [DEBUG] Query: predicate=delegate_task returned 0 results
2026/05/19 15:04:55.477240 [DEBUG] Assert: system_heartbeat("constitution_gate", 1779217495).
2026/05/19 15:04:55.477240 [DEBUG] evaluate: using cached programInfo
2026/05/19 15:04:55.477240 [DEBUG] evaluate: populating store with 16333 EDB facts
2026/05/19 15:04:55.480751 [DEBUG] evaluate: running fixpoint evaluation (derivedFactLimit=500000)
2026/05/19 15:04:55.480751 [DEBUG] evaluate: registered 10/10 external predicates (filtered by Decl)
2026/05/19 15:04:56.765726 [DEBUG] evaluate.fixpoint completed in 1.2849744s
2026/05/19 15:04:56.765726 [DEBUG] evaluate: fixpoint reached - strata=727, evalTime=1.2546472s, wallTime=1.2849744s
2026/05/19 15:04:56.765726 [DEBUG] evaluate completed in 1.2884859s
2026/05/19 15:04:56.765726 [DEBUG] evaluate: complete, kernel initialized
2026/05/19 15:04:56.765726 [DEBUG] Assert: fact added successfully, total facts=16333
2026/05/19 15:04:56.765726 [DEBUG] Assert: system_heartbeat("perception_firewall", 1779217496).
2026/05/19 15:04:56.765726 [DEBUG] Query completed in 1.2884859s
2026/05/19 15:04:56.765726 [DEBUG] Query: predicate=block_commit returned 0 results
2026/05/19 15:04:56.767332 [DEBUG] Query: predicate=block_action
2026/05/19 15:04:56.767332 [DEBUG] evaluate: using cached programInfo
2026/05/19 15:04:56.767332 [DEBUG] evaluate: populating store with 16334 EDB facts
2026/05/19 15:04:56.769851 [DEBUG] evaluate: running fixpoint evaluation (derivedFactLimit=500000)
2026/05/19 15:04:56.769851 [DEBUG] evaluate: registered 10/10 external predicates (filtered by Decl)
2026/05/19 15:04:56.881848 [DEBUG] Query: predicate=delegate_task
2026/05/19 15:04:58.060575 [DEBUG] evaluate.fixpoint completed in 1.2907244s
2026/05/19 15:04:58.060575 [DEBUG] evaluate: fixpoint reached - strata=727, evalTime=1.2680285s, wallTime=1.2907244s
2026/05/19 15:04:58.060575 [DEBUG] evaluate completed in 1.293243s
2026/05/19 15:04:58.060575 [DEBUG] evaluate: complete, kernel initialized
2026/05/19 15:04:58.060575 [DEBUG] Assert: fact added successfully, total facts=16334
2026/05/19 15:04:58.060575 [DEBUG] Query: predicate=pending_action
2026/05/19 15:04:58.060575 [DEBUG] Query completed in 0s
2026/05/19 15:04:58.060575 [DEBUG] Query: predicate=pending_action returned 0 results
2026/05/19 15:04:58.060575 [DEBUG] Query: predicate=user_requests_appeal
2026/05/19 15:04:58.060575 [DEBUG] Query completed in 1.1787277s
2026/05/19 15:04:58.060575 [DEBUG] Query completed in 1.293243s
2026/05/19 15:04:58.060575 [DEBUG] Query: predicate=delegate_task returned 0 results
2026/05/19 15:04:58.060575 [DEBUG] Query: predicate=block_action returned 0 results
2026/05/19 15:04:58.060575 [DEBUG] Query: predicate=executive_blocked
2026/05/19 15:04:58.060575 [DEBUG] evaluate: using cached programInfo
2026/05/19 15:04:58.060575 [DEBUG] evaluate: populating store with 16335 EDB facts
2026/05/19 15:04:58.063094 [DEBUG] evaluate: running fixpoint evaluation (derivedFactLimit=500000)
2026/05/19 15:04:58.063094 [DEBUG] evaluate: registered 10/10 external predicates (filtered by Decl)
2026/05/19 15:04:58.881697 [DEBUG] Query: predicate=delegate_task
2026/05/19 15:04:59.381416 [DEBUG] evaluate.fixpoint completed in 1.3183225s
2026/05/19 15:04:59.381416 [DEBUG] evaluate: fixpoint reached - strata=727, evalTime=1.2947962s, wallTime=1.3183225s
2026/05/19 15:04:59.381416 [DEBUG] evaluate completed in 1.3208409s
2026/05/19 15:04:59.381416 [DEBUG] evaluate: complete, kernel initialized
2026/05/19 15:04:59.381416 [DEBUG] Assert: fact added successfully, total facts=16335
2026/05/19 15:04:59.381416 [DEBUG] Assert: system_heartbeat("perception_firewall", 1779217499).
2026/05/19 15:04:59.381416 [DEBUG] Query completed in 499.7192ms
2026/05/19 15:04:59.381416 [DEBUG] Query completed in 1.3208409s
2026/05/19 15:04:59.381416 [DEBUG] Query completed in 1.3208409s
2026/05/19 15:04:59.381416 [DEBUG] Query: predicate=user_requests_appeal returned 0 results
2026/05/19 15:04:59.381416 [DEBUG] Query: predicate=delegate_task returned 0 results
2026/05/19 15:04:59.381416 [DEBUG] Assert: system_heartbeat("constitution_gate", 1779217499).
2026/05/19 15:04:59.381416 [DEBUG] Query: predicate=executive_blocked returned 0 results
2026/05/19 15:04:59.381416 [DEBUG] Query: predicate=test_state_blocking
2026/05/19 15:04:59.381416 [DEBUG] evaluate: using cached programInfo
2026/05/19 15:04:59.381416 [DEBUG] evaluate: populating store with 16336 EDB facts
2026/05/19 15:04:59.385432 [DEBUG] evaluate: running fixpoint evaluation (derivedFactLimit=500000)
2026/05/19 15:04:59.385432 [DEBUG] evaluate: registered 10/10 external predicates (filtered by Decl)
2026/05/19 15:05:00.694970 [DEBUG] evaluate.fixpoint completed in 1.3095387s
2026/05/19 15:05:00.694970 [DEBUG] evaluate: fixpoint reached - strata=727, evalTime=1.2784755s, wallTime=1.3095387s
2026/05/19 15:05:00.694970 [DEBUG] evaluate completed in 1.3135541s
2026/05/19 15:05:00.694970 [DEBUG] evaluate: complete, kernel initialized
2026/05/19 15:05:00.694970 [DEBUG] Assert: fact added successfully, total facts=16336
2026/05/19 15:05:00.694970 [DEBUG] Assert: system_heartbeat("perception_firewall", 1779217500).
2026/05/19 15:05:00.694970 [DEBUG] Query completed in 1.3135541s
2026/05/19 15:05:00.694970 [DEBUG] Query: predicate=test_state_blocking returned 0 results
2026/05/19 15:05:00.694970 [DEBUG] Query: predicate=next_action
2026/05/19 15:05:00.694970 [DEBUG] evaluate: using cached programInfo
2026/05/19 15:05:00.694970 [DEBUG] evaluate: populating store with 16337 EDB facts
2026/05/19 15:05:00.698791 [DEBUG] evaluate: running fixpoint evaluation (derivedFactLimit=500000)
2026/05/19 15:05:00.698791 [DEBUG] evaluate: registered 10/10 external predicates (filtered by Decl)
2026/05/19 15:05:00.881780 [DEBUG] Query: predicate=delegate_task
2026/05/19 15:05:02.000978 [DEBUG] evaluate.fixpoint completed in 1.3021869s
2026/05/19 15:05:02.000978 [DEBUG] evaluate: fixpoint reached - strata=727, evalTime=1.2792919s, wallTime=1.3021869s
2026/05/19 15:05:02.000978 [DEBUG] evaluate completed in 1.3060076s
2026/05/19 15:05:02.000978 [DEBUG] evaluate: complete, kernel initialized
2026/05/19 15:05:02.000978 [DEBUG] Assert: fact added successfully, total facts=16337
2026/05/19 15:05:02.000978 [DEBUG] Query completed in 1.3060076s
2026/05/19 15:05:02.000978 [DEBUG] Query: predicate=next_action returned 0 results
2026/05/19 15:05:02.000978 [DEBUG] Query: predicate=tdd_next_action
2026/05/19 15:05:02.000978 [DEBUG] Assert: system_heartbeat("perception_firewall", 1779217502).
2026/05/19 15:05:02.000978 [DEBUG] Query completed in 1.1191977s
2026/05/19 15:05:02.001985 [DEBUG] Query: predicate=delegate_task returned 0 results
2026/05/19 15:05:02.001985 [DEBUG] evaluate: using cached programInfo
2026/05/19 15:05:02.001985 [DEBUG] evaluate: populating store with 16338 EDB facts
2026/05/19 15:05:02.005280 [DEBUG] evaluate: running fixpoint evaluation (derivedFactLimit=500000)
2026/05/19 15:05:02.005280 [DEBUG] evaluate: registered 10/10 external predicates (filtered by Decl)
2026/05/19 15:05:02.881702 [DEBUG] Query: predicate=delegate_task
2026/05/19 15:05:03.377994 [DEBUG] evaluate.fixpoint completed in 1.3727136s
2026/05/19 15:05:03.377994 [DEBUG] evaluate: fixpoint reached - strata=727, evalTime=1.3437039s, wallTime=1.3727136s
2026/05/19 15:05:03.377994 [DEBUG] evaluate completed in 1.3760086s
2026/05/19 15:05:03.377994 [DEBUG] evaluate: complete, kernel initialized
2026/05/19 15:05:03.377994 [DEBUG] Assert: fact added successfully, total facts=16338
2026/05/19 15:05:03.377994 [DEBUG] Query: predicate=pending_action
2026/05/19 15:05:03.377994 [DEBUG] Query completed in 0s
2026/05/19 15:05:03.377994 [DEBUG] Query completed in 1.3770159s
2026/05/19 15:05:03.377994 [DEBUG] Query: predicate=pending_action returned 0 results
2026/05/19 15:05:03.377994 [DEBUG] Query: predicate=user_requests_appeal
2026/05/19 15:05:03.377994 [DEBUG] Query completed in 496.2921ms
2026/05/19 15:05:03.377994 [DEBUG] Query: predicate=tdd_next_action returned 0 results
2026/05/19 15:05:03.377994 [DEBUG] Query: predicate=delegate_task returned 0 results
2026/05/19 15:05:03.377994 [DEBUG] Query: predicate=campaign_next_action
2026/05/19 15:05:03.377994 [DEBUG] evaluate: using cached programInfo
2026/05/19 15:05:03.377994 [DEBUG] evaluate: populating store with 16339 EDB facts
2026/05/19 15:05:03.380569 [DEBUG] evaluate: running fixpoint evaluation (derivedFactLimit=500000)
2026/05/19 15:05:03.380569 [DEBUG] evaluate: registered 10/10 external predicates (filtered by Decl)
2026/05/19 15:05:04.761500 [DEBUG] evaluate.fixpoint completed in 1.3809311s
2026/05/19 15:05:04.761500 [DEBUG] evaluate: fixpoint reached - strata=727, evalTime=1.3512798s, wallTime=1.3809311s
2026/05/19 15:05:04.761500 [DEBUG] evaluate completed in 1.3835057s
2026/05/19 15:05:04.761500 [DEBUG] evaluate: complete, kernel initialized
2026/05/19 15:05:04.761500 [DEBUG] Assert: fact added successfully, total facts=16339
2026/05/19 15:05:04.761500 [DEBUG] Assert: system_heartbeat("perception_firewall", 1779217504).
2026/05/19 15:05:04.761500 [DEBUG] Query completed in 1.3835057s
2026/05/19 15:05:04.761500 [DEBUG] Query: predicate=campaign_next_action returned 0 results
2026/05/19 15:05:04.761500 [DEBUG] Query completed in 1.3835057s
2026/05/19 15:05:04.761500 [DEBUG] Query: predicate=repair_next_action
2026/05/19 15:05:04.761500 [DEBUG] Query: predicate=user_requests_appeal returned 0 results
2026/05/19 15:05:04.761500 [DEBUG] Assert: system_heartbeat("constitution_gate", 1779217504).
2026/05/19 15:05:04.761500 [DEBUG] evaluate: using cached programInfo
2026/05/19 15:05:04.761500 [DEBUG] evaluate: populating store with 16340 EDB facts
2026/05/19 15:05:04.764008 [DEBUG] evaluate: running fixpoint evaluation (derivedFactLimit=500000)
2026/05/19 15:05:04.764008 [DEBUG] evaluate: registered 10/10 external predicates (filtered by Decl)
2026/05/19 15:05:04.881801 [DEBUG] Query: predicate=delegate_task
2026/05/19 15:05:06.024821 [DEBUG] evaluate.fixpoint completed in 1.2608136s
2026/05/19 15:05:06.024821 [DEBUG] evaluate: fixpoint reached - strata=727, evalTime=1.2293123s, wallTime=1.2608136s
2026/05/19 15:05:06.024821 [DEBUG] evaluate completed in 1.2633217s
2026/05/19 15:05:06.024821 [DEBUG] evaluate: complete, kernel initialized
2026/05/19 15:05:06.024821 [DEBUG] Assert: fact added successfully, total facts=16340
2026/05/19 15:05:06.024821 [DEBUG] Assert: system_heartbeat("perception_firewall", 1779217506).
2026/05/19 15:05:06.024821 [DEBUG] Query completed in 1.2633217s
2026/05/19 15:05:06.024821 [DEBUG] Query completed in 1.1430201s
2026/05/19 15:05:06.024821 [DEBUG] Query: predicate=repair_next_action returned 0 results
2026/05/19 15:05:06.025420 [DEBUG] Query: predicate=delegate_task returned 0 results
2026/05/19 15:05:06.025420 [DEBUG] Query: predicate=delegate_task
2026/05/19 15:05:06.025420 [DEBUG] evaluate: using cached programInfo
2026/05/19 15:05:06.025420 [DEBUG] evaluate: populating store with 16341 EDB facts
2026/05/19 15:05:06.027931 [DEBUG] evaluate: running fixpoint evaluation (derivedFactLimit=500000)
2026/05/19 15:05:06.027931 [DEBUG] evaluate: registered 10/10 external predicates (filtered by Decl)
2026/05/19 15:05:06.881636 [DEBUG] Query: predicate=delegate_task
2026/05/19 15:05:07.363440 [DEBUG] evaluate.fixpoint completed in 1.3355094s
2026/05/19 15:05:07.363440 [DEBUG] evaluate: fixpoint reached - strata=727, evalTime=1.309201s, wallTime=1.3355094s
2026/05/19 15:05:07.363440 [DEBUG] evaluate completed in 1.3380207s
2026/05/19 15:05:07.363440 [DEBUG] evaluate: complete, kernel initialized
2026/05/19 15:05:07.363440 [DEBUG] Assert: fact added successfully, total facts=16341
2026/05/19 15:05:07.363440 [DEBUG] Query completed in 481.8039ms
2026/05/19 15:05:07.363440 [DEBUG] Query completed in 1.3380207s
2026/05/19 15:05:07.363440 [DEBUG] Query: predicate=delegate_task returned 0 results
2026/05/19 15:05:07.363440 [DEBUG] Assert: system_heartbeat("perception_firewall", 1779217507).
2026/05/19 15:05:07.363440 [DEBUG] Query: predicate=delegate_task returned 0 results
2026/05/19 15:05:07.363440 [DEBUG] Query: predicate=user_intent
2026/05/19 15:05:07.363440 [DEBUG] evaluate: using cached programInfo
2026/05/19 15:05:07.363440 [DEBUG] evaluate: populating store with 16342 EDB facts
2026/05/19 15:05:07.367460 [DEBUG] evaluate: running fixpoint evaluation (derivedFactLimit=500000)
2026/05/19 15:05:07.367460 [DEBUG] evaluate: registered 10/10 external predicates (filtered by Decl)
2026/05/19 15:05:08.673412 [DEBUG] evaluate.fixpoint completed in 1.3059525s
2026/05/19 15:05:08.673412 [DEBUG] evaluate: fixpoint reached - strata=727, evalTime=1.2716799s, wallTime=1.3059525s
2026/05/19 15:05:08.673412 [DEBUG] evaluate completed in 1.309972s
2026/05/19 15:05:08.673412 [DEBUG] evaluate: complete, kernel initialized
2026/05/19 15:05:08.673412 [DEBUG] Assert: fact added successfully, total facts=16342
2026/05/19 15:05:08.673412 [DEBUG] Query: predicate=pending_action
2026/05/19 15:05:08.673412 [DEBUG] Query completed in 0s
2026/05/19 15:05:08.673412 [DEBUG] Query: predicate=pending_action returned 0 results
2026/05/19 15:05:08.673412 [DEBUG] Query: predicate=user_requests_appeal
2026/05/19 15:05:08.673412 [DEBUG] Query completed in 0s
2026/05/19 15:05:08.673412 [DEBUG] Query: predicate=user_requests_appeal returned 0 results
2026/05/19 15:05:08.673412 [DEBUG] Assert: system_heartbeat("constitution_gate", 1779217508).
2026/05/19 15:05:08.673412 [DEBUG] Query completed in 1.309972s
2026/05/19 15:05:08.673412 [DEBUG] Query: predicate=user_intent returned 0 results
2026/05/19 15:05:08.673412 [DEBUG] Query: predicate=user_intent
2026/05/19 15:05:08.673412 [DEBUG] evaluate: using cached programInfo
2026/05/19 15:05:08.673412 [DEBUG] evaluate: populating store with 16343 EDB facts
2026/05/19 15:05:08.680450 [DEBUG] evaluate: running fixpoint evaluation (derivedFactLimit=500000)
2026/05/19 15:05:08.680450 [DEBUG] evaluate: registered 10/10 external predicates (filtered by Decl)
2026/05/19 15:05:08.881670 [DEBUG] Query: predicate=delegate_task
2026/05/19 15:05:09.965421 [DEBUG] evaluate.fixpoint completed in 1.2849716s
2026/05/19 15:05:09.965421 [DEBUG] evaluate: fixpoint reached - strata=727, evalTime=1.2601506s, wallTime=1.2849716s
2026/05/19 15:05:09.965421 [DEBUG] evaluate completed in 1.2920092s
2026/05/19 15:05:09.965421 [DEBUG] evaluate: complete, kernel initialized
2026/05/19 15:05:09.965421 [DEBUG] Assert: fact added successfully, total facts=16343
2026/05/19 15:05:09.965421 [DEBUG] Query completed in 1.2920092s
2026/05/19 15:05:09.965421 [DEBUG] Query completed in 1.0837517s
2026/05/19 15:05:09.965421 [DEBUG] Query: predicate=user_intent returned 0 results
2026/05/19 15:05:09.965421 [DEBUG] Query: predicate=delegate_task returned 0 results
2026/05/19 15:05:09.965421 [DEBUG] Query: predicate=pending_action
2026/05/19 15:05:09.965421 [DEBUG] Query: predicate=pending_intent
2026/05/19 15:05:09.965421 [DEBUG] evaluate: using cached programInfo
2026/05/19 15:05:09.965421 [DEBUG] evaluate: populating store with 16344 EDB facts
2026/05/19 15:05:09.968935 [DEBUG] evaluate: running fixpoint evaluation (derivedFactLimit=500000)
2026/05/19 15:05:09.968935 [DEBUG] evaluate: registered 10/10 external predicates (filtered by Decl)
2026/05/19 15:05:10.881373 [DEBUG] Query: predicate=delegate_task
2026/05/19 15:05:11.367869 [DEBUG] evaluate.fixpoint completed in 1.3989343s
2026/05/19 15:05:11.367869 [DEBUG] evaluate: fixpoint reached - strata=727, evalTime=1.3701254s, wallTime=1.3989343s
2026/05/19 15:05:11.367869 [DEBUG] evaluate completed in 1.4024476s
2026/05/19 15:05:11.367869 [DEBUG] evaluate: complete, kernel initialized
2026/05/19 15:05:11.367869 [DEBUG] Assert: fact added successfully, total facts=16344
2026/05/19 15:05:11.368655 [DEBUG] Assert: system_heartbeat("perception_firewall", 1779217511).
2026/05/19 15:05:11.368655 [DEBUG] Query completed in 487.2818ms
2026/05/19 15:05:11.368655 [DEBUG] Query: predicate=delegate_task returned 0 results
2026/05/19 15:05:11.368655 [DEBUG] Query completed in 1.4032332s
2026/05/19 15:05:11.368655 [DEBUG] Query: predicate=pending_intent returned 0 results
2026/05/19 15:05:11.368655 [DEBUG] Retract: removing all facts with predicate=ooda_timeout
2026/05/19 15:05:11.369167 [DEBUG] Query completed in 1.4032332s
2026/05/19 15:05:11.369167 [DEBUG] Query: predicate=pending_action returned 0 results
2026/05/19 15:05:11.369167 [DEBUG] Query: predicate=user_requests_appeal
2026/05/19 15:05:11.369167 [DEBUG] evaluate: using cached programInfo
2026/05/19 15:05:11.369167 [DEBUG] evaluate: populating store with 16345 EDB facts
2026/05/19 15:05:11.376861 [DEBUG] evaluate: running fixpoint evaluation (derivedFactLimit=500000)
2026/05/19 15:05:11.376861 [DEBUG] evaluate: registered 10/10 external predicates (filtered by Decl)
2026/05/19 15:05:12.713786 [DEBUG] evaluate.fixpoint completed in 1.3369258s
2026/05/19 15:05:12.713786 [DEBUG] evaluate: fixpoint reached - strata=727, evalTime=1.3099616s, wallTime=1.3369258s
2026/05/19 15:05:12.713786 [DEBUG] evaluate completed in 1.3446195s
2026/05/19 15:05:12.713786 [DEBUG] evaluate: complete, kernel initialized
2026/05/19 15:05:12.713786 [DEBUG] Assert: fact added successfully, total facts=16345
2026/05/19 15:05:12.713786 [DEBUG] Assert: system_heartbeat("perception_firewall", 1779217512).
2026/05/19 15:05:12.713786 [DEBUG] Query completed in 1.3446195s
2026/05/19 15:05:12.714311 [DEBUG] Query: predicate=user_requests_appeal returned 0 results
2026/05/19 15:05:12.714311 [DEBUG] Assert: system_heartbeat("constitution_gate", 1779217512).
2026/05/19 15:05:12.714311 [DEBUG] evaluate: using cached programInfo
2026/05/19 15:05:12.714311 [DEBUG] evaluate: populating store with 16346 EDB facts
2026/05/19 15:05:12.721067 [DEBUG] evaluate: running fixpoint evaluation (derivedFactLimit=500000)
2026/05/19 15:05:12.721067 [DEBUG] evaluate: registered 10/10 external predicates (filtered by Decl)
2026/05/19 15:05:12.881787 [DEBUG] Query: predicate=delegate_task
2026/05/19 15:05:14.017851 [DEBUG] evaluate.fixpoint completed in 1.2967831s
2026/05/19 15:05:14.017851 [DEBUG] evaluate: fixpoint reached - strata=727, evalTime=1.2694885s, wallTime=1.2967831s
2026/05/19 15:05:14.017851 [DEBUG] evaluate completed in 1.3035399s
2026/05/19 15:05:14.017851 [DEBUG] evaluate: complete, kernel initialized
2026/05/19 15:05:14.017851 [DEBUG] Assert: fact added successfully, total facts=16346
2026/05/19 15:05:14.017851 [DEBUG] Query completed in 1.1360633s
2026/05/19 15:05:14.017851 [DEBUG] Assert: system_heartbeat("perception_firewall", 1779217514).
2026/05/19 15:05:14.017851 [DEBUG] Query: predicate=delegate_task returned 0 results
2026/05/19 15:05:14.018857 [DEBUG] Retract: no facts found for predicate=ooda_timeout (EDB unchanged at 16346 facts)
2026/05/19 15:05:14.018857 [DEBUG] evaluate: using cached programInfo
2026/05/19 15:05:14.018857 [DEBUG] evaluate: populating store with 16347 EDB facts
2026/05/19 15:05:14.018857 [DEBUG] Assert: system_heartbeat("executive_policy", 1779217514).
2026/05/19 15:05:14.020880 [DEBUG] evaluate: running fixpoint evaluation (derivedFactLimit=500000)
2026/05/19 15:05:14.020880 [DEBUG] evaluate: registered 10/10 external predicates (filtered by Decl)
2026/05/19 15:05:14.881887 [DEBUG] Query: predicate=delegate_task
2026/05/19 15:05:15.345958 [DEBUG] evaluate.fixpoint completed in 1.3250784s
2026/05/19 15:05:15.345958 [DEBUG] evaluate: fixpoint reached - strata=727, evalTime=1.3020292s, wallTime=1.3250784s
2026/05/19 15:05:15.345958 [DEBUG] evaluate completed in 1.3271005s
2026/05/19 15:05:15.345958 [DEBUG] evaluate: complete, kernel initialized
2026/05/19 15:05:15.345958 [DEBUG] Assert: fact added successfully, total facts=16347
2026/05/19 15:05:15.345958 [DEBUG] Query completed in 464.0709ms
2026/05/19 15:05:15.345958 [DEBUG] Query: predicate=pending_action
2026/05/19 15:05:15.345958 [DEBUG] Query: predicate=delegate_task returned 0 results
2026/05/19 15:05:15.345958 [DEBUG] evaluate: using cached programInfo
2026/05/19 15:05:15.345958 [DEBUG] evaluate: populating store with 16348 EDB facts
2026/05/19 15:05:15.348026 [DEBUG] evaluate: running fixpoint evaluation (derivedFactLimit=500000)
2026/05/19 15:05:15.348026 [DEBUG] evaluate: registered 10/10 external predicates (filtered by Decl)
2026/05/19 15:05:16.692766 [DEBUG] evaluate.fixpoint completed in 1.3447392s
2026/05/19 15:05:16.692766 [DEBUG] evaluate: fixpoint reached - strata=727, evalTime=1.316164s, wallTime=1.3447392s
2026/05/19 15:05:16.692766 [DEBUG] evaluate completed in 1.3468077s
2026/05/19 15:05:16.692766 [DEBUG] evaluate: complete, kernel initialized
2026/05/19 15:05:16.692766 [DEBUG] Assert: fact added successfully, total facts=16348
2026/05/19 15:05:16.692766 [DEBUG] Assert: system_heartbeat("perception_firewall", 1779217516).
2026/05/19 15:05:16.692766 [DEBUG] Query completed in 1.3468077s
2026/05/19 15:05:16.692766 [DEBUG] Query: predicate=pending_action returned 0 results
2026/05/19 15:05:16.692766 [DEBUG] Query: predicate=user_requests_appeal
2026/05/19 15:05:16.692766 [DEBUG] evaluate: using cached programInfo
2026/05/19 15:05:16.692766 [DEBUG] evaluate: populating store with 16349 EDB facts
2026/05/19 15:05:16.700920 [DEBUG] evaluate: running fixpoint evaluation (derivedFactLimit=500000)
2026/05/19 15:05:16.700920 [DEBUG] evaluate: registered 10/10 external predicates (filtered by Decl)
2026/05/19 15:05:16.881889 [DEBUG] Query: predicate=delegate_task
2026/05/19 15:05:18.040888 [DEBUG] evaluate.fixpoint completed in 1.3399674s
2026/05/19 15:05:18.040888 [DEBUG] evaluate: fixpoint reached - strata=727, evalTime=1.3111204s, wallTime=1.3399674s
2026/05/19 15:05:18.040888 [DEBUG] evaluate completed in 1.3481222s
2026/05/19 15:05:18.040888 [DEBUG] evaluate: complete, kernel initialized
2026/05/19 15:05:18.040888 [DEBUG] Assert: fact added successfully, total facts=16349
2026/05/19 15:05:18.040888 [DEBUG] Query: predicate=active_strategy
2026/05/19 15:05:18.040888 [DEBUG] Query completed in 0s
2026/05/19 15:05:18.040888 [DEBUG] Query: predicate=active_strategy returned 0 results
2026/05/19 15:05:18.040888 [DEBUG] Query: predicate=block_commit
2026/05/19 15:05:18.040888 [DEBUG] Query completed in 1.1589985s
2026/05/19 15:05:18.040888 [DEBUG] Query completed in 1.3481222s
2026/05/19 15:05:18.040888 [DEBUG] Query: predicate=delegate_task returned 0 results
2026/05/19 15:05:18.040888 [DEBUG] Query: predicate=user_requests_appeal returned 0 results
2026/05/19 15:05:18.040888 [DEBUG] Assert: system_heartbeat("constitution_gate", 1779217518).
2026/05/19 15:05:18.040888 [DEBUG] evaluate: using cached programInfo
2026/05/19 15:05:18.040888 [DEBUG] evaluate: populating store with 16350 EDB facts
2026/05/19 15:05:18.047504 [DEBUG] evaluate: running fixpoint evaluation (derivedFactLimit=500000)
2026/05/19 15:05:18.047504 [DEBUG] evaluate: registered 10/10 external predicates (filtered by Decl)
2026/05/19 15:05:18.881900 [DEBUG] Query: predicate=delegate_task
2026/05/19 15:05:19.437072 [DEBUG] evaluate.fixpoint completed in 1.3895684s
2026/05/19 15:05:19.437072 [DEBUG] evaluate: fixpoint reached - strata=727, evalTime=1.3632514s, wallTime=1.3895684s
2026/05/19 15:05:19.437072 [DEBUG] evaluate completed in 1.3961844s
2026/05/19 15:05:19.437072 [DEBUG] evaluate: complete, kernel initialized
2026/05/19 15:05:19.437072 [DEBUG] Assert: fact added successfully, total facts=16350
2026/05/19 15:05:19.437072 [DEBUG] Assert: system_heartbeat("perception_firewall", 1779217519).
2026/05/19 15:05:19.437072 [DEBUG] Query completed in 555.1726ms
2026/05/19 15:05:19.437072 [DEBUG] Query completed in 1.3961844s
2026/05/19 15:05:19.437578 [DEBUG] Query: predicate=delegate_task returned 0 results
2026/05/19 15:05:19.437578 [DEBUG] Query: predicate=block_commit returned 0 results
2026/05/19 15:05:19.437578 [DEBUG] Query: predicate=block_action
2026/05/19 15:05:19.437578 [DEBUG] evaluate: using cached programInfo
2026/05/19 15:05:19.437578 [DEBUG] evaluate: populating store with 16351 EDB facts
2026/05/19 15:05:19.440666 [DEBUG] evaluate: running fixpoint evaluation (derivedFactLimit=500000)
2026/05/19 15:05:19.440666 [DEBUG] evaluate: registered 10/10 external predicates (filtered by Decl)
2026/05/19 15:05:20.820809 [DEBUG] evaluate.fixpoint completed in 1.3801428s
2026/05/19 15:05:20.820809 [DEBUG] evaluate: fixpoint reached - strata=727, evalTime=1.3452085s, wallTime=1.3801428s
2026/05/19 15:05:20.820809 [DEBUG] evaluate completed in 1.3832303s
2026/05/19 15:05:20.820809 [DEBUG] evaluate: complete, kernel initialized
2026/05/19 15:05:20.820809 [DEBUG] Assert: fact added successfully, total facts=16351
2026/05/19 15:05:20.820809 [DEBUG] Assert: system_heartbeat("perception_firewall", 1779217520).
2026/05/19 15:05:20.820809 [DEBUG] Query completed in 1.3832303s
2026/05/19 15:05:20.820809 [DEBUG] Query: predicate=block_action returned 0 results
2026/05/19 15:05:20.820809 [DEBUG] Query: predicate=executive_blocked
2026/05/19 15:05:20.820809 [DEBUG] evaluate: using cached programInfo
2026/05/19 15:05:20.820809 [DEBUG] evaluate: populating store with 16352 EDB facts
2026/05/19 15:05:20.824337 [DEBUG] evaluate: running fixpoint evaluation (derivedFactLimit=500000)
2026/05/19 15:05:20.824337 [DEBUG] evaluate: registered 10/10 external predicates (filtered by Decl)
2026/05/19 15:05:20.881727 [DEBUG] Query: predicate=delegate_task
2026/05/19 15:05:22.112118 [DEBUG] evaluate.fixpoint completed in 1.2877802s
2026/05/19 15:05:22.112118 [DEBUG] evaluate: fixpoint reached - strata=727, evalTime=1.2626144s, wallTime=1.2877802s
2026/05/19 15:05:22.112118 [DEBUG] evaluate completed in 1.2913089s
2026/05/19 15:05:22.112118 [DEBUG] evaluate: complete, kernel initialized
2026/05/19 15:05:22.112118 [DEBUG] Assert: fact added successfully, total facts=16352
2026/05/19 15:05:22.112118 [DEBUG] Query: predicate=pending_action
2026/05/19 15:05:22.112118 [DEBUG] Query completed in 0s
2026/05/19 15:05:22.112118 [DEBUG] Query: predicate=pending_action returned 0 results
2026/05/19 15:05:22.112118 [DEBUG] Query: predicate=user_requests_appeal
2026/05/19 15:05:22.112118 [DEBUG] Query completed in 1.2913089s
2026/05/19 15:05:22.112118 [DEBUG] Query completed in 1.2303908s
2026/05/19 15:05:22.112118 [DEBUG] Query: predicate=executive_blocked returned 0 results
2026/05/19 15:05:22.112118 [DEBUG] Query: predicate=delegate_task returned 0 results
2026/05/19 15:05:22.112118 [DEBUG] Query: predicate=test_state_blocking
2026/05/19 15:05:22.112118 [DEBUG] evaluate: using cached programInfo
2026/05/19 15:05:22.112118 [DEBUG] evaluate: populating store with 16353 EDB facts
2026/05/19 15:05:22.116122 [DEBUG] evaluate: running fixpoint evaluation (derivedFactLimit=500000)
2026/05/19 15:05:22.116122 [DEBUG] evaluate: registered 10/10 external predicates (filtered by Decl)
2026/05/19 15:05:22.881643 [DEBUG] Query: predicate=delegate_task
2026/05/19 15:05:23.435730 [DEBUG] evaluate.fixpoint completed in 1.3196088s
2026/05/19 15:05:23.435730 [DEBUG] evaluate: fixpoint reached - strata=727, evalTime=1.2905199s, wallTime=1.3196088s
2026/05/19 15:05:23.435730 [DEBUG] evaluate completed in 1.3236129s
2026/05/19 15:05:23.435730 [DEBUG] evaluate: complete, kernel initialized
2026/05/19 15:05:23.435730 [DEBUG] Assert: fact added successfully, total facts=16353
2026/05/19 15:05:23.435730 [DEBUG] Assert: system_heartbeat("perception_firewall", 1779217523).
2026/05/19 15:05:23.435730 [DEBUG] Query completed in 554.0874ms
2026/05/19 15:05:23.435730 [DEBUG] Query completed in 1.3236129s
2026/05/19 15:05:23.435730 [DEBUG] Query: predicate=delegate_task returned 0 results
2026/05/19 15:05:23.435730 [DEBUG] Query completed in 1.3236129s
2026/05/19 15:05:23.435730 [DEBUG] Query: predicate=test_state_blocking returned 0 results
2026/05/19 15:05:23.435730 [DEBUG] Query: predicate=next_action
2026/05/19 15:05:23.435730 [DEBUG] Query: predicate=user_requests_appeal returned 0 results
2026/05/19 15:05:23.435730 [DEBUG] Assert: system_heartbeat("constitution_gate", 1779217523).
2026/05/19 15:05:23.435730 [DEBUG] evaluate: using cached programInfo
2026/05/19 15:05:23.435730 [DEBUG] evaluate: populating store with 16354 EDB facts
2026/05/19 15:05:23.439860 [DEBUG] evaluate: running fixpoint evaluation (derivedFactLimit=500000)
2026/05/19 15:05:23.439860 [DEBUG] evaluate: registered 10/10 external predicates (filtered by Decl)
2026/05/19 15:05:24.759691 [DEBUG] evaluate.fixpoint completed in 1.3198303s
2026/05/19 15:05:24.759691 [DEBUG] evaluate: fixpoint reached - strata=727, evalTime=1.292758s, wallTime=1.3198303s
2026/05/19 15:05:24.759691 [DEBUG] evaluate completed in 1.3239603s
2026/05/19 15:05:24.759691 [DEBUG] evaluate: complete, kernel initialized
2026/05/19 15:05:24.759691 [DEBUG] Assert: fact added successfully, total facts=16354
2026/05/19 15:05:24.759691 [DEBUG] Assert: system_heartbeat("perception_firewall", 1779217524).
2026/05/19 15:05:24.759691 [DEBUG] Query completed in 1.3239603s
2026/05/19 15:05:24.759691 [DEBUG] Query: predicate=next_action returned 0 results
2026/05/19 15:05:24.759691 [DEBUG] Query: predicate=tdd_next_action
2026/05/19 15:05:24.759691 [DEBUG] evaluate: using cached programInfo
2026/05/19 15:05:24.759691 [DEBUG] evaluate: populating store with 16355 EDB facts
2026/05/19 15:05:24.762252 [DEBUG] evaluate: running fixpoint evaluation (derivedFactLimit=500000)
2026/05/19 15:05:24.762252 [DEBUG] evaluate: registered 10/10 external predicates (filtered by Decl)
2026/05/19 15:05:24.881821 [DEBUG] Query: predicate=delegate_task
2026/05/19 15:05:26.046808 [DEBUG] evaluate.fixpoint completed in 1.2845551s
2026/05/19 15:05:26.046808 [DEBUG] evaluate: fixpoint reached - strata=727, evalTime=1.2572123s, wallTime=1.2845551s
2026/05/19 15:05:26.046808 [DEBUG] evaluate completed in 1.2871168s
2026/05/19 15:05:26.046808 [DEBUG] evaluate: complete, kernel initialized
2026/05/19 15:05:26.046808 [DEBUG] Assert: fact added successfully, total facts=16355
2026/05/19 15:05:26.046808 [DEBUG] Query: predicate=pending_action
2026/05/19 15:05:26.046808 [DEBUG] Query completed in 0s
2026/05/19 15:05:26.046808 [DEBUG] Query: predicate=pending_action returned 0 results
2026/05/19 15:05:26.046808 [DEBUG] Query: predicate=user_requests_appeal
2026/05/19 15:05:26.046808 [DEBUG] Query completed in 1.2871168s
2026/05/19 15:05:26.046808 [DEBUG] Query completed in 1.1649869s
2026/05/19 15:05:26.046808 [DEBUG] Query: predicate=tdd_next_action returned 0 results
2026/05/19 15:05:26.046808 [DEBUG] Query: predicate=campaign_next_action
2026/05/19 15:05:26.046808 [DEBUG] Query: predicate=delegate_task returned 0 results
2026/05/19 15:05:26.046808 [DEBUG] evaluate: using cached programInfo
2026/05/19 15:05:26.046808 [DEBUG] evaluate: populating store with 16356 EDB facts
2026/05/19 15:05:26.050986 [DEBUG] evaluate: running fixpoint evaluation (derivedFactLimit=500000)
2026/05/19 15:05:26.050986 [DEBUG] evaluate: registered 10/10 external predicates (filtered by Decl)
2026/05/19 15:05:26.881685 [DEBUG] Query: predicate=delegate_task
2026/05/19 15:05:27.391580 [DEBUG] evaluate.fixpoint completed in 1.3405947s
2026/05/19 15:05:27.391580 [DEBUG] evaluate: fixpoint reached - strata=727, evalTime=1.3145267s, wallTime=1.3405947s
2026/05/19 15:05:27.391580 [DEBUG] evaluate completed in 1.3447727s
2026/05/19 15:05:27.391580 [DEBUG] evaluate: complete, kernel initialized
2026/05/19 15:05:27.391580 [DEBUG] Assert: fact added successfully, total facts=16356
2026/05/19 15:05:27.391580 [DEBUG] Assert: system_heartbeat("perception_firewall", 1779217527).
2026/05/19 15:05:27.391580 [DEBUG] Query completed in 509.8949ms
2026/05/19 15:05:27.391580 [DEBUG] Query completed in 1.3447727s
2026/05/19 15:05:27.391580 [DEBUG] Query: predicate=delegate_task returned 0 results
2026/05/19 15:05:27.391580 [DEBUG] Query completed in 1.3447727s
2026/05/19 15:05:27.392587 [DEBUG] Query: predicate=campaign_next_action returned 0 results
2026/05/19 15:05:27.392587 [DEBUG] Query: predicate=repair_next_action
2026/05/19 15:05:27.392587 [DEBUG] Query: predicate=user_requests_appeal returned 0 results
2026/05/19 15:05:27.392587 [DEBUG] Assert: system_heartbeat("constitution_gate", 1779217527).
2026/05/19 15:05:27.392587 [DEBUG] evaluate: using cached programInfo
2026/05/19 15:05:27.392587 [DEBUG] evaluate: populating store with 16357 EDB facts
2026/05/19 15:05:27.395614 [DEBUG] evaluate: running fixpoint evaluation (derivedFactLimit=500000)
2026/05/19 15:05:27.395614 [DEBUG] evaluate: registered 10/10 external predicates (filtered by Decl)
2026/05/19 15:05:28.796710 [DEBUG] evaluate.fixpoint completed in 1.4010954s
2026/05/19 15:05:28.796710 [DEBUG] evaluate: fixpoint reached - strata=727, evalTime=1.3640317s, wallTime=1.4010954s
2026/05/19 15:05:28.796710 [DEBUG] evaluate completed in 1.4041224s
2026/05/19 15:05:28.796710 [DEBUG] evaluate: complete, kernel initialized
2026/05/19 15:05:28.796710 [DEBUG] Assert: fact added successfully, total facts=16357
2026/05/19 15:05:28.796710 [DEBUG] Assert: system_heartbeat("perception_firewall", 1779217528).
2026/05/19 15:05:28.796710 [DEBUG] Query completed in 1.4041224s
2026/05/19 15:05:28.796710 [DEBUG] Query: predicate=repair_next_action returned 0 results
2026/05/19 15:05:28.796710 [DEBUG] Query: predicate=delegate_task
2026/05/19 15:05:28.796710 [DEBUG] evaluate: using cached programInfo
2026/05/19 15:05:28.796710 [DEBUG] evaluate: populating store with 16358 EDB facts
2026/05/19 15:05:28.800237 [DEBUG] evaluate: running fixpoint evaluation (derivedFactLimit=500000)
2026/05/19 15:05:28.800237 [DEBUG] evaluate: registered 10/10 external predicates (filtered by Decl)
2026/05/19 15:05:28.881435 [DEBUG] Query: predicate=delegate_task
2026/05/19 15:05:30.100037 [DEBUG] evaluate.fixpoint completed in 1.2997998s
2026/05/19 15:05:30.101041 [DEBUG] evaluate: fixpoint reached - strata=727, evalTime=1.2775749s, wallTime=1.2997998s
2026/05/19 15:05:30.101041 [DEBUG] evaluate completed in 1.3043315s
2026/05/19 15:05:30.101041 [DEBUG] evaluate: complete, kernel initialized
2026/05/19 15:05:30.101041 [DEBUG] Assert: fact added successfully, total facts=16358
2026/05/19 15:05:30.101041 [DEBUG] Query completed in 1.3043315s
2026/05/19 15:05:30.101041 [DEBUG] Query completed in 1.219606s
2026/05/19 15:05:30.101041 [DEBUG] Assert: system_heartbeat("perception_firewall", 1779217530).
2026/05/19 15:05:30.101041 [DEBUG] Query: predicate=delegate_task returned 0 results
2026/05/19 15:05:30.101041 [DEBUG] Query: predicate=delegate_task returned 0 results
2026/05/19 15:05:30.101041 [DEBUG] Query: predicate=user_intent
2026/05/19 15:05:30.101041 [DEBUG] evaluate: using cached programInfo
2026/05/19 15:05:30.101041 [DEBUG] evaluate: populating store with 16359 EDB facts
2026/05/19 15:05:30.104089 [DEBUG] evaluate: running fixpoint evaluation (derivedFactLimit=500000)
2026/05/19 15:05:30.104089 [DEBUG] evaluate: registered 10/10 external predicates (filtered by Decl)
2026/05/19 15:05:30.881536 [DEBUG] Query: predicate=delegate_task
2026/05/19 15:05:31.422590 [DEBUG] evaluate.fixpoint completed in 1.3185012s
2026/05/19 15:05:31.422590 [DEBUG] evaluate: fixpoint reached - strata=727, evalTime=1.2909178s, wallTime=1.3185012s
2026/05/19 15:05:31.422590 [DEBUG] evaluate completed in 1.3215491s
2026/05/19 15:05:31.422590 [DEBUG] evaluate: complete, kernel initialized
2026/05/19 15:05:31.422590 [DEBUG] Assert: fact added successfully, total facts=16359
2026/05/19 15:05:31.422590 [DEBUG] Query: predicate=pending_action
2026/05/19 15:05:31.422590 [DEBUG] Query completed in 0s
2026/05/19 15:05:31.422590 [DEBUG] Query completed in 1.3215491s
2026/05/19 15:05:31.422590 [DEBUG] Query: predicate=pending_action returned 0 results
2026/05/19 15:05:31.422590 [DEBUG] Query: predicate=user_requests_appeal
2026/05/19 15:05:31.422590 [DEBUG] Query completed in 541.0542ms
2026/05/19 15:05:31.422590 [DEBUG] Query: predicate=user_intent returned 0 results
2026/05/19 15:05:31.422590 [DEBUG] Query: predicate=user_intent
2026/05/19 15:05:31.422590 [DEBUG] Query: predicate=delegate_task returned 0 results
2026/05/19 15:05:31.422590 [DEBUG] evaluate: using cached programInfo
2026/05/19 15:05:31.422590 [DEBUG] evaluate: populating store with 16360 EDB facts
2026/05/19 15:05:31.425102 [DEBUG] evaluate: running fixpoint evaluation (derivedFactLimit=500000)
2026/05/19 15:05:31.426107 [DEBUG] evaluate: registered 10/10 external predicates (filtered by Decl)
2026/05/19 15:05:32.787643 [DEBUG] evaluate.fixpoint completed in 1.3615352s
2026/05/19 15:05:32.787643 [DEBUG] evaluate: fixpoint reached - strata=727, evalTime=1.3285259s, wallTime=1.3615352s
2026/05/19 15:05:32.787643 [DEBUG] evaluate completed in 1.3650523s
2026/05/19 15:05:32.787643 [DEBUG] evaluate: complete, kernel initialized
2026/05/19 15:05:32.787643 [DEBUG] Assert: fact added successfully, total facts=16360
2026/05/19 15:05:32.787643 [DEBUG] Assert: system_heartbeat("perception_firewall", 1779217532).
2026/05/19 15:05:32.787643 [DEBUG] Query completed in 1.3650523s
2026/05/19 15:05:32.787643 [DEBUG] Query: predicate=user_intent returned 0 results
2026/05/19 15:05:32.787643 [DEBUG] Query completed in 1.3650523s
2026/05/19 15:05:32.787643 [DEBUG] Query: predicate=pending_intent
2026/05/19 15:05:32.787643 [DEBUG] Query: predicate=user_requests_appeal returned 0 results
2026/05/19 15:05:32.787643 [DEBUG] Assert: system_heartbeat("constitution_gate", 1779217532).
2026/05/19 15:05:32.787643 [DEBUG] evaluate: using cached programInfo
2026/05/19 15:05:32.787643 [DEBUG] evaluate: populating store with 16361 EDB facts
2026/05/19 15:05:32.790678 [DEBUG] evaluate: running fixpoint evaluation (derivedFactLimit=500000)
2026/05/19 15:05:32.790678 [DEBUG] evaluate: registered 10/10 external predicates (filtered by Decl)
2026/05/19 15:05:32.881729 [DEBUG] Query: predicate=delegate_task
2026/05/19 15:05:34.190887 [DEBUG] evaluate.fixpoint completed in 1.4002087s
2026/05/19 15:05:34.190887 [DEBUG] evaluate: fixpoint reached - strata=727, evalTime=1.3776162s, wallTime=1.4002087s
2026/05/19 15:05:34.190887 [DEBUG] evaluate completed in 1.4032444s
2026/05/19 15:05:34.190887 [DEBUG] evaluate: complete, kernel initialized
2026/05/19 15:05:34.190887 [DEBUG] Assert: fact added successfully, total facts=16361
2026/05/19 15:05:34.190887 [DEBUG] Assert: system_heartbeat("perception_firewall", 1779217534).
2026/05/19 15:05:34.190887 [DEBUG] Query completed in 1.4032444s
2026/05/19 15:05:34.190887 [DEBUG] Query completed in 1.3091581s
2026/05/19 15:05:34.190887 [DEBUG] Query: predicate=pending_intent returned 0 results
2026/05/19 15:05:34.190887 [DEBUG] Retract: removing all facts with predicate=ooda_timeout
2026/05/19 15:05:34.190887 [DEBUG] Query: predicate=delegate_task returned 0 results
2026/05/19 15:05:34.190887 [DEBUG] evaluate: using cached programInfo
2026/05/19 15:05:34.190887 [DEBUG] evaluate: populating store with 16362 EDB facts
2026/05/19 15:05:34.193293 [DEBUG] evaluate: running fixpoint evaluation (derivedFactLimit=500000)
2026/05/19 15:05:34.193293 [DEBUG] evaluate: registered 10/10 external predicates (filtered by Decl)
2026/05/19 15:05:34.881573 [DEBUG] Query: predicate=delegate_task
2026/05/19 15:05:35.611121 [DEBUG] evaluate.fixpoint completed in 1.4178279s
2026/05/19 15:05:35.611121 [DEBUG] evaluate: fixpoint reached - strata=727, evalTime=1.3914977s, wallTime=1.4178279s
2026/05/19 15:05:35.611121 [DEBUG] evaluate completed in 1.4202343s
2026/05/19 15:05:35.611121 [DEBUG] evaluate: complete, kernel initialized
2026/05/19 15:05:35.611121 [DEBUG] Assert: fact added successfully, total facts=16362
2026/05/19 15:05:35.611121 [DEBUG] Query completed in 729.5488ms
2026/05/19 15:05:35.611121 [DEBUG] Assert: system_heartbeat("perception_firewall", 1779217535).
2026/05/19 15:05:35.611121 [DEBUG] Query: predicate=delegate_task returned 0 results
2026/05/19 15:05:35.611121 [DEBUG] evaluate: using cached programInfo
2026/05/19 15:05:35.611121 [DEBUG] evaluate: populating store with 16363 EDB facts
2026/05/19 15:05:35.616214 [DEBUG] evaluate: running fixpoint evaluation (derivedFactLimit=500000)
2026/05/19 15:05:35.616214 [DEBUG] evaluate: registered 10/10 external predicates (filtered by Decl)
2026/05/19 15:05:36.881866 [DEBUG] Query: predicate=delegate_task
2026/05/19 15:05:36.971017 [DEBUG] evaluate.fixpoint completed in 1.3548023s
2026/05/19 15:05:36.971017 [DEBUG] evaluate: fixpoint reached - strata=727, evalTime=1.3295798s, wallTime=1.3548023s
2026/05/19 15:05:36.971017 [DEBUG] evaluate completed in 1.3598952s
2026/05/19 15:05:36.971017 [DEBUG] evaluate: complete, kernel initialized
2026/05/19 15:05:36.971017 [DEBUG] Assert: fact added successfully, total facts=16363
2026/05/19 15:05:36.971017 [DEBUG] Query completed in 89.1506ms
2026/05/19 15:05:36.971017 [DEBUG] Query: predicate=pending_action
2026/05/19 15:05:36.971017 [DEBUG] Query: predicate=delegate_task returned 0 results
2026/05/19 15:05:36.971017 [DEBUG] Retract: no facts found for predicate=ooda_timeout (EDB unchanged at 16363 facts)
2026/05/19 15:05:36.971017 [DEBUG] Assert: system_heartbeat("executive_policy", 1779217536).
2026/05/19 15:05:36.971017 [DEBUG] Query completed in 0s
2026/05/19 15:05:36.971017 [DEBUG] Query: predicate=pending_action returned 0 results
2026/05/19 15:05:36.971017 [DEBUG] Query: predicate=user_requests_appeal
2026/05/19 15:05:36.971017 [DEBUG] evaluate: using cached programInfo
2026/05/19 15:05:36.971017 [DEBUG] evaluate: populating store with 16364 EDB facts
2026/05/19 15:05:36.973799 [DEBUG] evaluate: running fixpoint evaluation (derivedFactLimit=500000)
2026/05/19 15:05:36.973799 [DEBUG] evaluate: registered 10/10 external predicates (filtered by Decl)
2026/05/19 15:05:38.348380 [DEBUG] evaluate.fixpoint completed in 1.3745815s
2026/05/19 15:05:38.348380 [DEBUG] evaluate: fixpoint reached - strata=727, evalTime=1.3478475s, wallTime=1.3745815s
2026/05/19 15:05:38.348380 [DEBUG] evaluate completed in 1.3773639s
2026/05/19 15:05:38.348380 [DEBUG] evaluate: complete, kernel initialized
2026/05/19 15:05:38.348380 [DEBUG] Assert: fact added successfully, total facts=16364
2026/05/19 15:05:38.348380 [DEBUG] Assert: system_heartbeat("perception_firewall", 1779217538).
2026/05/19 15:05:38.348380 [DEBUG] Query completed in 1.3773639s
2026/05/19 15:05:38.348380 [DEBUG] Query: predicate=user_requests_appeal returned 0 results
2026/05/19 15:05:38.348380 [DEBUG] Assert: system_heartbeat("constitution_gate", 1779217538).
2026/05/19 15:05:38.348380 [DEBUG] evaluate: using cached programInfo
2026/05/19 15:05:38.348380 [DEBUG] evaluate: populating store with 16365 EDB facts
2026/05/19 15:05:38.352427 [DEBUG] evaluate: running fixpoint evaluation (derivedFactLimit=500000)
2026/05/19 15:05:38.352427 [DEBUG] evaluate: registered 10/10 external predicates (filtered by Decl)
2026/05/19 15:05:38.881735 [DEBUG] Query: predicate=delegate_task
2026/05/19 15:05:39.722701 [DEBUG] evaluate.fixpoint completed in 1.3702737s
2026/05/19 15:05:39.722701 [DEBUG] evaluate: fixpoint reached - strata=727, evalTime=1.3393272s, wallTime=1.3702737s
2026/05/19 15:05:39.722701 [DEBUG] evaluate completed in 1.3743202s
2026/05/19 15:05:39.722701 [DEBUG] evaluate: complete, kernel initialized
2026/05/19 15:05:39.722701 [DEBUG] Assert: fact added successfully, total facts=16365
2026/05/19 15:05:39.722701 [DEBUG] Query completed in 840.9653ms
2026/05/19 15:05:39.722701 [DEBUG] Assert: system_heartbeat("perception_firewall", 1779217539).
2026/05/19 15:05:39.722701 [DEBUG] Query: predicate=delegate_task returned 0 results
2026/05/19 15:05:39.722701 [DEBUG] evaluate: using cached programInfo
2026/05/19 15:05:39.722701 [DEBUG] evaluate: populating store with 16366 EDB facts
2026/05/19 15:05:39.725210 [DEBUG] evaluate: running fixpoint evaluation (derivedFactLimit=500000)
2026/05/19 15:05:39.725210 [DEBUG] evaluate: registered 10/10 external predicates (filtered by Decl)
2026/05/19 15:05:40.881779 [DEBUG] Query: predicate=delegate_task
2026/05/19 15:05:41.053520 [DEBUG] evaluate.fixpoint completed in 1.3283099s
2026/05/19 15:05:41.053520 [DEBUG] evaluate: fixpoint reached - strata=727, evalTime=1.3041459s, wallTime=1.3283099s
2026/05/19 15:05:41.054528 [DEBUG] evaluate completed in 1.3318272s
2026/05/19 15:05:41.054528 [DEBUG] evaluate: complete, kernel initialized
2026/05/19 15:05:41.054528 [DEBUG] Assert: fact added successfully, total facts=16366
2026/05/19 15:05:41.054528 [DEBUG] Query: predicate=active_strategy
2026/05/19 15:05:41.054528 [DEBUG] Query completed in 172.7486ms
2026/05/19 15:05:41.054528 [DEBUG] Query: predicate=delegate_task returned 0 results
2026/05/19 15:05:41.054528 [DEBUG] evaluate: using cached programInfo
2026/05/19 15:05:41.054528 [DEBUG] evaluate: populating store with 16367 EDB facts
2026/05/19 15:05:41.057547 [DEBUG] evaluate: running fixpoint evaluation (derivedFactLimit=500000)
2026/05/19 15:05:41.057547 [DEBUG] evaluate: registered 10/10 external predicates (filtered by Decl)
2026/05/19 15:05:42.370888 [DEBUG] evaluate.fixpoint completed in 1.3133416s
2026/05/19 15:05:42.370888 [DEBUG] evaluate: fixpoint reached - strata=727, evalTime=1.2880171s, wallTime=1.3133416s
2026/05/19 15:05:42.370888 [DEBUG] evaluate completed in 1.3163603s
2026/05/19 15:05:42.370888 [DEBUG] evaluate: complete, kernel initialized
2026/05/19 15:05:42.370888 [DEBUG] Assert: fact added successfully, total facts=16367
2026/05/19 15:05:42.370888 [DEBUG] Query: predicate=pending_action
2026/05/19 15:05:42.370888 [DEBUG] Query completed in 1.3163603s
2026/05/19 15:05:42.370888 [DEBUG] Query: predicate=active_strategy returned 0 results
2026/05/19 15:05:42.370888 [DEBUG] Query: predicate=block_commit
2026/05/19 15:05:42.370888 [DEBUG] evaluate: using cached programInfo
2026/05/19 15:05:42.370888 [DEBUG] evaluate: populating store with 16368 EDB facts
2026/05/19 15:05:42.374513 [DEBUG] evaluate: running fixpoint evaluation (derivedFactLimit=500000)
2026/05/19 15:05:42.374513 [DEBUG] evaluate: registered 10/10 external predicates (filtered by Decl)
2026/05/19 15:05:42.881785 [DEBUG] Query: predicate=delegate_task
2026/05/19 15:05:43.758533 [DEBUG] evaluate.fixpoint completed in 1.3840192s
2026/05/19 15:05:43.758533 [DEBUG] evaluate: fixpoint reached - strata=727, evalTime=1.3574826s, wallTime=1.3840192s
2026/05/19 15:05:43.758533 [DEBUG] evaluate completed in 1.3876445s
2026/05/19 15:05:43.758533 [DEBUG] evaluate: complete, kernel initialized
2026/05/19 15:05:43.758533 [DEBUG] Assert: fact added successfully, total facts=16368
2026/05/19 15:05:43.758533 [DEBUG] Assert: system_heartbeat("perception_firewall", 1779217543).
2026/05/19 15:05:43.758533 [DEBUG] Query completed in 876.7479ms
2026/05/19 15:05:43.758533 [DEBUG] Query completed in 1.3876445s
2026/05/19 15:05:43.758533 [DEBUG] Query: predicate=delegate_task returned 0 results
2026/05/19 15:05:43.758533 [DEBUG] Query: predicate=pending_action returned 0 results
2026/05/19 15:05:43.758533 [DEBUG] Query completed in 1.3876445s
2026/05/19 15:05:43.758533 [DEBUG] Query: predicate=user_requests_appeal
2026/05/19 15:05:43.758533 [DEBUG] Query: predicate=block_commit returned 0 results
2026/05/19 15:05:43.758533 [DEBUG] Query: predicate=block_action
2026/05/19 15:05:43.758533 [DEBUG] evaluate: using cached programInfo
2026/05/19 15:05:43.758533 [DEBUG] evaluate: populating store with 16369 EDB facts
2026/05/19 15:05:43.762546 [DEBUG] evaluate: running fixpoint evaluation (derivedFactLimit=500000)
2026/05/19 15:05:43.762546 [DEBUG] evaluate: registered 10/10 external predicates (filtered by Decl)
2026/05/19 15:05:44.881669 [DEBUG] Query: predicate=delegate_task
2026/05/19 15:05:45.078591 [DEBUG] evaluate.fixpoint completed in 1.3160443s
2026/05/19 15:05:45.078591 [DEBUG] evaluate: fixpoint reached - strata=727, evalTime=1.2925627s, wallTime=1.3160443s
2026/05/19 15:05:45.078591 [DEBUG] evaluate completed in 1.3200581s
2026/05/19 15:05:45.078591 [DEBUG] evaluate: complete, kernel initialized
2026/05/19 15:05:45.078591 [DEBUG] Assert: fact added successfully, total facts=16369
2026/05/19 15:05:45.078591 [DEBUG] Assert: system_heartbeat("perception_firewall", 1779217545).
2026/05/19 15:05:45.078591 [DEBUG] Query completed in 196.9219ms
2026/05/19 15:05:45.078591 [DEBUG] Query completed in 1.3200581s
2026/05/19 15:05:45.078591 [DEBUG] Query: predicate=delegate_task returned 0 results
2026/05/19 15:05:45.078591 [DEBUG] Query completed in 1.3200581s
2026/05/19 15:05:45.078591 [DEBUG] Query: predicate=user_requests_appeal returned 0 results
2026/05/19 15:05:45.078591 [DEBUG] Assert: system_heartbeat("constitution_gate", 1779217545).
2026/05/19 15:05:45.078591 [DEBUG] Query: predicate=block_action returned 0 results
2026/05/19 15:05:45.078591 [DEBUG] Query: predicate=executive_blocked
2026/05/19 15:05:45.078591 [DEBUG] evaluate: using cached programInfo
2026/05/19 15:05:45.078591 [DEBUG] evaluate: populating store with 16370 EDB facts
2026/05/19 15:05:45.080677 [DEBUG] evaluate: running fixpoint evaluation (derivedFactLimit=500000)
2026/05/19 15:05:45.080677 [DEBUG] evaluate: registered 10/10 external predicates (filtered by Decl)
2026/05/19 15:05:46.416415 [DEBUG] evaluate.fixpoint completed in 1.3357383s
2026/05/19 15:05:46.416415 [DEBUG] evaluate: fixpoint reached - strata=727, evalTime=1.3042607s, wallTime=1.3357383s
2026/05/19 15:05:46.416415 [DEBUG] evaluate completed in 1.3378242s
2026/05/19 15:05:46.416415 [DEBUG] evaluate: complete, kernel initialized
2026/05/19 15:05:46.416415 [DEBUG] Assert: fact added successfully, total facts=16370
2026/05/19 15:05:46.416415 [DEBUG] Assert: system_heartbeat("perception_firewall", 1779217546).
2026/05/19 15:05:46.416415 [DEBUG] Query completed in 1.3378242s
2026/05/19 15:05:46.416415 [DEBUG] Query: predicate=executive_blocked returned 0 results
2026/05/19 15:05:46.416415 [DEBUG] Query: predicate=test_state_blocking
2026/05/19 15:05:46.416415 [DEBUG] evaluate: using cached programInfo
2026/05/19 15:05:46.416415 [DEBUG] evaluate: populating store with 16371 EDB facts
2026/05/19 15:05:46.419513 [DEBUG] evaluate: running fixpoint evaluation (derivedFactLimit=500000)
2026/05/19 15:05:46.419513 [DEBUG] evaluate: registered 10/10 external predicates (filtered by Decl)
2026/05/19 15:05:46.881623 [DEBUG] Query: predicate=delegate_task
2026/05/19 15:05:47.748837 [DEBUG] evaluate.fixpoint completed in 1.3293237s
2026/05/19 15:05:47.748837 [DEBUG] evaluate: fixpoint reached - strata=727, evalTime=1.3031502s, wallTime=1.3293237s
2026/05/19 15:05:47.748837 [DEBUG] evaluate completed in 1.332422s
2026/05/19 15:05:47.748837 [DEBUG] evaluate: complete, kernel initialized
2026/05/19 15:05:47.748837 [DEBUG] Assert: fact added successfully, total facts=16371
2026/05/19 15:05:47.748837 [DEBUG] Query completed in 867.2135ms
2026/05/19 15:05:47.748837 [DEBUG] Assert: system_heartbeat("perception_firewall", 1779217547).
2026/05/19 15:05:47.748837 [DEBUG] Query completed in 1.332422s
2026/05/19 15:05:47.748837 [DEBUG] Query: predicate=delegate_task returned 0 results
2026/05/19 15:05:47.748837 [DEBUG] Query: predicate=test_state_blocking returned 0 results
2026/05/19 15:05:47.748837 [DEBUG] Query: predicate=next_action
2026/05/19 15:05:47.748837 [DEBUG] evaluate: using cached programInfo
2026/05/19 15:05:47.748837 [DEBUG] evaluate: populating store with 16372 EDB facts
2026/05/19 15:05:47.751351 [DEBUG] evaluate: running fixpoint evaluation (derivedFactLimit=500000)
2026/05/19 15:05:47.751351 [DEBUG] evaluate: registered 10/10 external predicates (filtered by Decl)
2026/05/19 15:05:48.881408 [DEBUG] Query: predicate=delegate_task
2026/05/19 15:05:49.139240 [DEBUG] evaluate.fixpoint completed in 1.3878892s
2026/05/19 15:05:49.139240 [DEBUG] evaluate: fixpoint reached - strata=727, evalTime=1.3601282s, wallTime=1.3878892s
2026/05/19 15:05:49.139240 [DEBUG] evaluate completed in 1.3904034s
2026/05/19 15:05:49.139240 [DEBUG] evaluate: complete, kernel initialized
2026/05/19 15:05:49.139240 [DEBUG] Assert: fact added successfully, total facts=16372
2026/05/19 15:05:49.139240 [DEBUG] Query: predicate=pending_action
2026/05/19 15:05:49.139240 [DEBUG] Query completed in 0s
2026/05/19 15:05:49.139240 [DEBUG] Query completed in 1.3904034s
2026/05/19 15:05:49.139240 [DEBUG] Query completed in 257.8325ms
2026/05/19 15:05:49.139240 [DEBUG] Query: predicate=next_action returned 0 results
2026/05/19 15:05:49.139240 [DEBUG] Query: predicate=pending_action returned 0 results
2026/05/19 15:05:49.139240 [DEBUG] Query: predicate=tdd_next_action
2026/05/19 15:05:49.139240 [DEBUG] Query: predicate=user_requests_appeal
2026/05/19 15:05:49.139240 [DEBUG] Query: predicate=delegate_task returned 0 results
2026/05/19 15:05:49.139240 [DEBUG] evaluate: using cached programInfo
2026/05/19 15:05:49.139240 [DEBUG] evaluate: populating store with 16373 EDB facts
2026/05/19 15:05:49.141790 [DEBUG] evaluate: running fixpoint evaluation (derivedFactLimit=500000)
2026/05/19 15:05:49.141790 [DEBUG] evaluate: registered 10/10 external predicates (filtered by Decl)
2026/05/19 15:05:50.532622 [DEBUG] evaluate.fixpoint completed in 1.3908322s
2026/05/19 15:05:50.532622 [DEBUG] evaluate: fixpoint reached - strata=727, evalTime=1.3612883s, wallTime=1.3908322s
2026/05/19 15:05:50.532622 [DEBUG] evaluate completed in 1.3933818s
2026/05/19 15:05:50.532622 [DEBUG] evaluate: complete, kernel initialized
2026/05/19 15:05:50.532622 [DEBUG] Assert: fact added successfully, total facts=16373
2026/05/19 15:05:50.532622 [DEBUG] Assert: system_heartbeat("perception_firewall", 1779217550).
2026/05/19 15:05:50.532622 [DEBUG] Query completed in 1.3933818s
2026/05/19 15:05:50.532622 [DEBUG] Query completed in 1.3933818s
2026/05/19 15:05:50.534128 [DEBUG] Query: predicate=user_requests_appeal returned 0 results
2026/05/19 15:05:50.532622 [DEBUG] Query: predicate=tdd_next_action returned 0 results
2026/05/19 15:05:50.534128 [DEBUG] Assert: system_heartbeat("constitution_gate", 1779217550).
2026/05/19 15:05:50.534128 [DEBUG] Query: predicate=campaign_next_action
2026/05/19 15:05:50.534128 [DEBUG] evaluate: using cached programInfo
2026/05/19 15:05:50.534128 [DEBUG] evaluate: populating store with 16374 EDB facts
2026/05/19 15:05:50.537157 [DEBUG] evaluate: running fixpoint evaluation (derivedFactLimit=500000)
2026/05/19 15:05:50.537157 [DEBUG] evaluate: registered 10/10 external predicates (filtered by Decl)
2026/05/19 15:05:50.881574 [DEBUG] Query: predicate=delegate_task
2026/05/19 15:05:51.857732 [DEBUG] evaluate.fixpoint completed in 1.3205747s
2026/05/19 15:05:51.857732 [DEBUG] evaluate: fixpoint reached - strata=727, evalTime=1.2962403s, wallTime=1.3205747s
2026/05/19 15:05:51.857732 [DEBUG] evaluate completed in 1.323604s
2026/05/19 15:05:51.858244 [DEBUG] evaluate: complete, kernel initialized
2026/05/19 15:05:51.858244 [DEBUG] Assert: fact added successfully, total facts=16374
2026/05/19 15:05:51.858244 [DEBUG] Assert: system_heartbeat("perception_firewall", 1779217551).
2026/05/19 15:05:51.858244 [DEBUG] Query completed in 1.3241159s
2026/05/19 15:05:51.858244 [DEBUG] Query: predicate=campaign_next_action returned 0 results
2026/05/19 15:05:51.858244 [DEBUG] Query completed in 976.6698ms
2026/05/19 15:05:51.858244 [DEBUG] Query: predicate=repair_next_action
2026/05/19 15:05:51.858244 [DEBUG] Query: predicate=delegate_task returned 0 results
2026/05/19 15:05:51.858244 [DEBUG] evaluate: using cached programInfo
2026/05/19 15:05:51.858244 [DEBUG] evaluate: populating store with 16375 EDB facts
2026/05/19 15:05:51.861266 [DEBUG] evaluate: running fixpoint evaluation (derivedFactLimit=500000)
2026/05/19 15:05:51.861266 [DEBUG] evaluate: registered 10/10 external predicates (filtered by Decl)
2026/05/19 15:05:52.881660 [DEBUG] Query: predicate=delegate_task
2026/05/19 15:05:53.223642 [DEBUG] evaluate.fixpoint completed in 1.3623754s
2026/05/19 15:05:53.223642 [DEBUG] evaluate: fixpoint reached - strata=727, evalTime=1.3342729s, wallTime=1.3623754s
2026/05/19 15:05:53.223642 [DEBUG] evaluate completed in 1.3653977s
2026/05/19 15:05:53.223642 [DEBUG] evaluate: complete, kernel initialized
2026/05/19 15:05:53.223642 [DEBUG] Assert: fact added successfully, total facts=16375
2026/05/19 15:05:53.223642 [DEBUG] Query completed in 1.3653977s
2026/05/19 15:05:53.223642 [DEBUG] Query: predicate=repair_next_action returned 0 results
2026/05/19 15:05:53.223642 [DEBUG] Query: predicate=delegate_task
2026/05/19 15:05:53.223642 [DEBUG] Assert: system_heartbeat("perception_firewall", 1779217553).
2026/05/19 15:05:53.223642 [DEBUG] Query completed in 341.9811ms
2026/05/19 15:05:53.223642 [DEBUG] Query: predicate=delegate_task returned 0 results
2026/05/19 15:05:53.223642 [DEBUG] evaluate: using cached programInfo
2026/05/19 15:05:53.223642 [DEBUG] evaluate: populating store with 16376 EDB facts
2026/05/19 15:05:53.226156 [DEBUG] evaluate: running fixpoint evaluation (derivedFactLimit=500000)
2026/05/19 15:05:53.226156 [DEBUG] evaluate: registered 10/10 external predicates (filtered by Decl)
2026/05/19 15:05:54.614185 [DEBUG] evaluate.fixpoint completed in 1.3880288s
2026/05/19 15:05:54.614185 [DEBUG] evaluate: fixpoint reached - strata=727, evalTime=1.3553571s, wallTime=1.3880288s
2026/05/19 15:05:54.614185 [DEBUG] evaluate completed in 1.3905433s
2026/05/19 15:05:54.614185 [DEBUG] evaluate: complete, kernel initialized
2026/05/19 15:05:54.614185 [DEBUG] Assert: fact added successfully, total facts=16376
2026/05/19 15:05:54.614185 [DEBUG] Query: predicate=pending_action
2026/05/19 15:05:54.614185 [DEBUG] Query completed in 0s
2026/05/19 15:05:54.614185 [DEBUG] Query: predicate=pending_action returned 0 results
2026/05/19 15:05:54.614185 [DEBUG] Query: predicate=user_requests_appeal
2026/05/19 15:05:54.614185 [DEBUG] Query completed in 1.3905433s
2026/05/19 15:05:54.614185 [DEBUG] Query: predicate=delegate_task returned 0 results
2026/05/19 15:05:54.614185 [DEBUG] Query: predicate=user_intent
2026/05/19 15:05:54.614185 [DEBUG] evaluate: using cached programInfo
2026/05/19 15:05:54.614185 [DEBUG] evaluate: populating store with 16377 EDB facts
2026/05/19 15:05:54.617703 [DEBUG] evaluate: running fixpoint evaluation (derivedFactLimit=500000)
2026/05/19 15:05:54.617703 [DEBUG] evaluate: registered 10/10 external predicates (filtered by Decl)
2026/05/19 15:05:54.881559 [DEBUG] Query: predicate=delegate_task
2026/05/19 15:05:55.896585 [DEBUG] evaluate.fixpoint completed in 1.2788821s
2026/05/19 15:05:55.896585 [DEBUG] evaluate: fixpoint reached - strata=727, evalTime=1.2485803s, wallTime=1.2788821s
2026/05/19 15:05:55.896585 [DEBUG] evaluate completed in 1.2824002s
2026/05/19 15:05:55.896585 [DEBUG] evaluate: complete, kernel initialized
2026/05/19 15:05:55.896585 [DEBUG] Assert: fact added successfully, total facts=16377
2026/05/19 15:05:55.896585 [DEBUG] Assert: system_heartbeat("perception_firewall", 1779217555).
2026/05/19 15:05:55.896585 [DEBUG] Query completed in 1.0150256s
2026/05/19 15:05:55.896585 [DEBUG] Query completed in 1.2824002s
2026/05/19 15:05:55.896585 [DEBUG] Query: predicate=delegate_task returned 0 results
2026/05/19 15:05:55.896585 [DEBUG] Query completed in 1.2824002s
2026/05/19 15:05:55.896585 [DEBUG] Query: predicate=user_intent returned 0 results
2026/05/19 15:05:55.896585 [DEBUG] Query: predicate=user_intent
2026/05/19 15:05:55.896585 [DEBUG] Query: predicate=user_requests_appeal returned 0 results
2026/05/19 15:05:55.896585 [DEBUG] Assert: system_heartbeat("constitution_gate", 1779217555).
2026/05/19 15:05:55.896585 [DEBUG] evaluate: using cached programInfo
2026/05/19 15:05:55.896585 [DEBUG] evaluate: populating store with 16378 EDB facts
2026/05/19 15:05:55.899098 [DEBUG] evaluate: running fixpoint evaluation (derivedFactLimit=500000)
2026/05/19 15:05:55.899098 [DEBUG] evaluate: registered 10/10 external predicates (filtered by Decl)
2026/05/19 15:05:56.882086 [DEBUG] Query: predicate=delegate_task
2026/05/19 15:05:57.195384 [DEBUG] evaluate.fixpoint completed in 1.2962867s
2026/05/19 15:05:57.195384 [DEBUG] evaluate: fixpoint reached - strata=727, evalTime=1.2655903s, wallTime=1.2962867s
2026/05/19 15:05:57.195384 [DEBUG] evaluate completed in 1.2987992s
2026/05/19 15:05:57.195384 [DEBUG] evaluate: complete, kernel initialized
2026/05/19 15:05:57.195384 [DEBUG] Assert: fact added successfully, total facts=16378
2026/05/19 15:05:57.195384 [DEBUG] Assert: system_heartbeat("perception_firewall", 1779217557).
2026/05/19 15:05:57.195384 [DEBUG] Query completed in 1.2987992s
2026/05/19 15:05:57.195384 [DEBUG] Query completed in 313.2981ms
2026/05/19 15:05:57.195384 [DEBUG] Query: predicate=user_intent returned 0 results
2026/05/19 15:05:57.195384 [DEBUG] Query: predicate=delegate_task returned 0 results
2026/05/19 15:05:57.195384 [DEBUG] Query: predicate=pending_intent
2026/05/19 15:05:57.195384 [DEBUG] evaluate: using cached programInfo
2026/05/19 15:05:57.195384 [DEBUG] evaluate: populating store with 16379 EDB facts
2026/05/19 15:05:57.199662 [DEBUG] evaluate: running fixpoint evaluation (derivedFactLimit=500000)
2026/05/19 15:05:57.199662 [DEBUG] evaluate: registered 10/10 external predicates (filtered by Decl)
2026/05/19 15:05:58.489059 [DEBUG] evaluate.fixpoint completed in 1.289397s
2026/05/19 15:05:58.489059 [DEBUG] evaluate: fixpoint reached - strata=727, evalTime=1.2648662s, wallTime=1.289397s
2026/05/19 15:05:58.489059 [DEBUG] evaluate completed in 1.293675s
2026/05/19 15:05:58.489059 [DEBUG] evaluate: complete, kernel initialized
2026/05/19 15:05:58.489059 [DEBUG] Assert: fact added successfully, total facts=16379
2026/05/19 15:05:58.489059 [DEBUG] Assert: system_heartbeat("perception_firewall", 1779217558).
2026/05/19 15:05:58.489059 [DEBUG] Query completed in 1.293675s
2026/05/19 15:05:58.489059 [DEBUG] Query: predicate=pending_intent returned 0 results
2026/05/19 15:05:58.489059 [DEBUG] Retract: removing all facts with predicate=ooda_timeout
2026/05/19 15:05:58.489059 [DEBUG] evaluate: using cached programInfo
2026/05/19 15:05:58.489059 [DEBUG] evaluate: populating store with 16380 EDB facts
2026/05/19 15:05:58.492753 [DEBUG] evaluate: running fixpoint evaluation (derivedFactLimit=500000)
2026/05/19 15:05:58.492753 [DEBUG] evaluate: registered 10/10 external predicates (filtered by Decl)
2026/05/19 15:05:58.881744 [DEBUG] Query: predicate=delegate_task
2026/05/19 15:05:59.809760 [DEBUG] evaluate.fixpoint completed in 1.3170075s
2026/05/19 15:05:59.809760 [DEBUG] evaluate: fixpoint reached - strata=727, evalTime=1.291428s, wallTime=1.3170075s
2026/05/19 15:05:59.809760 [DEBUG] evaluate completed in 1.3207008s
2026/05/19 15:05:59.809760 [DEBUG] evaluate: complete, kernel initialized
2026/05/19 15:05:59.809760 [DEBUG] Assert: fact added successfully, total facts=16380
2026/05/19 15:05:59.809760 [DEBUG] Query: predicate=pending_action
2026/05/19 15:05:59.809760 [DEBUG] Query completed in 0s
2026/05/19 15:05:59.809760 [DEBUG] Query: predicate=pending_action returned 0 results
2026/05/19 15:05:59.809760 [DEBUG] Query completed in 928.0158ms
2026/05/19 15:05:59.809760 [DEBUG] Query: predicate=user_requests_appeal
2026/05/19 15:05:59.809760 [DEBUG] Query: predicate=delegate_task returned 0 results
2026/05/19 15:05:59.809760 [DEBUG] evaluate: using cached programInfo
2026/05/19 15:05:59.809760 [DEBUG] evaluate: populating store with 16381 EDB facts
2026/05/19 15:05:59.813354 [DEBUG] evaluate: running fixpoint evaluation (derivedFactLimit=500000)
2026/05/19 15:05:59.813354 [DEBUG] evaluate: registered 10/10 external predicates (filtered by Decl)
2026/05/19 15:06:00.881867 [DEBUG] Query: predicate=delegate_task
2026/05/19 15:06:01.153366 [DEBUG] evaluate.fixpoint completed in 1.3400122s
2026/05/19 15:06:01.153366 [DEBUG] evaluate: fixpoint reached - strata=727, evalTime=1.3188051s, wallTime=1.3400122s
2026/05/19 15:06:01.153366 [DEBUG] evaluate completed in 1.3436064s
2026/05/19 15:06:01.153366 [DEBUG] evaluate: complete, kernel initialized
2026/05/19 15:06:01.153366 [DEBUG] Assert: fact added successfully, total facts=16381
2026/05/19 15:06:01.153366 [DEBUG] Assert: system_heartbeat("perception_firewall", 1779217561).
2026/05/19 15:06:01.153366 [DEBUG] Query completed in 271.4992ms
2026/05/19 15:06:01.153366 [DEBUG] Query completed in 1.3436064s
2026/05/19 15:06:01.154372 [DEBUG] Query: predicate=delegate_task returned 0 results
2026/05/19 15:06:01.154372 [DEBUG] Query: predicate=user_requests_appeal returned 0 results
2026/05/19 15:06:01.154372 [DEBUG] Assert: system_heartbeat("constitution_gate", 1779217561).
2026/05/19 15:06:01.154372 [DEBUG] evaluate: using cached programInfo
2026/05/19 15:06:01.154372 [DEBUG] evaluate: populating store with 16382 EDB facts
2026/05/19 15:06:01.157467 [DEBUG] evaluate: running fixpoint evaluation (derivedFactLimit=500000)
2026/05/19 15:06:01.157467 [DEBUG] evaluate: registered 10/10 external predicates (filtered by Decl)
2026/05/19 15:06:02.459982 [DEBUG] evaluate.fixpoint completed in 1.3025147s
2026/05/19 15:06:02.459982 [DEBUG] evaluate: fixpoint reached - strata=727, evalTime=1.2758111s, wallTime=1.3025147s
2026/05/19 15:06:02.459982 [DEBUG] evaluate completed in 1.3056094s
2026/05/19 15:06:02.459982 [DEBUG] evaluate: complete, kernel initialized
2026/05/19 15:06:02.459982 [DEBUG] Assert: fact added successfully, total facts=16382
2026/05/19 15:06:02.459982 [DEBUG] Assert: system_heartbeat("perception_firewall", 1779217562).
2026/05/19 15:06:02.459982 [DEBUG] Retract: no facts found for predicate=ooda_timeout (EDB unchanged at 16382 facts)
2026/05/19 15:06:02.459982 [DEBUG] evaluate: using cached programInfo
2026/05/19 15:06:02.459982 [DEBUG] Assert: system_heartbeat("executive_policy", 1779217562).
2026/05/19 15:06:02.459982 [DEBUG] evaluate: populating store with 16383 EDB facts
2026/05/19 15:06:02.464012 [DEBUG] evaluate: running fixpoint evaluation (derivedFactLimit=500000)
2026/05/19 15:06:02.464012 [DEBUG] evaluate: registered 10/10 external predicates (filtered by Decl)
2026/05/19 15:06:02.881726 [DEBUG] Query: predicate=delegate_task
2026/05/19 15:06:03.857379 [DEBUG] evaluate.fixpoint completed in 1.393367s
2026/05/19 15:06:03.857379 [DEBUG] evaluate: fixpoint reached - strata=727, evalTime=1.3686133s, wallTime=1.393367s
2026/05/19 15:06:03.857379 [DEBUG] evaluate completed in 1.3973976s
2026/05/19 15:06:03.857379 [DEBUG] evaluate: complete, kernel initialized
2026/05/19 15:06:03.857379 [DEBUG] Assert: fact added successfully, total facts=16383
2026/05/19 15:06:03.857379 [DEBUG] Query completed in 975.6529ms
2026/05/19 15:06:03.857379 [DEBUG] Query: predicate=pending_action
2026/05/19 15:06:03.857379 [DEBUG] Query: predicate=delegate_task returned 0 results
2026/05/19 15:06:03.857379 [DEBUG] evaluate: using cached programInfo
2026/05/19 15:06:03.857379 [DEBUG] evaluate: populating store with 16384 EDB facts
2026/05/19 15:06:03.860900 [DEBUG] evaluate: running fixpoint evaluation (derivedFactLimit=500000)
2026/05/19 15:06:03.860900 [DEBUG] evaluate: registered 10/10 external predicates (filtered by Decl)
2026/05/19 15:06:04.881669 [DEBUG] Query: predicate=delegate_task
